path,sim,t_act_flare,t_act_flare_amp,t_act_flare_dur,t_act_flare_per,t_act_sigma,t_act_spot,t_act_tau,t_planet,t_planet_a,t_planet_i,t_planet_p,t_planet_r,p_B,p_C,p_F,p_H,p_R,p_S,p_T,p_teq,p_xeff
PSLS/data/trainPlanet.hdf5,run_00003,0,1409.6725014810274,0.11173783686253205,6.290331841974649,81.77347225868554,0,9.865628387553045,1,0.27747001967625307,-0.07189037657347153,53.551186646494116,0.5930320321117621,0.008254467388380204,0.32860455443104564,0.0,0.008254467388380204,0.6626791724802886,14.000225777497855,0.0,493.0052902966838,34.801148788545404
PSLS/data/trainPlanet.hdf5,run_00006,0,798.0975380477519,0.049084687800662496,19.624476066258506,16.283448544981045,0,16.65432080385085,1,0.3298908380328623,-0.2933368801218683,65.43428015792567,3.4970658534645134,0.0009772533454127652,2.6403518633046807e-254,0.0,0.0009772533454127652,5.285869360124958e-254,14.585034228730528,0.0,498.07493034084115,35.51150420410626
PSLS/data/trainPlanet.hdf5,run_00007,0,747.4601972032577,0.08070196412629209,22.373497036584688,20.512619984945392,0,15.08646442287778,1,0.5204179785471483,-0.28834631292662205,136.37730742569843,2.086262256749467,0.0013587465244875307,4.248468732358818e-10,0.0,0.0013587465244875307,8.508498357289211e-10,3.9025635593996477,0.0,358.22452539666364,8.375485052598759
PSLS/data/trainPlanet.hdf5,run_00008,0,1116.9265818776591,0.08028364480296357,10.01983936767846,33.82118839706197,0,11.207820932993394,1,2.5479386092786664,-0.1715286139329597,1441.2605740184379,0.8760760786943934,0.0030130932475951333,0.4967775674456075,0.0,0.0030130932475951333,0.9964686245861487,0.19640501820500497,8.923205374592247e-05,169.6703535131227,-1.4507830579065204
PSLS/data/trainPlanet.hdf5,run_00009,0,580.931660303665,0.07884854139107622,37.03905701626153,9.218858047274551,0,20.322475567397625,1,2.244224435246842,-0.38963828218260665,1139.0802749303564,1.357202272086039,0.00045352581990221186,0.45884644394550206,0.0,0.00045352581990221186,0.7833298732048353,0.33616799442346257,0.13477940094748866,194.0693317855819,-1.1228467141142415
PSLS/data/trainPlanet.hdf5,run_00011,0,1307.3821915395054,0.05586555612784401,7.313156765857726,63.87049697015794,0,9.201967944182128,1,1.7763821759204386,-0.15916955630672203,837.2078028818561,0.7143997114169022,0.006916927771694059,0.7950083351950029,0.0,0.006916927771694059,0.9050193840925482,0.432853878316164,0.6960719191982073,206.72983023523093,-0.8443292735774091
PSLS/data/trainPlanet.hdf5,run_00016,0,1076.4714263265782,0.07803748478463232,10.787107333597712,40.24550633059405,0,12.581187327493277,1,2.8755838555360427,-0.4988052951954871,1708.1349754515363,0.5264042747532567,0.0031937530153116622,0.2343471075252511,0.0,0.0031937530153116622,0.4701941198057718,0.1637212991845235,1.784832957533307e-06,162.12280728474235,-1.538014661187825
PSLS/data/trainPlanet.hdf5,run_00017,0,972.0600794375323,0.08446440787980079,13.228901939738245,24.40710127992825,0,10.492527202307283,1,0.30530018267708425,0.4946613741510266,58.303684625823536,1.531453337426801,0.0023234379691681184,0.15075774340610032,0.0,0.0023234379691681184,0.3022176708235456,16.519500918841835,0.0,513.8271526069202,40.18903990998719
PSLS/data/trainPlanet.hdf5,run_00021,0,694.7853033119096,0.05240004707015017,25.894573743630616,8.495784468374309,0,19.42971634916094,1,0.4251443428680559,-0.41862047640141087,100.68282139554833,0.9815761934900255,0.00043716167363039293,0.49978055541241895,0.0,0.00043716167363039293,0.9999982717429405,6.328753427744341,0.0,404.24751941626846,14.618071009692223
PSLS/data/trainPlanet.hdf5,run_00023,0,826.7903688530481,0.10589535763610683,18.286020196077043,10.230324006558034,0,17.032906177820752,1,2.2163291972124837,0.009157826249620138,1161.5019357986855,1.2596855308604236,0.0006004408314240761,0.4752247677319722,0.0,0.0006004408314240761,0.9340592792766274,0.26869903316952964,0.016961287767294306,183.4992720233155,-1.2639220390421784
PSLS/data/trainPlanet.hdf5,run_00026,0,620.6149839943567,0.10874245741494955,32.45379579926089,12.311320118135999,0,24.397470695738726,1,0.3436397066706823,-0.06548871827012603,71.16365570805205,1.814245229955996,0.0005044873117406867,0.0006843143271880495,0.0,0.0005044873117406867,0.001369319458668717,9.878414046666999,0.0,451.84515107470537,23.810888906398194
PSLS/data/trainPlanet.hdf5,run_00029,0,852.3383261601629,0.06246331950158336,17.206240080336997,25.370696526192543,0,15.58546001404926,1,0.49608325669393843,-0.46114658552995624,119.59209385737708,2.5495461389214022,0.0016265197136587917,1.3836536088644012e-38,0.0,0.0016265197136587917,2.771815630494429e-38,6.079032082027412,0.0,400.19939574469515,13.607703175036397
PSLS/data/trainPlanet.hdf5,run_00030,0,948.8473388615186,0.03020481576373675,13.884086962258598,31.848472591968306,0,12.672586852316167,1,1.2965148532724997,0.01888323060169783,529.022652226335,2.957637807216638,0.0025100230931359713,0.49864842771750534,0.0,0.0025100230931359713,2.1065589297486156e-96,0.6551813732638102,0.9998063925690239,229.30219139637182,-0.24052525171823402
PSLS/data/trainPlanet.hdf5,run_00031,0,739.4166427718106,0.10616838768599343,22.86291333698892,18.24132423761581,0,18.52522700559089,1,2.676383454053217,-0.15435845139495707,1490.9559472069984,2.8519061790616607,0.0009841901690581523,0.00028896526938651686,0.0,0.0009841901690581523,2.3897428521056144e-77,0.22182647042458473,0.0005784998926802108,174.91262680025142,-1.3976828693043022
PSLS/data/trainPlanet.hdf5,run_00035,0,839.6693048185932,0.08385598502112072,17.729376323107076,22.130204989959616,0,15.612747650095788,1,1.0300961848380288,-0.39378301340122357,368.13578478446993,0.41838159250956325,0.0014164405089708287,0.10142401850268454,0.0,0.0014164405089708287,0.17969396111060892,1.2503046952967976,0.023441805623583317,269.50807698499494,1.2466205424846288
PSLS/data/trainPlanet.hdf5,run_00039,0,917.5398985053489,0.09090483545577766,14.847731194886771,35.7605139635188,0,13.8376742428673,1,0.7746311564632142,-0.49063071832852345,231.57140336568753,1.6986166597856664,0.0025809500505576954,0.013997918970847949,0.0,0.0025809500505576954,0.028068280772374426,2.595266438175915,0.0,323.4918229974927,4.671513666850878
PSLS/data/trainPlanet.hdf5,run_00042,0,1038.1784863813664,0.059815828226803855,11.597542242179717,32.271598322451204,0,10.847183858163433,1,0.8913266473808381,0.21106926173266394,301.5507008608017,2.9921627285287755,0.002970691793302449,6.153054597602232e-09,0.0,0.002970691793302449,2.474653479123845e-103,1.3628795481424112,1.2342775777914487e-08,275.37986857027215,1.6220059101891193
PSLS/data/trainPlanet.hdf5,run_00043,0,1280.0600299107532,0.04202632935654933,7.628678969287158,54.1032555201407,0,8.565497305948501,1,0.8126415105949771,0.4645237444613547,245.56438867927514,2.9362198622253377,0.006296510688992951,1.3761240844645282e-92,0.0,0.006296510688992951,2.769687536105314e-92,2.773598171152312,0.0,328.9112326219894,5.067563984928497
PSLS/data/trainPlanet.hdf5,run_00047,0,872.1084893575119,0.03278461515622938,16.434972619549704,24.394381282156203,0,11.732627049403755,1,2.5938949324938196,-0.46377400527075774,1432.9888610410533,2.6107302761799525,0.002077031720914002,0.000204482968961833,0.0,0.002077031720914002,1.4134374254210992e-44,0.22012751677733391,0.00040981714112555805,174.5767496444568,-1.4082526369132042
PSLS/data/trainPlanet.hdf5,run_00055,0,796.9087350307497,0.09473969092506264,19.683070072151086,19.959009331139544,0,18.40644036910373,1,0.2724265161354598,0.09168782245032725,50.80477359785059,2.4159095120926435,0.0010837615298375791,3.278007051577097e-27,0.0,0.0010837615298375791,6.563126967677202e-27,16.050761698555146,0.0,510.1427646715748,39.69677214918386
PSLS/data/trainPlanet.hdf5,run_00057,0,1038.923198995137,0.053283576207033015,11.58092168637538,37.20383373641597,0,10.730029252174006,1,2.0098524341318207,-0.2813630226001329,954.6713248776183,0.8117318145652557,0.0034612590146684274,0.8361072575467304,0.0,0.0034612590146684274,0.9813313348533083,0.45370288553877564,0.6966912510424013,209.17544668043894,-0.8439834852605228
PSLS/data/trainPlanet.hdf5,run_00059,0,956.3929211983944,0.0624562260103764,13.66587069039206,28.950887959951576,0,14.08732249202389,1,1.0135721958439499,-0.1341771616401667,350.0485721494909,2.5118431362315867,0.002052991959778816,1.984460219497254e-18,0.0,0.002052991959778816,9.264507927631063e-35,1.5075484162245811,3.9770853632686525e-18,282.41361951435033,1.8498192704984742
PSLS/data/trainPlanet.hdf5,run_00060,0,1279.6263500176997,0.06867542877746892,7.633850737291844,49.73713279096992,0,9.080290274482206,1,1.066351166806533,0.34511793319504025,377.1194218570256,0.4217351263737631,0.005462508633367835,0.09293631226378768,0.0,0.005462508633367835,0.18688669953832168,1.3735712263565816,6.832521651896477e-06,275.91837007939847,1.5108460280080034
PSLS/data/trainPlanet.hdf5,run_00061,0,692.5710309069648,0.03597905929437675,26.06041752518428,16.069041392446607,0,20.606131322043815,1,1.778307829134373,0.33508472103064946,803.8966958707559,0.7932469723708317,0.0007795144708270252,0.9398026331232324,0.0,0.0007795144708270252,0.9729628755357056,0.5158630811582431,0.9081087132348675,215.99884638759957,-0.677131289120547
PSLS/data/trainPlanet.hdf5,run_00062,0,820.0841973602811,0.08491366093556775,18.586307856367444,21.926967118383878,0,15.666440005370678,1,0.3956711543857157,-0.21205150833228648,84.30656529568455,0.7722352154794766,0.001398634892374906,0.4795463023207869,0.0,0.001398634892374906,0.96043590380853,10.790465346701248,0.0,461.9318027914427,25.318313887355973
PSLS/data/trainPlanet.hdf5,run_00063,0,964.8510126976889,0.06787690354350065,13.427324941584416,28.12274769748391,0,11.671887771054655,1,2.4798424255086604,-0.13213531143748414,1352.5053582204491,0.9418271707687634,0.002406542571749548,0.49911590102355796,0.0,0.002406542571749548,0.9998282349884786,0.22388766185473272,0.0008116495397450375,175.31753668742212,-1.386895752628175
PSLS/data/trainPlanet.hdf5,run_00074,0,845.4655317330796,0.09127051054196085,17.48711634101181,28.695884638357693,0,15.424145688006742,1,0.3720269447088806,0.1915086636243558,77.59168531686963,0.4390439059751684,0.0018587225577915145,0.1130096363396006,0.0,0.0018587225577915145,0.22644016211651713,11.212282710328099,0.0,466.3815158391603,26.616335395478433
PSLS/data/trainPlanet.hdf5,run_00075,0,802.4611393735593,0.0819215511209813,19.411629466881845,22.144465701954847,0,17.505123674798092,1,1.0562618052988397,-0.09778076926407053,395.53611596672454,2.09163752403989,0.0012642278533212536,0.4812600575128892,0.0,0.0012642278533212536,5.610283746546615e-10,0.948891502478855,0.9637384995198703,251.54863156359374,0.5770856123232508
PSLS/data/trainPlanet.hdf5,run_00077,0,812.9962954605631,0.0581274037175996,18.91180057840149,23.534787314997555,0,15.603087431924074,1,0.9340297684742255,0.32353990343225303,317.5979813932442,0.9947240926148552,0.0015072047175114234,0.4992463918390155,0.0,0.0015072047175114234,0.9999999883780257,1.5433328819749401,2.3690871102136057e-29,284.07480814629434,2.0098389421722263
PSLS/data/trainPlanet.hdf5,run_00080,0,1089.6772667456153,0.029567458037029717,10.527232916134956,43.02269267710721,0,11.644720346109413,1,0.3604246965534431,0.4319276880511461,74.16165342842531,3.5769444185489774,0.0036877926791436533,2.652932336927867e-288,0.0,0.0036877926791436533,5.325504028625248e-288,12.252159703539235,0.0,476.8381364142886,29.23996803116689
PSLS/data/trainPlanet.hdf5,run_00082,0,853.3440743439198,0.07999462769399021,17.16570555894018,25.540436762146207,0,14.383990136300689,1,0.629004090986413,-0.050565363196691804,171.56369746989887,1.5770294516681334,0.0017740400915576826,0.0946198430315463,0.0,0.0017740400915576826,0.1895760014901333,3.886362385762488,0.0,357.85216024360415,7.898977285200817
PSLS/data/trainPlanet.hdf5,run_00086,0,988.9610312015585,0.02493669821681181,12.780612126511405,34.248844450233406,0,14.697573013642256,1,0.5131604425527915,-0.013469079163321185,124.74532309410539,1.2691088894461973,0.002327525191728741,0.46109721329084014,0.0,0.002327525191728741,0.9243458648680309,6.438823313242423,0.0,405.99384229246243,14.459661956132798
PSLS/data/trainPlanet.hdf5,run_00088,0,839.2752486652323,0.04039813937767177,17.746028809797615,25.48058372859544,0,15.708249113548941,1,1.31068350157033,-0.11478363051678708,514.2012367793537,2.2260008554827935,0.0016207999057100686,0.4991192502046035,0.0,0.0016207999057100686,1.9157704790196793e-15,0.8550737167679829,0.9998590718986619,245.08611580514298,0.22812420456122467
PSLS/data/trainPlanet.hdf5,run_00090,0,997.3326947328254,0.05582277118654598,12.566950378084591,35.83543025329414,0,13.83715235910314,1,0.7473751330377634,-0.41756056597180535,218.5812394167316,1.2429594676500573,0.0025864474201889864,0.4733104053338318,0.0,0.0025864474201889864,0.9490755446617183,3.0441334591877793,0.0,336.653971249833,5.719536610077724
PSLS/data/trainPlanet.hdf5,run_00091,0,804.6080543491206,0.06577231644066961,19.30817656840581,30.271498886358515,0,18.394052775061052,1,1.8204130994978114,-0.27167096521087153,907.3639363528564,3.1785266715009994,0.0016443686270800617,0.0417577558712353,0.0,0.0016443686270800617,1.85027772658751e-147,0.2954845819972508,0.08365306822341617,187.91070673587032,-1.1635187300255863
PSLS/data/trainPlanet.hdf5,run_00093,0,922.4790810954211,0.08703799464430576,14.6891599530166,24.01533655305514,0,11.319015377941225,1,0.9414651967711052,0.16497354417454724,319.1508870192098,1.309291719205569,0.002119431533749383,0.43494516330416333,0.0,0.002119431533749383,0.871737913050725,1.380009320348187,2.384740506101067e-09,276.24111901498406,1.645540754687415
PSLS/data/trainPlanet.hdf5,run_00105,0,790.4457092782089,0.07927031570186996,20.006260540982833,17.689888800439068,0,14.179523083866979,1,0.4786373438645026,-0.06508786790218957,111.3795667801074,0.40525210153877483,0.0012467879654811664,0.07644253121575328,0.0,0.0012467879654811664,0.1530759156409327,7.742440256527272,0.0,425.1452051849593,17.761360131177597
PSLS/data/trainPlanet.hdf5,run_00107,0,889.4921872878127,0.0265811671274139,15.798859512324235,22.83289088451298,0,14.777095415660016,1,2.382163346567521,0.11142832747533271,1318.3824108843598,0.6177460416409057,0.0015439610529901504,0.3624635232119947,0.0,0.0015439610529901504,0.725962123070401,0.18566825177433308,8.591324425819283e-05,167.3024233766407,-1.4517642811514608
PSLS/data/trainPlanet.hdf5,run_00109,0,1015.0562190236428,0.07820776660805563,12.13192788955825,23.576892464173213,0,12.955553342182295,1,0.7400417641770943,0.48742250945667176,231.68322970951678,0.7691732187857699,0.0018181741754018654,0.47828428312130505,0.0,0.0018181741754018654,0.958310942450178,1.9159536820575567,0.0,299.85691681700484,3.0586581518549574
PSLS/data/trainPlanet.hdf5,run_00112,0,657.9111157036051,0.07673278629878987,28.87856206827691,11.047930130414853,0,21.56752960243714,1,0.2596243928114983,-0.08378978600792353,49.530468976103904,0.6598500712341542,0.0005121171119484291,0.4088268219595686,0.0,0.0005121171119484291,0.8180725928927736,12.262090130257523,0.0,476.93472688793975,30.895466647314148
PSLS/data/trainPlanet.hdf5,run_00115,0,1043.208298319265,0.08240380874499963,11.485977122144869,31.407638172677373,0,13.607641789140178,1,1.4651517753229975,-0.3892027008927864,620.5541236152782,3.3314510829004167,0.0023054266660245126,0.49837229393213633,0.0,0.0023054266660245126,3.3276001040917256e-193,0.6346012867257337,0.9990478193476303,227.4799147415503,-0.3136806286689276
PSLS/data/trainPlanet.hdf5,run_00117,0,994.034085016832,0.07272582283972434,12.650493276619057,33.92198515487018,0,12.741407976095074,1,0.6240690364204851,0.2427474004822593,170.1086064202657,0.87108556026418,0.0026588010762226277,0.49660896345523226,0.0,0.0026588010762226277,0.9958657358005844,3.958826031442402,0.0,359.508716071203,8.136230556392647
PSLS/data/trainPlanet.hdf5,run_00118,0,710.7973542160299,0.042528777874877244,24.741066002407337,18.06422389742319,0,15.033832990978603,1,0.4070344657531713,0.3467661137554605,94.863694341703,0.6542922196581553,0.0012008498116375943,0.40308725508444404,0.0,0.0012008498116375943,0.8071437686113895,6.031094887121457,0.0,399.4080925691055,14.06012586913234
PSLS/data/trainPlanet.hdf5,run_00119,0,777.4267517348147,0.09952680447692672,20.681929397021605,20.80989101231312,0,16.225885145236642,1,0.4060396534294913,-0.2602746171517347,87.01441312670147,2.922116572736132,0.0012816898469681925,6.01775930424224e-90,0.0,0.0012816898469681925,1.2050964206954711e-89,10.799197964212633,0.0,462.0252336580175,25.395507324415867
PSLS/data/trainPlanet.hdf5,run_00120,0,921.7573021334991,0.09563758257912573,14.712173554657689,34.27252208705607,0,15.794102093171901,1,2.8693191666021924,-0.2885091066676365,1630.4038775758866,1.425549645711021,0.002167604325831296,0.305174659410122,0.0,0.002167604325831296,0.6114528645041899,0.22188251793557515,0.00022232410087820296,174.92367427423855,-1.42608198416132
PSLS/data/trainPlanet.hdf5,run_00125,0,1141.575553600358,0.08087463996149633,9.591812775494338,39.301680235810274,0,12.133096590467575,1,0.8913894083503968,0.34612763326264473,286.19524040603744,0.7926215915869027,0.0032339720833906016,0.4847466569842157,0.0,0.0032339720833906016,0.9726388006971084,2.0415958657455024,0.0,304.6563706920175,3.2001555840290843
PSLS/data/trainPlanet.hdf5,run_00129,0,902.6421595886542,0.10592193879595742,15.341887175822698,27.512601746359774,0,13.048050602677755,1,0.5209740907498178,0.035725778550066645,133.0695985751336,1.4604606763149857,0.002106338867721269,0.25421660277433383,0.0,0.002106338867721269,0.5095063986795592,4.379466995143413,0.0,368.69999706950824,9.631341303913842
PSLS/data/trainPlanet.hdf5,run_00132,0,1323.6718835041909,0.059575396095477906,7.134266445760008,58.25237938206856,0,11.076915292397628,1,2.4535952793199276,-0.0059492859191340175,1373.393449051895,3.148727638023841,0.005245095255231869,6.145450221486874e-06,0.0,0.005245095255231869,1.3563178492989554e-139,0.17345587766146348,1.2355707304732835e-05,164.48074897618883,-1.498035112318231
PSLS/data/trainPlanet.hdf5,run_00133,0,1299.3978192092484,0.05982610601186687,7.403306775819063,59.03583122463605,0,10.747869998912655,1,0.481676475202157,0.4067881858065089,112.90912241811695,0.8160809680008833,0.005477735762140057,0.4887993691617911,0.0,0.005477735762140057,0.9829832608853188,7.298778299432083,0.0,418.91929381432607,16.431186410841917
PSLS/data/trainPlanet.hdf5,run_00138,0,649.4853823122774,0.11386403443534962,29.632701819099644,11.233732941470235,0,17.293147703786474,1,1.5361783150432453,-0.13927228460090524,687.8444127762654,0.5707031626753731,0.0006493950767947343,0.6417471723492055,0.0,0.0006493950767947343,0.6008115299731487,0.417781404458651,0.6835168512530184,204.90619845830716,-0.8512553710880639
PSLS/data/trainPlanet.hdf5,run_00148,0,600.254819340839,0.0702755933288385,34.69274802077867,12.015907157574489,0,22.660680550542345,1,0.3148238537832407,-0.3339807009621346,61.01205798764697,1.3364875139560215,0.0005301130279318222,0.41231319876527045,0.0,0.0005301130279318222,0.8250637745863237,15.556753307458033,0.0,506.17135128178137,38.15700693917901
PSLS/data/trainPlanet.hdf5,run_00152,0,1209.5631765976066,0.04470168451111826,8.54383591735532,58.169375899757036,0,12.37548586642236,1,0.5735604048293911,-0.2991478011244677,159.952322307222,2.2214231947790726,0.0046893416260639365,1.5770887481283918e-15,0.0,0.0046893416260639365,3.169038198997931e-15,2.912971191685054,0.0,332.9675167041851,5.795409427048784
PSLS/data/trainPlanet.hdf5,run_00156,0,796.4168530436333,0.08708622851630515,19.70739084687376,24.34142765570507,0,16.75682983798237,1,1.0483511163361352,0.3098632943625722,364.1353878707066,0.8317148138685588,0.0014515726982843313,0.49330380266839124,0.0,0.0014515726982843313,0.988041819867265,1.5735258866353348,1.4341590473307746e-27,285.454104954934,1.98842344816333
PSLS/data/trainPlanet.hdf5,run_00158,0,1200.6091360884584,0.11173130715689203,8.67174952844755,43.85421536876734,0,10.584910978547473,1,0.3454499405289441,-0.26750285554391307,71.06782676849816,0.6889359018201335,0.004134517036234797,0.432691503906158,0.0,0.004134517036234797,0.8689758030742021,11.946481693808988,0.0,473.835750979156,28.810073267448715
PSLS/data/trainPlanet.hdf5,run_00160,0,1039.4277412586314,0.051434082304616865,11.569681566286164,42.683319627974655,0,12.647895323233108,1,0.8578050607177007,-0.1995751708682314,284.9286709630653,2.1345853965486103,0.0033690489209321495,7.988451183387627e-12,0.0,0.0033690489209321495,1.6030911291162303e-11,1.5058998088633966,4.75766930690479e-32,282.33637817644103,2.0402290583957083
PSLS/data/trainPlanet.hdf5,run_00164,0,738.5141384716541,0.0486781973453527,22.918826919095267,18.48816757113263,0,15.034112496354552,1,0.9458669365407499,0.2458540774904142,327.41632931013197,0.5859017124931528,0.0012289920234312968,0.3217102868303937,0.0,0.0012289920234312968,0.6433493188887831,1.2709014285901918,0.0008629865567932201,270.61121219331653,1.3848964852389452
PSLS/data/trainPlanet.hdf5,run_00169,0,836.9263696187479,0.047530781409688805,17.845778966863353,25.686627319083172,0,13.428790814689759,1,1.0558972227069081,-0.03477849221969809,398.7833634736435,2.001650084539002,0.0019109744581212729,0.4987938047286017,0.0,0.0019109744581212729,2.7699942900112136e-07,0.8324713822530496,0.9994973468879762,243.45020686475826,0.28198732737280247
PSLS/data/trainPlanet.hdf5,run_00170,0,941.8709782231837,0.0324452762151971,14.090525250556171,28.663713362605407,0,13.665499938394804,1,0.3140424156440933,0.34645340180907946,64.43474691407182,0.6144718656773336,0.002095325680455229,0.3582169327036083,0.0,0.002095325680455229,0.7179381797121468,9.320208219916482,0.0,445.3220744155462,22.703862504472394
PSLS/data/trainPlanet.hdf5,run_00171,0,1382.050965594411,0.07729359776536233,6.544280346970977,48.600560136571325,0,8.152357228136228,1,0.4426628088093231,-0.13456253467243884,102.32548948021473,2.793415089780869,0.005943799966899643,2.0223417479340546e-68,0.0,0.005943799966899643,4.06886803355125e-68,6.643870095414891,0.0,409.18820148917746,15.448065245936204
PSLS/data/trainPlanet.hdf5,run_00176,0,839.8504937006513,0.05071745365871777,17.7217272965657,29.51222324105753,0,13.390681068996212,1,2.568990025894863,-0.41548804209596524,1457.9119747231325,0.513777707308275,0.0022015105446151484,0.21583309644242937,0.0,0.0022015105446151484,0.4324189614990127,0.20733957008050607,0.00019964581163716866,171.98412775314227,-1.4291061175377855
PSLS/data/trainPlanet.hdf5,run_00181,0,884.261176668743,0.0608740723281032,15.986334552523163,30.62684513811824,0,16.914249307417997,1,0.776003657655736,-0.20065893620877928,229.85699412359193,1.3066063510145727,0.001809074296022506,0.437132504590306,0.0,0.001809074296022506,0.87584948597287,2.9126906370109777,0.0,332.95949920580745,5.379189610401656
PSLS/data/trainPlanet.hdf5,run_00182,0,1025.7034857493948,0.08071571342218388,11.881365338771356,38.084680426775364,0,13.13559442645195,1,0.4546681875360106,-0.16100658960704572,112.73159368116498,0.4560745963001521,0.002895150543638314,0.1341230163175477,0.0,0.002895150543638314,0.2690249002212231,4.464899863201395,0.0,370.48510350118187,9.949006369028925
PSLS/data/trainPlanet.hdf5,run_00184,0,1499.994130547755,0.0897359232960178,5.555599033234781,63.49910162175772,0,9.141017799891772,1,1.4525988729084327,-0.38852317998625585,601.4976932325546,0.6404367283559177,0.006922539810626849,0.8829599517875636,0.0,0.006922539810626849,0.7782386428125011,0.7278159413348273,0.999991127137547,235.40908031214497,-0.14388348422579192
PSLS/data/trainPlanet.hdf5,run_00187,0,982.9746146054327,0.04254707849853545,12.93675663828094,28.30822757258749,0,11.299082814446786,1,1.267921271135813,0.24202316076776031,537.431597401818,3.1778048256365037,0.0025022204488056587,0.48989756678395785,0.0,0.0025022204488056587,2.894792753644485e-147,0.5354816506319278,0.982252946977743,218.023831759613,-0.5114872303898116
PSLS/data/trainPlanet.hdf5,run_00188,0,1163.1727927814138,0.02839590291190897,9.238927146355419,41.674369984982306,0,9.961057309833814,1,1.8743486435252503,-0.2256181642713938,947.3542959574637,1.7514098954237947,0.004174989962675069,0.014637807967757249,0.0,0.004174989962675069,0.008380208478253026,0.2581430192182845,0.021018145289159587,181.66987443856962,-1.252590066657867
PSLS/data/trainPlanet.hdf5,run_00191,0,733.0714251969689,0.05340738361915395,23.260413481051792,17.007606876653803,0,16.167005529904426,1,1.4568923550023787,0.04137455040504323,607.8671514279466,0.7720863759851262,0.001051441717133672,0.9791248079207638,0.0,0.001051441717133672,0.9603344658968622,0.7104308776846726,0.9999763024650675,233.9905277734696,-0.16947984299676833
PSLS/data/trainPlanet.hdf5,run_00193,0,796.4970676194724,0.08615356343907041,19.703421615949033,19.673113377198263,0,16.693403418188385,1,0.9162023602642436,0.26743775111128,310.1521806936438,2.1181676194048724,0.0011778020989464677,3.272005389963576e-11,0.0,0.0011778020989464677,6.551727417761173e-11,1.4917818481687666,4.7089831424394995e-21,281.6723060250843,1.8983739049587505
PSLS/data/trainPlanet.hdf5,run_00195,0,890.1116162102763,0.09909806190282783,15.776878301852392,28.717340812774996,0,13.709403032081616,1,1.964071505143611,-0.10747765198958947,955.3979225252866,2.742762595687975,0.0020925261561453024,0.16820069062362003,0.0,0.0020925261561453024,8.060513524828905e-61,0.3806250685299204,0.33710678601438926,200.1899019061258,-1.014055973471604
PSLS/data/trainPlanet.hdf5,run_00197,0,1011.1772338223922,0.11151469220966924,12.225185193947883,30.266122947622684,0,12.530621516945976,1,0.5376173892066447,0.07953577475003215,142.40090516150943,1.4119108424128746,0.0024124581795180733,0.3238794351295192,0.0,0.0024124581795180733,0.6493253404878667,3.8584330932641255,0.0,357.20749533634296,8.160520831953493
PSLS/data/trainPlanet.hdf5,run_00207,0,924.2564747231188,0.1199103290538602,14.632718226978584,35.79832774198258,0,13.085218242372148,1,0.7864685723659263,-0.34545968508594216,245.95776317836467,1.8215066238300714,0.002732044927544419,0.0005379800130566271,0.0,0.002732044927544419,0.0010789076502865085,2.21700878056437,0.0,310.9994872595007,3.7679040183285557
PSLS/data/trainPlanet.hdf5,run_00213,0,847.790966592693,0.053891977413581954,17.391315888735424,18.51360585055029,0,17.827533291942736,1,1.7301218541229753,0.08275375245695915,804.3074650173099,0.40703683275133923,0.0010379448369978173,0.45404899568000384,0.0,0.0010379448369978173,0.15654770492226217,0.4400631177704792,0.7524938213966047,207.58528400384435,-0.8109213204433534
PSLS/data/trainPlanet.hdf5,run_00215,0,657.4349329462559,0.1173992225203334,28.92041093498051,14.826853733376499,0,20.348028788091288,1,0.7459139086707121,-0.152044774518591,232.37215907787802,0.7942904215721117,0.0007283974929659376,0.4863941147481982,0.0,0.0007283974929659376,0.9734973225055185,2.0558270236070726,0.0,305.18589830924753,3.422111173033153
PSLS/data/trainPlanet.hdf5,run_00216,0,1008.9359398483693,0.029485342810946995,12.279560634163674,37.382481463938554,0,11.350337434255731,1,1.0022503496304576,-0.16937631445556856,368.80084162657585,0.5462066773253808,0.0032880951220062293,0.7590561628369046,0.0,0.0032880951220062293,0.52935422247218,0.8856600672129554,0.9937662682574251,247.24902382582982,0.42922421267303
PSLS/data/trainPlanet.hdf5,run_00217,0,1028.5474720668574,0.055833318031035015,11.815751013277595,30.336666905854802,0,11.389494754547336,1,1.7251910446939371,0.3120527350828435,780.3900808567982,2.087319020360649,0.002660021498236409,0.4472031769844541,0.0,0.002660021498236409,7.843430119165309e-10,0.49702691264830323,0.8967918387571886,213.99951842294462,-0.6910756418092466
PSLS/data/trainPlanet.hdf5,run_00219,0,922.3799027628761,0.09363825549644765,14.692319008649791,28.649403377093567,0,13.007949924592058,1,1.8532983448222518,0.26434189561110666,890.8729871909686,2.941499469238733,0.0022000297667639224,0.2728896851839072,0.0,0.0022000297667639224,2.7524329336256893e-93,0.40172012475654384,0.5469827486968538,202.90778824088443,-0.919235486566559
PSLS/data/trainPlanet.hdf5,run_00224,0,831.8231592917932,0.06117366040623573,18.065417289523086,23.8209007997246,0,14.914825121744352,1,0.9490902749122553,-0.2463290300304697,318.1669125186101,0.8702257306600266,0.0015958543396888958,0.49708274330089786,0.0,0.0015958543396888958,0.9957545658469676,1.733751095139094,2.9492821505617922e-92,292.45867416204254,2.4394771217779887
PSLS/data/trainPlanet.hdf5,run_00226,0,1240.5770321778264,0.026473769628594716,8.121991676833256,54.601268672444476,0,10.873587667135906,1,1.2850098446002678,0.4157715041394935,500.2026194461806,0.6957246607829521,0.005008872003722464,0.9247748994850225,0.0,0.005008872003722464,0.879347154038042,0.9768307398166374,0.9795134397188949,253.3801851786021,0.5239936397195928
PSLS/data/trainPlanet.hdf5,run_00230,0,919.6412422074997,0.10864006415106604,14.779955763742413,28.56702694730844,0,12.494727745719405,1,0.6240115849989001,0.06065225760832216,173.55080671962017,2.152752702908765,0.0022837148297010224,1.5658041090920227e-12,0.0,0.0022837148297010224,3.1387762881403856e-12,3.3539168093602294,0.0,344.91008353189727,6.714896157046962
PSLS/data/trainPlanet.hdf5,run_00233,0,1201.635015065918,0.05942795443081832,8.656949080824946,39.18338257878991,0,10.075939714943635,1,0.5761722248108797,0.3005556402287045,153.3462588097484,1.543028984271628,0.003881255153169727,0.13515224032961076,0.0,0.003881255153169727,0.2713576890883479,3.9627820435992036,0.0,359.5984957304179,8.37922240630338
PSLS/data/trainPlanet.hdf5,run_00247,0,774.5169220728828,0.10500065552420246,20.837623710548982,19.191306115602167,0,15.457307471056204,1,2.161083577643594,-0.4212153298975859,1193.0911187067136,1.068048691375697,0.0012407980768910365,0.49927431014125295,0.0,0.0012407980768910365,0.9996784114859524,0.18694780131378025,0.00011074525953977826,167.58992637565723,-1.4451271019685334
PSLS/data/trainPlanet.hdf5,run_00252,0,1186.4384778695585,0.11682948395093187,8.880134974845832,40.33813582508846,0,10.845593521114877,1,2.228256310587468,-0.46698592390949656,1162.2647579431589,1.7977229426046315,0.0037124029795656543,0.011035250464736825,0.0,0.0037124029795656543,0.002301148607930869,0.2799303542775549,0.019851592222607618,185.38744461748243,-1.255657640835425
PSLS/data/trainPlanet.hdf5,run_00253,0,857.8467976426216,0.10847469416380623,16.985977491484764,20.986723869018746,0,15.320962348288653,1,1.3493734221814595,-0.45857155917164627,568.8098551950839,0.8632803468840674,0.0013688667916712527,0.9953996407908234,0.0,0.0013688667916712527,0.9947726993864228,0.6139284537770012,0.9987554566863338,225.60424142575928,-0.3280047005732316
PSLS/data/trainPlanet.hdf5,run_00257,0,927.1682450320434,0.10066132379037494,14.540954491724355,40.300331508327346,0,13.226344829027829,1,1.6470962469866761,0.22304772338239154,773.2625822032954,1.3424169189677733,0.003042336889302666,0.6457347147218125,0.0,0.003042336889302666,0.8136612629657098,0.37715426934955737,0.48174924164287614,199.73196596038065,-0.9489718794430226
PSLS/data/trainPlanet.hdf5,run_00267,0,895.810313996786,0.09386753368199677,15.57678753210232,25.919408205736897,0,12.50909765652508,1,0.37381376483987255,-0.22508382265725768,77.5251486891025,1.8027466414310536,0.0020698993939581856,0.0009838554402453919,0.0,0.0020698993939581856,0.00197179229216134,12.464732532658235,0.0,478.8930790678537,29.965800714260602
PSLS/data/trainPlanet.hdf5,run_00274,0,855.7791311508639,0.05475010317154702,17.068157025712125,20.63862441663033,0,15.463483453509815,1,1.2480872315160592,-0.0426313470450036,496.87710443259124,3.1897668525160388,0.0013337782358644468,0.49933242482266654,0.0,0.0013337782358644468,1.6422112217424856e-150,0.807361643876639,0.9999986260486511,241.59327884975303,0.10543754262993865
PSLS/data/trainPlanet.hdf5,run_00277,0,967.2491301940433,0.03555047986649679,13.360826281655292,34.23814724353205,0,11.730839806049802,1,2.2188568584750845,-0.2740846081204168,1142.1805786245006,0.839912483520006,0.002914389071743795,0.5452581570002439,0.0,0.002914389071743795,0.9901964455365437,0.320901518107918,0.1035073468441831,191.82745395812202,-1.1462449568460975
PSLS/data/trainPlanet.hdf5,run_00280,0,987.1638453252637,0.10342507382012411,12.827190096314629,28.621989313082864,0,15.468334860418558,1,1.5135078559158677,0.4110909498928803,625.4338876110357,0.5004768092607649,0.0018486492181079006,0.6952151218077971,0.0,0.0018486492181079006,0.3930065334870412,0.7377483076301666,0.9999988885127531,236.20814836825463,-0.1017772676731844
PSLS/data/trainPlanet.hdf5,run_00284,0,954.0517305367642,0.064894938866139,13.733023579655878,27.800769818722756,0,13.980324155818433,1,0.8265433090126201,0.1011031698952175,257.00200421423904,1.146301482793694,0.0019865881518240647,0.4955892638610055,0.0,0.0019865881518240647,0.9931515107462257,2.4234589417331063,0.0,317.99971905557896,4.19819270801171
PSLS/data/trainPlanet.hdf5,run_00292,0,1032.040264167136,0.0485955261187217,11.735908923587289,27.986939480780627,0,11.618113378847871,1,1.0932305216372684,-0.3756584279102477,413.84718820047203,1.6322173528582435,0.0024060066097874033,0.5238134245253843,0.0,0.0024060066097874033,0.09104633410548185,0.9738851349880389,0.9591071912686282,253.18895364357564,0.588997751800849
PSLS/data/trainPlanet.hdf5,run_00295,0,956.0828780314405,0.03201822288806412,13.67473539642204,29.801707915287384,0,11.555383463905837,1,1.344598385172161,-0.006884053029376114,576.1822862743697,2.083210449545966,0.002575709515793889,0.49057329254343723,0.0,0.002575709515793889,1.0748625530934817e-09,0.5414997243881035,0.9836802586173999,218.63383852693553,-0.5043285634931062
PSLS/data/trainPlanet.hdf5,run_00296,0,1261.582647839483,0.07692703658868286,7.853777602916307,60.44074700559123,0,9.245474881366146,1,0.5672407704567695,-0.45670428960839593,143.35509019654566,1.9103648387529515,0.00651601101521726,1.666108994179594e-05,0.0,0.00651601101521726,3.354073166055047e-05,5.448465447352182,0.0,389.3914129263638,11.747857059130542
PSLS/data/trainPlanet.hdf5,run_00304,0,1175.6176490857915,0.029886750865947446,9.044359536243197,41.987986646504794,0,11.261185812134435,1,1.450143101065317,-0.051165471326702905,599.7435592451978,1.1793336902163545,0.0037216157531174687,0.9886096280877404,0.0,0.0037216157531174687,0.9846051941298353,0.7738602866605189,0.9999999999998375,239.0470891432723,-0.007386868931205099
PSLS/data/trainPlanet.hdf5,run_00306,0,742.4279370569433,0.09761168277652794,22.677825101744574,16.804137822435063,0,16.319163129874415,1,2.861268044815937,0.03958753713682506,1668.9012317800425,1.5522929831931658,0.0010291881326945918,0.12373366618810354,0.0,0.0010291881326945918,0.24767769479161048,0.19589320682037045,4.4590420741154805e-05,169.55970943579646,-1.4682390699712575
PSLS/data/trainPlanet.hdf5,run_00310,0,1317.1892685513606,0.02395269383230784,7.204662570498035,50.49032852172735,0,9.418117927948432,1,0.4546865493663774,-0.378641495255187,105.17253954697978,0.8384524918104007,0.005346634183988619,0.4922717251777927,0.0,0.005346634183988619,0.989835739959386,6.9578357979317556,0.0,413.93901658996634,16.015219208309468
PSLS/data/trainPlanet.hdf5,run_00311,0,955.0857149120463,0.045105515945559484,13.70330468593451,24.642449521200987,0,10.28946842056688,1,0.6006601277125537,0.2312081204860501,170.9499504250985,1.0477097512139009,0.002392054061026272,0.4987652085848149,0.0,0.002392054061026272,0.9999222853329711,2.700082972808258,0.0,326.70975145205057,5.1907522423759564
PSLS/data/trainPlanet.hdf5,run_00312,0,730.3665172968072,0.054033635852431025,23.433022114020666,19.607774154824316,0,19.426428416400867,1,0.5577426423405468,0.29025948331537765,143.33637106665452,3.184733570431686,0.0010088257942628687,1.9336029747431644e-149,0.0,0.0010088257942628687,3.871111226343925e-149,4.450460613197934,0.0,370.1852072552007,9.567845496258744
PSLS/data/trainPlanet.hdf5,run_00313,0,1315.6999546927407,0.0689152861304684,7.220982517486381,56.97959513203824,0,9.631279669350379,1,0.45575767100259224,-0.3280493019198132,108.2971957239946,0.6355715414539612,0.005898632428693484,0.38150430054611817,0.0,0.005898632428693484,0.7675360139141002,5.666807325305808,0.0,393.23524084058926,12.862048636646934
PSLS/data/trainPlanet.hdf5,run_00315,0,765.8468081423948,0.08804075414609218,21.312097762096407,17.172761787976572,0,15.47332901584235,1,1.3765910516648519,-0.2998506269811454,561.2091131451946,2.5117864837067736,0.0011092141757796936,0.4994453922703497,0.0,0.0011092141757796936,9.373964446679089e-35,0.7600912364151433,0.9999999987150537,237.97659760584676,-0.03297216733333054
PSLS/data/trainPlanet.hdf5,run_00316,0,1539.9173304870985,0.11197295634474674,5.271269246761141,59.003341665130705,0,8.314576306952512,1,0.42597761401625456,-0.32456438066261584,100.50130623480815,1.1522396746161163,0.007071254018578221,0.49248016284399376,0.0,0.007071254018578221,0.9919748317029958,5.635633772265414,0.0,392.69331711765795,12.847403886518153
PSLS/data/trainPlanet.hdf5,run_00318,0,1320.6647687171005,0.06867316885913732,7.166792463251922,70.54629289889478,0,7.888279649546873,1,0.6062459153159613,-0.4236343258586387,164.6172424419897,3.4055173678855577,0.008903307218169343,3.6984521454841745e-219,0.0,0.008903307218169343,7.463352813948521e-219,3.9472222972060966,0.0,359.24498657529705,8.21874828048211
PSLS/data/trainPlanet.hdf5,run_00319,0,909.0107905565698,0.056279461038507214,15.127666296697608,36.934436545144266,0,13.797284549874414,1,0.3917305491800729,0.48914049838717044,86.15739655401687,0.49974677424420155,0.002673355394516963,0.1949085602522316,0.0,0.002673355394516963,0.3908620336305814,8.802530959563414,0.0,439.00524604446815,20.832437241065623
PSLS/data/trainPlanet.hdf5,run_00320,0,858.1174044704279,0.03864094166724019,16.975266144279775,21.425093245559335,0,14.829485769352793,1,0.5073319844101376,0.24713529551788038,129.88993407076362,0.9979669356413766,0.001443719892772477,0.49927813992566433,0.0,0.001443719892772477,0.9999999997437312,4.4768568770059565,0.0,370.732894820272,9.671531704958458
PSLS/data/trainPlanet.hdf5,run_00321,0,1120.4363378378662,0.09236552999477166,9.957163588050445,43.260233544734206,0,10.974380291058003,1,2.2587823653525727,0.113829515491917,1178.046303532581,2.9271989930851037,0.003934170306577722,0.007774991224169688,0.0,0.003934170306577722,1.3702956032072301e-90,0.27116750627556174,0.015611400356064302,183.91926874742836,-1.268171352877507
PSLS/data/trainPlanet.hdf5,run_00324,0,641.3189054254126,0.09008399953240699,30.39218524752644,14.525089392840705,0,22.53037201538084,1,1.4766283149130293,-0.03138909042708293,636.0335490370063,0.6444016610602334,0.0006444815160705497,0.8874186503858048,0.0,0.0006444815160705497,0.7867500218739087,0.5701469509422575,0.9892318663975678,221.46980397443727,-0.4703432086227435
PSLS/data/trainPlanet.hdf5,run_00325,0,781.6007984430962,0.07505779579521463,20.461620438754036,23.75806211130411,0,16.135826643662675,1,2.587949293241715,-0.08423833262602143,1479.2008508727704,1.36808600376588,0.0014712961891275578,0.3790988241238593,0.0,0.0014712961891275578,0.7593046854813819,0.17259745034519813,1.013977508468671e-05,164.27686778324357,-1.5023701999641177
PSLS/data/trainPlanet.hdf5,run_00332,0,765.0151300815216,0.03289803954705537,21.358461391020107,16.212852458990994,0,17.51743514386147,1,0.4071166281345379,0.360073346784902,92.19324277883702,1.0598180542473523,0.0009250984477345847,0.4994415224783137,0.0,0.0009250984477345847,0.9998079657537788,7.5141601806151135,0.0,421.97617573347156,17.645737043377654
PSLS/data/trainPlanet.hdf5,run_00333,0,950.1747909256097,0.11987601131637014,13.845320230422796,21.301785658994156,0,13.590865487989303,1,0.33051746305100876,-0.3090528663887795,65.2267439664515,0.5620347627833254,0.0015661328270416552,0.2874802534333582,0.0,0.0015661328270416552,0.5758623838499223,14.295948462791925,0.0,495.58832090390246,34.43435799839811
PSLS/data/trainPlanet.hdf5,run_00342,0,969.0194726455042,0.07191886703663133,13.312051964787106,36.390260175782856,0,14.31652554817844,1,0.3726997650091156,0.3764851863793145,82.83338175203544,1.4796644115473312,0.0025386082801688303,0.22543420265034295,0.0,0.0025386082801688303,0.45201589659855895,7.332111258831486,0.0,419.3967699194217,17.410522467844178
PSLS/data/trainPlanet.hdf5,run_00343,0,542.3593959928515,0.06879790567514568,42.49478890509143,4.107793081944698,0,28.250365429552637,1,0.9420471604780439,-0.09844991399915115,312.19944429935595,1.1636072862678573,0.00014539615270803274,0.4945831719874898,0.0,0.00014539615270803274,0.98931018586984,1.731925192611141,4.3827434591681126e-89,292.3816429120526,2.4251790187440174
PSLS/data/trainPlanet.hdf5,run_00345,0,865.058005723518,0.052094704694394645,16.703964319047863,20.47312270260548,0,16.357966377589847,1,2.0415703365887263,-0.41048639290358246,1028.7131705293732,2.232755977735994,0.001250786058077491,0.04991380047147561,0.0,0.001250786058077491,9.021576633156976e-16,0.31745923102297474,0.09995262028687345,191.31094180655413,-1.1491697288567935
PSLS/data/trainPlanet.hdf5,run_00350,0,859.1427340041917,0.027027444658563254,16.934772626647916,25.6027186959601,0,13.209495222924602,1,2.7666149979541665,0.023996565806217562,1552.9949739483254,0.4257079105747963,0.0019363285741925695,0.09787843565758317,0.0,0.0019363285741925695,0.19560979755371954,0.23145493990573557,0.0005268587735398635,176.78053068650792,-1.4005894739057068
PSLS/data/trainPlanet.hdf5,run_00351,0,723.642348932454,0.11030928730704809,23.870530102120682,14.458520694912796,0,17.969344909250697,1,0.2951260813352155,-0.18852197122150505,58.78510060813205,1.5373255429145403,0.0008042978477859064,0.14308313466299694,0.0,0.0008042978477859064,0.2863966175090696,10.989718111678783,0.0,464.04965906061443,27.256517677631745
PSLS/data/trainPlanet.hdf5,run_00354,0,817.7603274018848,0.06582120913533383,18.692093210993892,20.820054421579737,0,12.715602828410377,1,0.7506213953156218,-0.10384261639479464,242.88297816911077,0.5586597344796443,0.0016360230034434542,0.28255545224163675,0.0,0.0016360230034434542,0.5660369539607524,1.6376390797205584,1.8785372750067593e-93,288.3184058984036,2.4447606294117814
PSLS/data/trainPlanet.hdf5,run_00355,0,579.8680476861658,0.11990324260421172,37.175058089329966,13.45877725991141,0,18.25769211161533,1,0.6018661556165977,0.1928868204457499,165.95228236025827,1.9848219740877502,0.0007368849131355049,3.72239897475062e-07,0.0,0.0007368849131355049,7.450287954293273e-07,3.3357568401633655,0.0,344.442248828508,6.78057577088962
PSLS/data/trainPlanet.hdf5,run_00359,0,819.9236350768227,0.0996364591785287,18.593587930024306,18.91668371379725,0,15.726783985750071,1,0.631738335467182,0.40514432724764826,186.98650416069214,2.615328719141954,0.0012021091846845522,2.21734282495127e-45,0.0,0.0012021091846845522,4.440023042381999e-45,2.1363095279761963,0.0,308.1299149644661,3.7050254452302323
PSLS/data/trainPlanet.hdf5,run_00360,0,855.2814958533471,0.08305793029896186,17.08802460948339,24.306369709625166,0,14.172796300354511,1,0.30452587984362744,0.03559428576058976,63.20538752924188,2.105107211310594,0.0017135319221631695,9.596156351119889e-11,0.0,0.0017135319221631695,1.9225255791750696e-10,9.341991412504656,0.0,445.582048383372,23.02307725362479
PSLS/data/trainPlanet.hdf5,run_00364,0,775.0312578555966,0.09704016863305076,20.809975846953677,16.96477722613736,0,14.772314764870892,1,0.5382340769312751,-0.015438310962406998,139.94118576820242,1.2624554167352884,0.001147757809442096,0.4651160688202889,0.0,0.001147757809442096,0.9313010456887085,3.919869188002743,0.0,358.62099672937234,8.3031130884271
PSLS/data/trainPlanet.hdf5,run_00365,0,1504.4684347917585,0.022618724560932172,5.522603356330277,72.68563447557388,0,10.079741517482555,1,0.8009108908907207,-0.03387418190262159,253.18306921918057,1.401236677369666,0.0071851240298376196,0.3365094149034849,0.0,0.0071851240298376196,0.6778895503044381,1.848169435014895,3.333605221465287e-246,297.1688376911445,2.875440869959114
PSLS/data/trainPlanet.hdf5,run_00367,0,763.7401559769326,0.08308833411467119,21.429831777532748,17.327124452621156,0,17.1869210895166,1,1.0317272534569464,0.12474680053548881,377.2082783144272,1.2849422009168736,0.0010076495412456588,0.7775261712926232,0.0,0.0010076495412456588,0.9058493619727748,1.0786699811381102,0.6507715089189193,259.74067684013806,0.8686473250314252
PSLS/data/trainPlanet.hdf5,run_00368,0,1110.3442248598922,0.10809362751969007,10.138990985078692,49.750424968503495,0,12.189470796715343,1,0.5155159353608295,0.15200924116364156,126.57006508720714,1.8774378789264607,0.00407310845867237,6.85220607430793e-05,0.0,0.00407310845867237,0.0001376045999461515,6.117080403422357,0.0,400.82413771838895,13.788576172268238
PSLS/data/trainPlanet.hdf5,run_00369,0,906.4059041438385,0.0592519040317117,15.21474091905664,25.776026951601764,0,11.560128077975026,1,1.664744960377295,0.08636476105873081,789.4307610432203,0.5950897970895789,0.0022272513993369936,0.4252793254158636,0.0,0.0022272513993369936,0.6681749660750038,0.3248882785524797,0.1842823214432234,192.42049630028146,-1.0915312912523665
PSLS/data/trainPlanet.hdf5,run_00370,0,1034.0331647893515,0.07190784406675277,11.690715089255178,41.396622736421456,0,12.591686122799672,1,2.258685241272976,0.1397454378245312,1171.2439563584328,0.426693003705245,0.0032822172308285547,0.10972808735849891,0.0,0.0032822172308285547,0.19780627650941485,0.2875419271156765,0.022372573021376976,186.6350100599697,-1.249191630564565
PSLS/data/trainPlanet.hdf5,run_00380,0,979.9903096062304,0.07017806166241938,13.015667646386222,32.6602696971365,0,12.708137120633078,1,0.6510457670253694,-0.010987830673397925,182.72224392262237,0.6842836735253545,0.0025667284207337993,0.4296651167510932,0.0,0.0025667284207337993,0.8615415767528818,3.237149558191064,0.0,341.86804690400123,6.476265889447801
PSLS/data/trainPlanet.hdf5,run_00382,0,1111.8000168401757,0.07097437420352745,10.112456360163147,42.19464833494587,0,13.162158382871944,1,0.41349019041091056,0.057900841538504055,98.47621921494566,0.42509467363813114,0.0032006215455994136,0.09681371020946826,0.0,0.0032006215455994136,0.19424913839650249,5.1987102949552515,0.0,384.8502064233815,11.923110239163137
PSLS/data/trainPlanet.hdf5,run_00383,0,1038.5058777375245,0.1038658658067606,11.590231091288974,41.66696662615967,0,12.557778281988373,1,0.8324373173980083,-0.2700088852625776,278.58379500611363,0.7391742884073413,0.0033125220207194106,0.4649215951664528,0.0,0.0033125220207194106,0.9329335343833558,1.3269584428375505,1.8888631307488712e-08,273.5471221997461,1.6156270412052711
PSLS/data/trainPlanet.hdf5,run_00385,0,1066.1222118870216,0.022594502093510865,10.997552140678392,34.526855093434975,0,11.608026995318415,1,0.7720767371668505,-0.2439166277871354,234.55738979869457,0.9351068702885519,0.0029699756668749577,0.4983824234336901,0.0,0.0029699756668749577,0.9997340326176013,2.6346970249857313,0.0,324.7136085196368,4.84471145985158
PSLS/data/trainPlanet.hdf5,run_00386,0,878.1711572800459,0.04124157383431585,16.208830285525192,26.188744590431074,0,17.066741684738496,1,2.6690418545788703,-0.06507809640353002,1511.0390382325695,2.594268738556974,0.0015333132805328553,3.411901669935887e-05,0.0,0.0015333132805328553,8.232780740949562e-43,0.20075538655686476,6.834282435893642e-05,170.60219769226606,-1.4576182106554498
PSLS/data/trainPlanet.hdf5,run_00390,0,856.7819749628916,0.03766124927291087,17.02822463029673,28.310353340867945,0,13.56384678054637,1,1.1568752277060466,-0.3802380460550455,427.1617508153856,1.6891975478624974,0.002085015392047973,0.312834407838517,0.0,0.002085015392047973,0.0339020784457249,1.140042469281014,0.5930739919886104,263.3589471088223,0.8974402248333818
PSLS/data/trainPlanet.hdf5,run_00391,0,981.3526633742135,0.07100926412370633,12.979554969631817,23.730994738271853,0,12.324327351964792,1,2.3697855543143778,0.31487713067403,1344.3516117181885,0.574500365237186,0.001923688102388077,0.30521179510182916,0.0,0.001923688102388077,0.6115942496128566,0.1622278308499078,5.8684613603035015e-06,161.75181406818257,-1.514049186550156
PSLS/data/trainPlanet.hdf5,run_00392,0,1295.916164811602,0.09124908427335356,7.443140186844011,44.87112283971397,0,10.255346573638029,1,0.866003342083022,-0.1688100891956772,272.9200234921305,1.0970916880877528,0.004365830178339358,0.4971539531232778,0.0,0.004365830178339358,0.9986679207932944,2.378939791236337,0.0,316.52912875785273,3.997729755536288
PSLS/data/trainPlanet.hdf5,run_00393,0,881.181624679203,0.06308188010591358,16.098267831115933,23.222991915882254,0,15.86919625128467,1,1.9524263012789056,0.25740676597470247,959.7231587631376,0.4538941808654421,0.001462330389241595,0.23349818212867748,0.0,0.001462330389241595,0.26338695887280206,0.34087194260093717,0.20429330845191046,194.74469394607493,-1.0801501534523332
PSLS/data/trainPlanet.hdf5,run_00395,0,860.9124551657296,0.10435418968794065,16.865220788239395,21.52450662357789,0,13.065933266212902,1,1.4802701099997337,0.272577070457271,665.293070473325,0.6089599234443069,0.0016460199541691312,0.7643819949311448,0.0,0.0016460199541691312,0.7041719097696804,0.44812521399121036,0.8271126049593635,208.52957822588144,-0.7580913450934406
PSLS/data/trainPlanet.hdf5,run_00404,0,546.2571945225843,0.09104377309421365,41.8905124504582,9.550905385775561,0,22.865399348159848,1,1.0754439712345125,0.4680068269683384,382.07972790813864,0.8324313455874827,0.00041761400295825535,0.49427174416705316,0.0,0.00041761400295825535,0.988242992617415,1.3148036254623543,0.0007134977954041937,272.9185422857028,1.391050960883385
PSLS/data/trainPlanet.hdf5,run_00406,0,879.2895084173207,0.11828685842885175,16.167625117448786,22.090819501405452,0,15.040493388719826,1,0.8016225634761348,0.4782349707681437,256.8439037512075,2.1101045471272912,0.0014676782107679864,6.386483541561122e-11,0.0,0.0014676782107679864,1.279174124302241e-10,1.6849669612301332,7.538282096726216e-99,290.3793087949454,2.4679188974042443
PSLS/data/trainPlanet.hdf5,run_00408,0,950.8803493618752,0.07987775049354567,13.82478124612278,26.2000040488923,0,12.840958639482183,1,1.7990702933863825,0.461201574064129,872.7305587596632,2.5234233936041366,0.002038266332807126,0.08296581594198259,0.0,0.002038266332807126,8.166678617455014e-36,0.3233881642422175,0.16627053551865065,192.1979937426237,-1.1023242237986808
PSLS/data/trainPlanet.hdf5,run_00413,0,930.3806615671743,0.031738402442281016,14.440713887621593,29.384913157420954,0,11.940019760928514,1,0.518431322956286,0.21271367185224965,130.41777204234543,3.1199550565224823,0.0024580180442347332,1.318963849799244e-132,0.0,0.0024580180442347332,2.644427750726449e-132,4.7613472368093035,0.0,376.4872589822489,10.397606229078484
PSLS/data/trainPlanet.hdf5,run_00414,0,777.2179689527782,0.06951723204578594,20.69304239466873,18.334564415358475,0,14.190672704181836,1,0.35931993353146324,0.3796166973558265,78.66568465141452,1.4292905112004928,0.0012911808783819811,0.3000268964192239,0.0,0.0012911808783819811,0.600829572493618,7.752169793331998,0.0,425.2787069598627,18.627574096445898
PSLS/data/trainPlanet.hdf5,run_00416,0,832.2617087892227,0.025375740254481086,18.04638363162606,24.942094516854304,0,13.489959898074524,1,1.8283464919539167,-0.19919096376301282,889.7282767676926,1.4887737407968982,0.0018472294003114564,0.2892907051670779,0.0,0.0018472294003114564,0.4248171238915816,0.32116390184970667,0.15483503695604597,191.8666536633953,-1.1095029679283734
PSLS/data/trainPlanet.hdf5,run_00418,0,868.0023120819393,0.06534369131772438,16.590835184496804,26.596507532866084,0,18.1197857964028,1,0.2906090694372665,-0.3634546715288871,56.11434701272642,0.9460306785813648,0.0014667390658775759,0.4992030997150488,0.0,0.0014667390658775759,0.9998727518561515,14.248157188710412,0.0,495.17361342269356,35.248227611895736
PSLS/data/trainPlanet.hdf5,run_00420,0,1021.4433575683408,0.09075984921251433,11.980679101320957,28.298074890583887,0,12.722764060107936,1,2.8296305853864654,0.41759072774745976,1625.6831849167138,1.643211286957428,0.0022217363831166237,0.03829277317685808,0.0,0.0022217363831166237,0.07672919495849564,0.1929501060444666,2.6883166616418497e-05,168.91922301728385,-1.4803470537875751
PSLS/data/trainPlanet.hdf5,run_00422,0,595.9245434014165,0.11530520962064927,35.19876843093291,9.438903984555147,0,20.50026512745689,1,0.30974093941159186,-0.16992877954870134,61.35878877451273,0.6768847625291171,0.0004603224050850896,0.4243872837986842,0.0,0.0004603224050850896,0.8491654574830722,11.79168949776654,0.0,472.2933475457584,29.318238532946495
PSLS/data/trainPlanet.hdf5,run_00426,0,974.9349407097246,0.07252977199174324,13.15099892588124,39.89515190585115,0,13.213194231558703,1,0.6601075040180199,-0.347265664325735,179.67571359426142,3.49606483042628,0.0030147883415324594,6.709115225563858e-254,0.0,0.0030147883415324594,1.3458805902252776e-253,4.109317220679432,0.0,362.8776636722914,8.396082905960366
PSLS/data/trainPlanet.hdf5,run_00429,0,957.4718358403486,0.05391515609392787,13.635089626728767,26.207166156613845,0,11.40484434538611,1,1.3256072431241444,0.23305588374560238,560.3679144095175,0.8972266961268471,0.002295259603754096,0.9922136291740075,0.0,0.002295259603754096,0.9983279502422701,0.5599888532755198,0.990664562271888,220.47668241683857,-0.4592279331744512
PSLS/data/trainPlanet.hdf5,run_00431,0,1011.3586044283899,0.02250674578909139,12.220800813531108,43.67512380474292,0,13.617289233858674,1,0.41247463678958296,-0.42925520341335566,91.54480403909687,0.9589077590906474,0.003202190805789318,0.4983775889582607,0.0,0.003202190805789318,0.9999572317702786,8.238412858154039,0.0,431.79609239339686,19.12990696693374
PSLS/data/trainPlanet.hdf5,run_00432,0,949.1353173399256,0.08763437987408516,13.875663059793366,23.713014758052164,0,11.316212256441842,1,0.28771511772345165,-0.36770849915040227,54.55118322277522,0.5745493753696621,0.00209329644658629,0.30522612530113197,0.0,0.00209329644658629,0.6117327886750578,14.565908577125759,0.0,497.91156604228195,35.92203687715304
PSLS/data/trainPlanet.hdf5,run_00440,0,945.9059684314682,0.08299634589754264,13.970568576919842,28.881584061748427,0,13.643224970831362,1,0.3718120377900396,-0.005662511865114128,81.64899840203604,1.1605311843725152,0.0021146785833643378,0.4939970696798279,0.0,0.0021146785833643378,0.9900878569463895,8.214001504797269,0.0,431.47587113319224,19.56779016634107
PSLS/data/trainPlanet.hdf5,run_00448,0,963.4793153857453,0.09615848563196883,13.46558489417541,31.2023069973421,0,11.16095684264311,1,0.7232771616269903,-0.32647060240413406,208.9367475157155,1.7652962811048918,0.0027917617135838624,0.0029052651111945845,0.0,0.0027917617135838624,0.005826797251869755,3.1954476618839993,0.0,340.7616770010093,6.148521504414114
PSLS/data/trainPlanet.hdf5,run_00451,0,918.5097268158258,0.050673985195027235,14.81639315350169,29.859843116225026,0,14.730737599457989,1,0.4471535917105853,0.3351265076878126,107.43837817414808,2.4896483647952103,0.002024990246101366,4.16718385199233e-33,0.0,0.002024990246101366,8.351278962426044e-33,5.059251583492557,0.0,382.24286608830613,11.446270934935512
PSLS/data/trainPlanet.hdf5,run_00452,0,735.7449818853732,0.04701806072092503,23.09167282811139,18.01085836799789,0,16.379126341522863,1,1.1522262041184224,-0.3082120291695343,448.2287081716735,2.788933155536537,0.0010990182899517364,0.4994501932581234,0.0,0.0010990182899517364,1.9081684995447394e-67,0.7725765387219041,0.9999994041513499,238.94788929392996,0.09173238424221575
PSLS/data/trainPlanet.hdf5,run_00454,0,965.2291314227822,0.11101303263481906,13.416806965349862,33.259048178100294,0,11.268427880928586,1,0.668448497712961,0.32992176232401593,203.50183095598243,0.5984113610571127,0.0029471736718174046,0.33748455998722887,0.0,0.0029471736718174046,0.6769642511923334,2.0964808961392065,0.0,306.68359610104216,3.6701812947585
PSLS/data/trainPlanet.hdf5,run_00461,0,909.0312406481572,0.08048146484128621,15.126985662924762,22.12013484358126,0,16.142404380059183,1,1.569346399824512,0.2481079272846446,668.3767630967862,3.565388362961717,0.001369373824204656,0.4989132669828494,0.0,0.001369373824204656,6.9952678421218565e-283,0.6597622963580138,0.9991948051771897,229.70195579721474,-0.3050324055762342
PSLS/data/trainPlanet.hdf5,run_00466,0,969.7591082176219,0.0739743444640776,13.291753496253232,26.998785532331837,0,11.150240382590143,1,2.222296569710055,0.28846103735604556,1136.8468793611141,2.1056534289821327,0.002418434404636516,0.05190289210563964,0.0,0.002418434404636516,1.8392825358008354e-10,0.3238241844589842,0.104057440121043,192.2627455505105,-1.145798069029234
PSLS/data/trainPlanet.hdf5,run_00467,0,1343.7763483740966,0.0549563453763284,6.922389425418799,50.05323185538445,0,9.179577092230984,1,0.31670172498877786,0.09656828043891486,62.8350703840104,0.6021582991398973,0.0054378341280284515,0.3415098275674067,0.0,0.0054378341280284515,0.6867541100721275,11.753550673303995,0.0,471.91098923552073,28.693754977396654
PSLS/data/trainPlanet.hdf5,run_00470,0,1222.7440669808739,0.09125577806579485,8.360627698606587,43.25666119285573,0,10.292895272184955,1,2.8711735760462695,-0.11833205263224633,1643.3753292435822,2.1191854587768546,0.004193756234124546,3.826530564686832e-05,0.0,0.004193756234124546,6.014859925310595e-11,0.20778328163314316,7.685285353099182e-05,172.0760665231217,-1.4546303495500819
PSLS/data/trainPlanet.hdf5,run_00471,0,917.2818206790469,0.035954860001569805,14.856087207522055,25.406079029502017,0,12.32921243824969,1,0.3303673674531265,-0.4481237404373979,68.5325618461219,3.062376867390855,0.0020585192059128232,6.968892119858311e-119,0.0,0.0020585192059128232,1.3966534619470848e-118,10.161091960030658,0.0,455.0435000500462,24.930458662500296
PSLS/data/trainPlanet.hdf5,run_00474,0,1092.7477544146277,0.09699599121012907,10.468155556608739,37.04664014990849,0,11.742082953276793,1,1.8251737393400436,-0.4029497699194642,895.1701555384936,0.4739805992030359,0.003150059495776847,0.26393847097359235,0.0,0.003150059495776847,0.31713949653892587,0.33645117799350993,0.21240554379099158,194.11018925485445,-1.0756903833586875
PSLS/data/trainPlanet.hdf5,run_00483,0,1256.8394623973247,0.1144428073097142,7.913168188923592,43.32234955213181,0,10.383144570716919,1,0.6450902044306265,-0.3462403383238909,183.04380560080696,2.254971838818065,0.0041636805043719916,3.45357716942799e-17,0.0,0.0041636805043719916,6.936033767431098e-17,3.0265254217593633,0.0,336.16608879016815,5.87261742481756
PSLS/data/trainPlanet.hdf5,run_00486,0,819.0526815283539,0.04615452072113477,18.633152568330207,22.984290439164464,0,14.99188505004506,1,0.9590069830427721,-0.1042163774868573,317.02323527940376,1.377526076786783,0.0015319408184931715,0.3681057772862933,0.0,0.0015319408184931715,0.7373411175276806,2.10716023710198,0.0,307.0734089643189,3.2748738179829546
PSLS/data/trainPlanet.hdf5,run_00487,0,1180.4824687082069,0.10599626833041982,8.969968738167076,55.567062064754666,0,11.88879601342805,1,1.7319585819650216,0.3895472734391898,787.5306367440581,1.02958703269459,0.004662995865269082,0.9239748997609216,0.0,0.004662995865269082,0.9999885053855313,0.4717750228133704,0.8566186456048087,211.22803347811382,-0.7327304918840757
PSLS/data/trainPlanet.hdf5,run_00488,0,1121.7120276658115,0.08210945115006785,9.934528492689234,50.258085370693394,0,10.773837781899932,1,0.5426919546846484,-0.18586815559745462,135.70275366597744,1.3405323854983953,0.004653963222790991,0.40676451350045834,0.0,0.004653963222790991,0.8173328640911754,5.830426114281045,0.0,396.04350352326935,12.862405314515987
PSLS/data/trainPlanet.hdf5,run_00495,0,887.3530511339906,0.10207636166364444,15.875123739554661,24.916951350719508,0,13.392587930240358,1,0.8403761293628806,-0.06560918870054944,258.28458858336825,1.6336924159379715,0.001858773436171246,0.04443013120918931,0.0,0.001858773436171246,0.08902574110107275,2.7631787832520853,0.0,328.6018968846118,4.906291934853414
PSLS/data/trainPlanet.hdf5,run_00497,0,1013.2827700670814,0.02385633478953047,12.174431687304352,42.17990452080403,0,12.390519398439375,1,1.6031107385728276,0.08822110436533204,681.5863853617742,1.6557930029466756,0.0033984201938921377,0.529390044405461,0.0,0.0033984201938921377,0.062391163055245946,0.7593278953336297,0.9999993752147326,237.91682656865302,-0.09246026900556248
PSLS/data/trainPlanet.hdf5,run_00498,0,826.5901902576234,0.056359632108170715,18.29487806329369,20.631941129575726,0,15.718910959820334,1,1.471236234358505,0.2407882461434182,636.0923931228053,1.942710105574311,0.0013116943547684112,0.49166862292199787,0.0,0.0013116943547684112,7.160878987881768e-06,0.5649082126833919,0.9846216169744607,220.95930329688474,-0.4993195924437997
PSLS/data/trainPlanet.hdf5,run_00499,0,1290.9257686695157,0.11840056928012438,7.5007980539422325,49.64728447629823,0,9.228600399465192,1,2.2198320871735455,0.13637158694010387,1228.3271276691114,0.728641665668373,0.005365275041506412,0.4584787091906765,0.0,0.005365275041506412,0.9218871481843395,0.17281575904158789,1.653702996658997e-05,164.32878927873423,-1.4915252776106516
PSLS/data/trainPlanet.hdf5,run_00501,0,928.7350983364856,0.0760668931603635,14.491932281255838,26.840794216374732,0,12.905246061002778,1,0.46297339329845477,-0.19540744080051986,112.5973731577803,0.5976573688405754,0.0020776745523996,0.3367878556928066,0.0,0.0020776745523996,0.6749780961995141,5.523757848455713,0.0,390.72974833355806,12.376122144709692
PSLS/data/trainPlanet.hdf5,run_00508,0,1070.8007904922588,0.07547237925309792,10.901660341345748,36.12154759019071,0,12.952913660520043,1,0.8958121999137665,0.06847227644481202,293.6930156722374,0.6861764733468869,0.002784796500580833,0.4310953867147564,0.0,0.002784796500580833,0.8645985043187471,1.875059284315744,1.4300120822571184e-231,298.24390055929456,2.846137780705883
PSLS/data/trainPlanet.hdf5,run_00509,0,808.9022515647181,0.03859617411551344,19.103719135880397,19.750478259257406,0,18.378442389888967,1,1.1812000350691532,-0.2470894464332306,454.38486361087087,1.4356029485847797,0.001074077398376061,0.7889896918612851,0.0,0.001074077398376061,0.5827042377299169,0.9022616596820576,0.9969718403648903,248.39963049942426,0.3804575372123975
PSLS/data/trainPlanet.hdf5,run_00510,0,971.563445759019,0.09895964950729162,13.24242982087227,25.02629312018957,0,11.307363927542827,1,2.8488815353025383,0.03421113324089042,1642.0901291296698,0.5693758861291931,0.0022108263854411225,0.2978654685594037,0.0,0.0022108263854411225,0.5970204428553508,0.1955872933105192,3.047017543678423e-05,169.4934730786556,-1.4773960759962537
PSLS/data/trainPlanet.hdf5,run_00512,0,909.4268367300929,0.07663516736120474,15.113828200499238,21.6303887070524,0,16.728404024674784,1,0.29787414628705683,0.3648111205067859,58.67827590972605,2.699235232412049,0.001292198005907741,2.4388485230778865e-55,0.0,0.001292198005907741,4.884008151750302e-55,11.604039852149548,0.0,470.4030431511871,28.518590334065923
PSLS/data/trainPlanet.hdf5,run_00514,0,1039.1394944986444,0.062228933274136825,11.576101081240923,26.222838076487122,0,11.599656347579641,1,1.3829266944765948,0.32767954368991026,548.4350147433452,1.9043847839306942,0.002258103102404485,0.4988853679335675,0.0,0.002258103102404485,4.3851720384515553e-05,0.837057185566568,0.9999850525179053,243.78478771046696,0.156950202828778
PSLS/data/trainPlanet.hdf5,run_00520,0,835.8237776879532,0.11903631000476345,17.892893181105627,20.96848292172749,0,14.718841351585445,1,0.5397143181971787,0.1821968629396763,139.8667388782709,0.901984422806903,0.001423587199937737,0.49859745403139694,0.0,0.001423587199937737,0.9986165257665214,4.476499122383712,0.0,370.72548809580354,9.693870340981508
PSLS/data/trainPlanet.hdf5,run_00521,0,641.5818418033558,0.06109706668837432,30.367279388019448,13.893471929074604,0,17.655265967304192,1,0.49179362068845567,0.15302146082234824,117.14889250362866,1.387999930756905,0.0007866212147820129,0.35562221419108775,0.0,0.0007866212147820129,0.7118043487837028,6.8818480339124966,0.0,412.8041828800237,15.43948359113932
PSLS/data/trainPlanet.hdf5,run_00525,0,900.0208546229571,0.03907732725598039,15.431383611175564,24.037592406639863,0,13.480430264018098,1,0.7364261688291419,0.012929353470365168,219.1133015761877,1.3613025956565414,0.00178155840617511,0.3865326259231931,0.0,0.00178155840617511,0.7744449707942247,2.541650250829969,0.0,321.8079485318003,4.541413364567377
PSLS/data/trainPlanet.hdf5,run_00531,0,895.1333938760368,0.08468964924735273,15.600355478211855,19.49455315530737,0,14.58645632961005,1,0.44167244051012533,-0.4598537407464919,99.24800411662969,0.7099885129700128,0.001335590457729574,0.4490627598123749,0.0,0.001335590457729574,0.8993266517191678,9.003275121293381,0.0,441.48703069978944,20.913468407574797
PSLS/data/trainPlanet.hdf5,run_00535,0,872.1710048575613,0.035117245490495545,16.432616651044835,28.059763297542503,0,12.772072747198436,1,0.43185321062358334,0.30521479275029983,95.33089278018336,0.7771633391325602,0.0021945508211719256,0.4807873616050249,0.0,0.0021945508211719256,0.9636895889889202,10.841323352564402,0.0,462.47514175972213,24.902219952851304
PSLS/data/trainPlanet.hdf5,run_00536,0,1114.333367337504,0.10041070559628383,10.066528855198206,33.24069551489957,0,10.52853129455411,1,2.67435900235303,0.156262420108929,1487.0292739465424,1.7626537644478644,0.003152222848398889,0.004107846585469092,0.0,0.003152222848398889,0.0062536518952054365,0.2405424222325435,0.0019880208649162285,178.49076039815313,-1.3561432345948257
PSLS/data/trainPlanet.hdf5,run_00539,0,1193.8765572520101,0.05736450441663142,8.769829779853715,42.82590580339904,0,8.853818050590961,1,1.6234265944130426,-0.20035452302443024,700.0699571018919,0.5705786268007486,0.0048253191933786965,0.7956560759748774,0.0,0.0048253191933786965,0.6004562934567105,0.6460287379077317,0.9985716788586069,228.49714554955872,-0.33562633785161694
PSLS/data/trainPlanet.hdf5,run_00540,0,742.8523274158832,0.043126837480453775,22.65192089219895,19.27776586768043,0,16.468258384947195,1,0.9716015095924363,0.48589933583757405,347.43824743295875,2.545122441510377,0.001169916485956768,0.41944716306281665,0.0,0.001169916485956768,7.409859933422737e-38,1.022692746181348,0.8398769119711228,256.303250244432,0.7475367418957167
PSLS/data/trainPlanet.hdf5,run_00544,0,884.6394573955162,0.020884417969635742,15.972665640845026,17.17684564162403,0,14.653375870994271,1,2.0565967813847394,-0.2136477656272281,1029.2812521284088,0.6516246300118606,0.0011715240421886763,0.529827289280009,0.0,0.0011715240421886763,0.8017620595529336,0.3533340312236387,0.25913538587069485,196.5007384566734,-1.0513419320679138
PSLS/data/trainPlanet.hdf5,run_00545,0,767.3144021362542,0.09283965711626242,21.230651107829644,22.06311938624315,0,16.977280614162122,1,1.1702594639840913,-0.4536046597813521,424.0591603185358,1.2040760575247844,0.0012987232667562854,0.5792719543333716,0.0,0.0012987232667562854,0.974318393855915,1.201917518489672,0.18573209937700202,266.86184608164143,1.0906867461295078
PSLS/data/trainPlanet.hdf5,run_00546,0,1232.9352337371956,0.07420799356153053,8.222984766738861,48.1471429823562,0,8.495932602022284,1,2.1688359310499967,-0.12485971003032958,1079.582678847173,1.4139268283834814,0.005651053944007667,0.5869492424501385,0.0,0.005651053944007667,0.643819167334755,0.4293493111441766,0.5367507820340797,206.3101108148486,-0.9239691880864697
PSLS/data/trainPlanet.hdf5,run_00556,0,1053.9513424131603,0.06046987688086729,11.253014806933232,34.05171695581646,0,11.624321695146214,1,1.5701235502711326,0.3915545766244253,709.253029325284,1.0087781988259887,0.002925064515470144,0.8648382431197618,0.0,0.002925064515470144,0.9999999109338062,0.432709189913483,0.7347508331504237,206.7125523728029,-0.8218849686095282
PSLS/data/trainPlanet.hdf5,run_00562,0,1221.8722104895328,0.04071500758492551,8.3725632644791,52.89725054747345,0,11.668547725992203,1,0.4977438874040488,0.30256258365217625,128.67808103230766,1.9585292925627786,0.004523059141949726,1.5769990476959324e-06,0.0,0.004523059141949726,3.1683286331808744e-06,3.6947082296776514,0.0,353.3563145953288,7.823498027869101
PSLS/data/trainPlanet.hdf5,run_00568,0,1031.3638330814347,0.08363518057625212,11.751308216536241,42.821395514109284,0,12.97500749773593,1,1.0590795508712998,-0.2744290028360318,365.46930559013805,0.8563873323291031,0.003294858326857275,0.49518289999509607,0.0,0.003294858326857275,0.9936397020363426,1.6232474950164728,2.2550746039650404e-37,287.6828715550232,2.0943151529913266
PSLS/data/trainPlanet.hdf5,run_00570,0,1462.4751181255199,0.06642061351353132,5.84430726781145,52.67704424730583,0,8.46998129482766,1,0.576013397099976,0.036108318001292994,161.7296413672862,1.1086903464570117,0.006199963762768768,0.4958608886426052,0.0,0.006199963762768768,0.9979087755320581,2.6225140176648893,0.0,324.3375817342994,5.001274371604955
PSLS/data/trainPlanet.hdf5,run_00573,0,1459.4227658131442,0.11736775157736797,5.86877932628474,53.06161400642886,0,9.207501578137501,1,1.382205730162666,-0.17275062567709998,589.3368195094213,0.7305540197615601,0.00574629429103557,0.9447170453521213,0.0,0.00574629429103557,0.9239809034571979,0.5403792885213963,0.9763731810739321,218.52065495185244,-0.5367406623588239
PSLS/data/trainPlanet.hdf5,run_00575,0,1018.4010919796792,0.058163224450940035,12.052365687556986,32.29435138402674,0,12.027241315747345,1,2.664297829614359,-0.24616559868846732,1507.9439767429187,1.7503266580544046,0.0026814988182205513,0.004415057027678333,0.0,0.0026814988182205513,0.008613989721904077,0.21188853305294217,0.00023986593693847005,172.9197835700955,-1.4239279172873924
PSLS/data/trainPlanet.hdf5,run_00576,0,834.7765233431132,0.02545625742158329,17.93781577673295,28.288410855023415,0,14.532808916735696,1,1.283289558710168,-0.177573307279682,498.8818058538287,1.8415264211284639,0.0019446272834057199,0.48734153621923004,0.0,0.0019446272834057199,0.0005407781183347123,0.9881774976494763,0.9760413826344124,254.11281062244305,0.5380048189876172
PSLS/data/trainPlanet.hdf5,run_00583,0,1261.7295541122166,0.11233533265417633,7.851948840131645,40.65062098370362,0,9.549518974667585,1,0.7298446849807989,0.2884427139535505,220.3185455590539,2.098108624460712,0.0042477765069727225,1.6780007487287591e-10,0.0,0.0042477765069727225,3.370317854460727e-10,2.46438917467959,0.0,319.33398661403817,4.4238569938875445
PSLS/data/trainPlanet.hdf5,run_00586,0,883.4710718636301,0.11510802522420335,16.014941098148164,26.011629453819452,0,12.19457214495953,1,0.4954104965788618,0.0986241997356968,121.79865228063171,2.971067390370997,0.0021307764478507574,2.3392675962802687e-99,0.0,0.0021307764478507574,4.688525392041049e-99,5.678952460360934,0.0,393.44576773998347,12.725298331671471
PSLS/data/trainPlanet.hdf5,run_00590,0,913.5910192158249,0.04179127356292248,14.97636339766254,28.552031184635137,0,14.982855792287602,1,0.724266260673744,-0.06557701193000842,220.24569144226697,2.1064545515562125,0.0019038322072576497,8.600910123554354e-11,0.0,0.0019038322072576497,1.723463209477097e-10,2.0990116326632786,0.0,306.7761063987624,3.558764540691851
PSLS/data/trainPlanet.hdf5,run_00591,0,740.6780599069809,0.04115717349889632,22.785105948332603,15.28925050515195,0,15.96398873211685,1,2.6679114943422158,-0.19296144321936015,1483.0335239334697,1.972100209829703,0.0009572752513743454,0.0005761712570981008,0.0,0.0009572752513743454,1.523082226570427e-06,0.2347780142495549,0.0011519235979303253,177.4116667310064,-1.3752831139924466
PSLS/data/trainPlanet.hdf5,run_00592,0,1203.3028134826523,0.07087264291754855,8.632968350257478,53.626478459466796,0,11.37141574449546,1,0.9120971629986261,0.032616876153009455,295.2188488338638,0.6461359011759564,0.004704799261668335,0.39334701828453494,0.0,0.004704799261668335,0.7904127699857119,1.9382478868858761,1.155871964264482e-290,300.7254265162421,2.956332271140188
PSLS/data/trainPlanet.hdf5,run_00593,0,1044.3481194121216,0.0630803197634495,11.460918783171357,26.821418123624504,0,12.812523066943074,1,0.3798317573231923,-0.2754826389278453,83.42859894966254,1.23619250923853,0.002091185624961578,0.476197196909998,0.0,0.002091185624961578,0.9543902008886986,7.851286193424693,0.0,426.63160191856116,18.60952465456039
PSLS/data/trainPlanet.hdf5,run_00599,0,769.1107205796899,0.02429447804766714,21.13159521602661,19.51842412781479,0,17.327780796023372,1,0.5717366117468482,0.3718277752290353,152.05705876768909,3.1107730966283,0.0011257895904537296,2.4299916236326634e-130,0.0,0.0011257895904537296,4.8654607323105234e-130,3.9037250526116134,0.0,358.25117639918517,8.062177948923242
PSLS/data/trainPlanet.hdf5,run_00600,0,923.8536750242527,0.0944620821682297,14.64548072293887,20.049777532303793,0,12.341021251824543,1,2.2150183638740053,-0.28235567227427016,1160.8880580737086,2.9294260439427715,0.0016233259027286229,0.0029565477787140424,0.0,0.0016233259027286229,5.256708477027676e-91,0.2504370237809818,0.005922710046060205,180.29864098565656,-1.313222257889747
PSLS/data/trainPlanet.hdf5,run_00602,0,682.7939587333994,0.09195760902083913,26.81209029175014,12.258847736619517,0,16.326310699481862,1,0.5666231575141363,0.43944649290006543,151.67813305033442,1.887635618478073,0.0007505827095212192,4.514535891279153e-05,0.0,0.0007505827095212192,9.035853938290147e-05,3.6647072924346134,0.0,352.6368089048503,7.4953530356499165
PSLS/data/trainPlanet.hdf5,run_00603,0,1502.5956061559154,0.08040646984146768,5.536378633369742,70.72988573975535,0,9.025951026576571,1,1.7594068702503414,-0.4570025758915329,819.1399850740514,0.4164464760966752,0.007805657086544571,0.44434759661016154,0.0,0.007805657086544571,0.17561549094278028,0.438690003387226,0.7200711248574873,207.4231638104847,-0.8306186728514093
PSLS/data/trainPlanet.hdf5,run_00605,0,947.1510600542066,0.11615640514821027,13.933862278543252,32.49282345384444,0,13.9203364450354,1,0.43097515590791646,0.34249561111104554,96.8238181905345,0.48677452362243356,0.0023314760190472628,0.17619254833077774,0.0,0.0023314760190472628,0.3532085940282538,7.7445095292475115,0.0,425.1736088015437,18.048433914530786
PSLS/data/trainPlanet.hdf5,run_00607,0,698.0170581341486,0.039570854240833495,25.6553498282153,14.812576551596196,0,15.83899723430197,1,0.8335600184461479,-0.253818166279446,260.2632061219625,0.48111856739143144,0.0009347594519737434,0.1683991186030386,0.0,0.0009347594519737434,0.3371133571030159,2.1323157913086384,0.0,307.9858050677431,3.4786291520642387
PSLS/data/trainPlanet.hdf5,run_00608,0,928.2004826870605,0.09825139307677881,14.508630925846418,25.3679373974691,0,13.452067097397133,1,1.585347496361935,0.03172057335226963,700.8205838659361,0.816234326148459,0.0018840251677980646,0.9713725660988778,0.0,0.0018840251677980646,0.9830394630996283,0.5413018055129178,0.9633727587109281,218.61385804787326,-0.5780698322721564
PSLS/data/trainPlanet.hdf5,run_00611,0,917.6089363527057,0.11574313068737167,14.845497091014547,18.19355422834402,0,14.559027518372641,1,1.6387037167263736,0.42738123879917245,770.5838860924376,0.45324359709834117,0.0012488602851822295,0.3747403513603353,0.0,0.0012488602851822295,0.26171481783700457,0.3740876132534839,0.4887030519585447,199.32471497892752,-0.9458425779393884
PSLS/data/trainPlanet.hdf5,run_00615,0,749.6521149075771,0.05323167525117756,22.24285198757229,20.8478441027092,0,17.371027976826777,1,1.909003123791487,-0.18404041281240557,902.0244200982169,0.495285896088646,0.001199430388389322,0.48549546868394267,0.0,0.001199430388389322,0.37781185626960206,0.42094603681452086,0.5943451157127635,205.29313460502652,-0.8968262114393313
PSLS/data/trainPlanet.hdf5,run_00616,0,770.0408066137485,0.04292899594489076,21.080578875452535,20.2991663304798,0,18.73425977068808,1,1.8641358409117104,0.14248579343461631,855.9185904239043,1.1220360273817762,0.0010829449977508565,0.9522292685123994,0.0,0.0010829449977508565,0.9966785993013717,0.5104662049430859,0.90984459748248,215.4316801529366,-0.6748767043435664
PSLS/data/trainPlanet.hdf5,run_00621,0,995.8630659079138,0.034502628644252145,12.604068694108369,30.620965994258253,0,11.678431977298551,1,0.6909978978234362,-0.14489776132577925,201.53520064610373,3.5309133595319078,0.002618575582462812,2.5504531492371076e-268,0.0,0.002618575582462812,5.114298475583805e-268,2.530515985533881,0.0,321.4549302158202,4.633276944033362
PSLS/data/trainPlanet.hdf5,run_00622,0,1201.6219116403424,0.11679404651402463,8.657137886147801,54.45293642158927,0,10.105507381342154,1,1.1232624114026282,-0.026510039354653903,407.26413175052704,1.9075357454133435,0.005373949995104543,0.0036452942358418533,0.0,0.005373949995104543,3.8100754722313363e-05,1.285573797196103,0.007291878659800183,271.3888949904612,1.304193826682726
PSLS/data/trainPlanet.hdf5,run_00630,0,1084.2947731833392,0.06607512788147583,10.632007748961422,33.33870027399493,0,9.14902954235558,1,1.0738201222883597,0.08596172193060769,398.1961265770327,1.2271053352133163,0.003637329116051302,0.9545807865261013,0.0,0.003637329116051302,0.960883076516271,0.9714688253469633,0.9552480962407743,253.03176032473235,0.5981166821922582
PSLS/data/trainPlanet.hdf5,run_00633,0,992.8801409059314,0.11660560299944649,12.679915650234761,27.16958366269774,0,12.79873802521027,1,0.5671281141983704,-0.3345048667093212,154.83741801086708,1.9594334396703459,0.0021205814010752944,1.5069547758499348e-06,0.0,0.0021205814010752944,3.0203143741871714e-06,3.3988540662545437,0.0,346.0596380691387,6.973030788059517
PSLS/data/trainPlanet.hdf5,run_00636,0,993.0384171424755,0.042214783298029496,12.675873974996133,33.30717260501981,0,12.29078073113101,1,1.5387986823915596,0.3080445760114152,675.5564582676304,2.932264364517799,0.0027062628481552276,0.48672225087077103,0.0,0.0027062628481552276,1.5428083129279948e-91,0.5418224922501436,0.9760860471475401,218.6664111236194,-0.5378354850226728
PSLS/data/trainPlanet.hdf5,run_00647,0,950.1622696707618,0.11160542407607758,13.845685140566813,27.813240630665522,0,12.845329809563486,1,0.6151845337650179,0.02847978751840652,169.03131816899156,0.4443054626889874,0.002162899012531083,0.11935645465236218,0.0,0.002162899012531083,0.23923034037168175,3.91056061463681,0.0,358.4079011772295,8.159312504806094
PSLS/data/trainPlanet.hdf5,run_00651,0,991.9974158206984,0.08298783591836527,12.702492038872382,31.37337806770137,0,11.198445537510853,1,2.7389562863896826,-0.36914562852721733,1579.0337512979784,0.4394264963268547,0.0027976625335037753,0.11336829587374922,0.0,0.0027976625335037753,0.22735862219666053,0.1857361264821589,1.4081645518618388e-05,167.31771145982668,-1.4951324425698482
PSLS/data/trainPlanet.hdf5,run_00654,0,1137.8446175593776,0.08890481796375704,9.654818058306686,35.31115310607879,0,10.543129504387052,1,0.37836756381489645,-0.3461789072653415,82.05828229616988,1.0683737459084846,0.003343607495366885,0.4981648560724699,0.0,0.003343607495366885,0.9996722236849629,9.797307339618966,0.0,450.9148131810345,23.331359132583458
PSLS/data/trainPlanet.hdf5,run_00658,0,934.2773521245452,0.09092769696333124,14.320506230672416,21.762654832501255,0,14.342194418537833,1,0.5666551549230173,0.36724812781985605,157.68335002228974,1.0648272488424786,0.0015162360350645665,0.4991096382465819,0.0,0.0015162360350645665,0.9997351108938203,2.7484206648760248,0.0,328.1622502431677,5.337870311432168
PSLS/data/trainPlanet.hdf5,run_00662,0,821.3095369219409,0.07530139444698282,18.53089014052379,21.173419290312136,0,16.83463378884437,1,0.7522410833456968,0.43805123466820184,233.69282838975718,2.4632890816308253,0.001256939112361688,6.778202259399636e-31,0.0,0.001256939112361688,1.3573465538524938e-30,2.06359317863367,0.0,305.4737108063612,3.405347303228166
PSLS/data/trainPlanet.hdf5,run_00664,0,884.6007110390304,0.08495938324750407,15.974064907526705,28.3823569405766,0,14.51866396888955,1,1.3420898967185784,-0.15905556595559633,559.6089024731731,0.9915341620458541,0.00195297810532169,0.9967058439011676,0.0,0.00195297810532169,0.9999999229502831,0.6002492758744975,0.9973124722293256,224.33690859746739,-0.3729547997883425
PSLS/data/trainPlanet.hdf5,run_00666,0,760.1720387716891,0.04680212721878534,21.631479831840764,17.088041243701195,0,15.364035891949362,1,2.445451393929194,-0.03751079173090743,1315.6047096176255,2.515960439853156,0.0011115921712787635,0.0037825341721767964,0.0,0.0011115921712787635,3.931568012410767e-35,0.26324897068462616,0.007573486973182264,182.56162389348836,-1.3025146839682178
PSLS/data/trainPlanet.hdf5,run_00671,0,1172.4972728610026,0.043239889578856654,9.092563243961179,58.644234678022364,0,10.89006232224824,1,0.605999827857325,0.21768206215774677,165.2025581719193,1.1333249711742948,0.005370640960809081,0.4949632078131326,0.0,0.005370640960809081,0.9952716623833939,3.8960457054162405,0.0,358.07485974278467,8.045367940820922
PSLS/data/trainPlanet.hdf5,run_00672,0,836.9074911858106,0.11511293348859228,17.846584083664865,26.1050422112443,0,11.613052616627542,1,0.7288429126747326,0.1385112073637993,210.86940219515986,0.9085535191168144,0.0022453806259069564,0.49835428132409154,0.0,0.0022453806259069564,0.9989515891927755,3.077158182298792,0.0,337.5633398868245,5.871014506022222
PSLS/data/trainPlanet.hdf5,run_00673,0,817.8841113015812,0.04454838967667421,18.68643567328676,21.837619563317574,0,14.562995211674567,1,1.2663708841323595,0.29107863890987495,504.3743417359787,0.9753594470444605,0.0014984043025269012,0.9984988347952204,0.0,0.0014984043025269012,0.9999944704236814,0.7669543322341298,0.9999999994855013,238.51197904237645,0.028307230403532772
PSLS/data/trainPlanet.hdf5,run_00678,0,1292.5764173154123,0.05491421824474778,7.4816529164269,54.53891418285204,0,11.112553025530687,1,0.8060604514226026,-0.2734581752098497,255.71335815291124,1.1038558431496293,0.004895841478829155,0.4966845689120798,0.0,0.004895841478829155,0.998256443124919,1.7179836058984508,3.6690511902275204e-125,291.7914576364297,2.5675956606591193
PSLS/data/trainPlanet.hdf5,run_00681,0,1129.2950536129931,0.09743825636450108,9.801559061448941,31.373183869944636,0,11.848578381863673,1,1.9772023104222987,-0.2572250131359304,971.2536726602849,1.1247976041404493,0.0026443412747014783,0.5698459851534553,0.0,0.0026443412747014783,0.9963681624799874,0.3273483097229232,0.1463455328165625,192.7837151831711,-1.1150237689033362
PSLS/data/trainPlanet.hdf5,run_00682,0,839.5464352619942,0.044056268186281056,17.734566173061932,23.75443840536626,0,14.980056663073402,1,0.888684958987306,0.14972354778442432,289.1137820303074,2.696597412695739,0.0015844809360935352,5.290721174235218e-55,0.0,0.0015844809360935352,1.0598235049863183e-54,1.96111551427187,0.0,301.6085255633544,3.0255674513720487
PSLS/data/trainPlanet.hdf5,run_00683,0,901.4885962026252,0.04570055507057561,15.381175887079104,30.905209840354768,0,14.146323138938909,1,0.734599993502192,-0.3221149236238875,226.795626075088,1.6382020069341972,0.0021822967769460355,0.041429867275361375,0.0,0.0021822967769460355,0.08304095455820966,2.059302409871414,0.0,305.3147962112039,3.481186943737054
PSLS/data/trainPlanet.hdf5,run_00686,0,977.197646439098,0.02943903617593229,13.090167036502585,17.556345243410483,0,13.091550815483375,1,2.416750971424142,-0.48929376638662336,1320.2146495332731,1.0901607818008896,0.001340145169636986,0.49902883605459586,0.0,0.001340145169636986,0.9990092896142557,0.21839973762287726,0.00038771956934299773,174.23317382780527,-1.4099156613702508
PSLS/data/trainPlanet.hdf5,run_00689,0,736.5363145644156,0.07114533943527786,23.042080218419247,15.878932704036746,0,18.267834676506702,1,2.2372403437947996,0.21757979727972432,1223.0654559925297,1.9543099421611412,0.0008688513865710012,0.00034609939187387444,0.0,0.0008688513865710012,3.95384782051635e-06,0.2153485167449743,0.0006888468767974341,173.6214148256934,-1.39217378099399
PSLS/data/trainPlanet.hdf5,run_00697,0,1616.860420659762,0.05368746773181424,4.781508729300965,102.70854076881119,0,7.008723564364686,1,0.7149078823404372,0.11393529104838462,207.98455340793603,0.5621395222052812,0.014547533117607259,0.2838923153263688,0.0,0.014547533117607259,0.5761664308873246,2.9504799541942415,0.0,334.0342404572996,5.472850114356031
PSLS/data/trainPlanet.hdf5,run_00702,0,1098.633733840577,0.08581337615028921,10.356288802753719,35.90144751317967,0,12.264855394248926,1,1.167781020394261,-0.37597144017275663,456.39173766442093,1.9147696164544732,0.002922900644279247,0.4985511108071144,0.0,0.002922900644279247,2.7437489802033105e-05,0.7885716606175508,0.9999977584138291,240.17517239182857,0.11439999028241969
PSLS/data/trainPlanet.hdf5,run_00706,0,1037.4500581066977,0.0993327675090852,11.613834001813304,36.91582656176134,0,12.984709004845572,1,2.446543938690856,-0.09002253320177855,1355.220401304103,1.6692589490106182,0.0028389854536442494,0.024627777722042377,0.0,0.0028389854536442494,0.049325332948675346,0.18806177581270148,7.045642290660544e-05,167.83902690089215,-1.4568457005397288
PSLS/data/trainPlanet.hdf5,run_00707,0,879.0077020425197,0.11918716789372334,16.17799333186388,28.061921999069927,0,15.891066761520397,1,0.34674553261826735,-0.4476782076259048,73.43744440438958,0.8684099272575746,0.0017643346304918595,0.4968780258175095,0.0,0.0017643346304918595,0.9955124687587364,9.985917191749246,0.0,453.0694819911168,24.102118974966615
PSLS/data/trainPlanet.hdf5,run_00713,0,704.9423513059426,0.03752143972495386,25.153753897094273,14.614474374457062,0,17.32059969381769,1,2.3130411451198123,0.2239508703043186,1255.4681531568503,0.4117908155899685,0.0008434067406968282,0.08362197581781369,0.0,0.0008434067406968282,0.1660217185264446,0.21750660520761378,0.001363406852219536,174.05477102030395,-1.3695130682259478
PSLS/data/trainPlanet.hdf5,run_00714,0,1015.9396770182935,0.03566497049662825,12.110837289917455,36.521153809298184,0,11.393827526430877,1,2.176539638405592,0.07958863467991606,1116.5042509933023,0.5587960777605946,0.0032002138661867408,0.3039995235420655,0.0,0.0032002138661867408,0.5664349711445524,0.2971078197626007,0.04351604965403295,188.16824758139998,-1.2097555111401672
PSLS/data/trainPlanet.hdf5,run_00718,0,892.8090091657583,0.04326359100312136,15.681690745989512,24.661410363599344,0,13.100015026593201,1,2.586536043419816,0.16266348992325474,1436.3694584974535,2.9805386557118787,0.0018807773674985873,0.0005871020152605918,0.0,0.0018807773674985873,5.853701470500318e-101,0.23047146223339857,0.0011764166082527346,176.59244070179324,-1.3745694507527364
PSLS/data/trainPlanet.hdf5,run_00724,0,604.0950432229293,0.020645861919952307,34.253067354801956,9.855116572812868,0,24.53425215012443,1,0.5315976714350454,-0.08571328219388885,131.0020330276059,0.6592735925708119,0.00040160741138994815,0.40831440151955084,0.0,0.00040160741138994815,0.8169568989845201,6.07343277419308,0.0,400.1072094393945,13.453389686331727
PSLS/data/trainPlanet.hdf5,run_00727,0,939.0982920460234,0.08076752690310171,14.173852586828074,28.017044708153346,0,12.751951589165362,1,0.32080242916471224,-0.39807617285526486,64.16610738506441,0.7190166108889423,0.00219466716216854,0.4543694067555129,0.0,0.00219466716216854,0.9107375793698216,12.5980976679177,0.0,480.168938242968,31.063815696757075
PSLS/data/trainPlanet.hdf5,run_00728,0,890.361334103345,0.05750603131092301,15.768029722813182,27.72312721962833,0,14.10018021800368,1,0.41645409073441325,-0.32845993100725457,91.57029694947238,2.946883716518412,0.0019642224903713146,1.2787498509871676e-94,0.0,0.0019642224903713146,2.5625330870963304e-94,9.551543749047122,0.0,448.0600386742279,22.623898991829062
PSLS/data/trainPlanet.hdf5,run_00736,0,920.2551463036262,0.023922044421215597,14.760242863568278,31.68363383155766,0,12.901792088029644,1,1.0688001845440118,0.4407405712427337,370.49338059762584,1.5111842455738822,0.00245274159039377,0.17909454161261526,0.0,0.00245274159039377,0.3590697886296564,1.510802370084801,2.23978165501254e-19,282.5658895827105,1.871320991012607
PSLS/data/trainPlanet.hdf5,run_00737,0,995.9998193617383,0.10033673976283747,12.600607786662861,39.81586493033453,0,12.35729494165003,1,1.5649199563134395,0.03441383490882077,667.6653908264398,1.1321305812121665,0.003216868216882496,0.9939648142487529,0.0,0.003216868216882496,0.9954384522524211,0.6565716550764262,0.9989067218491449,229.42373838868915,-0.3209923605614442
PSLS/data/trainPlanet.hdf5,run_00738,0,881.9365940988534,0.04485763000229318,16.07071823627847,25.417863501246067,0,13.35093784776787,1,0.31160804766441047,-0.40736668020761624,65.15870363041138,0.40671375137370225,0.0019020149402735331,0.07780960969849719,0.0,0.0019020149402735331,0.1559157735276683,9.362794143213096,0.0,445.8298968518769,23.074793177583004
PSLS/data/trainPlanet.hdf5,run_00742,0,1077.368234003208,0.028618515692056007,10.76915630435956,41.218258702233776,0,12.695138516332653,1,2.097933570865402,-0.057288664843114456,1030.855023096727,1.1774693970750942,0.0032415099529173874,0.6947716379287161,0.0,0.0032415099529173874,0.9852307601953321,0.3910110508051276,0.4088313819709173,201.5417743112674,-0.9815811547737395
PSLS/data/trainPlanet.hdf5,run_00743,0,1313.1542946407467,0.11412687637665972,7.249006618681784,48.517328632018575,0,9.716767775555576,1,1.2725204163398063,-0.21295234524873552,520.8553785575098,1.2799235111670064,0.004980710029027335,0.9511290761579112,0.0,0.004980710029027335,0.912016044597453,0.6423761797226716,0.9997641304093211,228.17348560807028,-0.2485729479201747
PSLS/data/trainPlanet.hdf5,run_00744,0,841.945763824035,0.07277208876189299,17.633632304843136,32.56340397005338,0,13.6336298466777,1,1.0494697404680493,-0.46189307634735965,366.709249835225,0.5690631272598159,0.002385611686341771,0.2973516927250492,0.0,0.002385611686341771,0.5961255057319726,1.387025254810655,3.699953060339309e-09,276.59155243736234,1.6394167326615536
PSLS/data/trainPlanet.hdf5,run_00748,0,700.4662091541913,0.10627328725566,25.476257739405757,14.904272063118587,0,16.444810335218836,1,0.5886168321798575,-0.2423765235641795,163.69021735090632,2.8658895846849295,0.0009059101184051288,5.449536790473572e-80,0.0,0.0009059101184051288,1.0908956114672664e-79,2.9477275990159537,0.0,333.95631223227247,5.858207125664728
PSLS/data/trainPlanet.hdf5,run_00752,0,897.3588075495645,0.10271558646415842,15.523074917932064,32.64629677940058,0,14.946265161704039,1,2.0846786370954598,-0.22436546072732033,1047.9956895191183,0.45566587421870075,0.0021818607274067814,0.25448804327019225,0.0,0.0021818607274067814,0.2679641290338054,0.3531140687321764,0.2421249007280977,196.47014921092847,-1.0599729045555581
PSLS/data/trainPlanet.hdf5,run_00757,0,972.24036146681,0.10489712792097487,13.223996337661124,23.030337356331632,0,14.107990133203037,1,2.74840928015821,0.48012760549839373,1556.686255421098,1.2752907196106102,0.0016311005062690231,0.45799996527980646,0.0,0.0016311005062690231,0.9174561908419514,0.194462744228348,4.026865725069447e-05,169.2493160183993,-1.4707187720316026
PSLS/data/trainPlanet.hdf5,run_00759,0,872.6900461379271,0.06341444649669958,16.413075532160917,29.055560573924847,0,16.654360837656153,1,1.1391940840447994,-0.0395691828011967,446.2172803662883,2.0816276027158036,0.0017431008075343701,0.4991265994964598,0.0,0.0017431008075343701,1.2124394763489745e-09,0.7815878007468655,0.9999962921269314,239.6416288087144,0.12440970986879228
PSLS/data/trainPlanet.hdf5,run_00769,0,881.2391485907405,0.09235718130540665,16.096166233355355,25.339290823426488,0,15.535465500856512,1,1.133883494467674,0.4460482821627495,413.80667242955917,1.8811666912707412,0.0016297314740315594,0.024009107313707232,0.0,0.0016297314740315594,0.00011818854166755781,1.2333528440571824,0.0479784106272063,268.5898858423475,1.203393230695826
PSLS/data/trainPlanet.hdf5,run_00770,0,740.4405383005688,0.05253456373012723,22.79972649575507,19.243070025874857,0,18.113657113787962,1,1.8858722896572426,0.4175161530453122,951.8799401492554,1.1250954400105524,0.001061787361433808,0.5163036233550253,0.0,0.001061787361433808,0.9963334317703811,0.2736634011282922,0.037371389654511485,184.34102574987793,-1.2193544779406669
PSLS/data/trainPlanet.hdf5,run_00773,0,1035.5941890644904,0.06129531477465011,11.655497171140386,46.861966912810196,0,12.490807684250179,1,1.4305092210234105,0.4849574957520876,613.1011809270439,2.103068845342877,0.0037446874151509935,0.4788927280223676,0.0,0.0037446874151509935,2.266519584710472e-10,0.5147541380103857,0.9613855441672833,215.88267032023643,-0.5832823620225565
PSLS/data/trainPlanet.hdf5,run_00775,0,1090.014539984016,0.04276409344523496,10.520719233061799,46.29338040373305,0,11.640043315587215,1,0.42286432599399065,-0.2870974940257721,99.09618646935175,2.309817667410797,0.00396918162893567,3.334018491135681e-20,0.0,0.00396918162893567,6.694609101730857e-20,5.808994678615926,0.0,395.6790573577994,13.293961109191594
PSLS/data/trainPlanet.hdf5,run_00780,0,1109.6961498513124,0.11591379710237341,10.150837012279553,35.53582497320509,0,11.863018217338382,1,0.5939870850405223,-0.16192286674827538,161.05979059961567,2.2977959986012255,0.002991030900855729,1.6508123963039545e-19,0.0,0.002991030900855729,3.3115296802105195e-19,3.68287136326082,0.0,353.0729589376532,7.595792140103915
PSLS/data/trainPlanet.hdf5,run_00789,0,1055.2663859032732,0.09429489299036571,11.22498589686951,34.69690400069792,0,12.57487947114766,1,0.48230653495866127,-0.34448117718826654,124.76959895598475,0.7692614513805197,0.002755420425169963,0.47786629084957566,0.0,0.002755420425169963,0.9583733030733773,3.8042776963641223,0.0,355.9474389273555,8.076602667470134
PSLS/data/trainPlanet.hdf5,run_00791,0,1142.97772782246,0.08601841851554415,9.568293256935156,39.626886050328515,0,10.761507997230705,1,1.8526355858486636,0.3898149763490124,924.6343669845927,0.4147334340556335,0.0036755087561920474,0.10610167108816344,0.0,0.0036755087561920474,0.17204942913888327,0.2734725660553088,0.04093674558759866,184.30888047948136,-1.2136541624414834
PSLS/data/trainPlanet.hdf5,run_00794,0,984.2864931277203,0.03552142351094387,12.902294836074734,23.390923870628317,0,11.939562833374614,1,1.833859705498895,0.2366029957743221,924.8074191638343,0.46557119703069366,0.0019571927757358054,0.15724768263671704,0.0,0.0019571927757358054,0.294159953178654,0.2573039081211763,0.02095214722122965,181.52206162789886,-1.2527599990670852
PSLS/data/trainPlanet.hdf5,run_00795,0,539.0116833905165,0.023852606290441707,43.02428435944049,9.743436249651134,0,24.19104096131544,1,1.7274744845510808,-0.06739432930453759,797.7993786437241,0.8052873859218306,0.0004026893404289744,0.8524714975848012,0.0,0.0004026893404289744,0.9786698395226063,0.4445781728787296,0.7269599945999149,208.11570468713208,-0.8265556200502071
PSLS/data/trainPlanet.hdf5,run_00799,0,927.6647820871216,0.03902695940438077,14.525392425430695,15.350923593289542,0,14.614640565424418,1,2.013704196113128,-0.3981281641133184,957.8185353230307,1.6185230880243269,0.0010498283687800924,0.3801038014494889,0.0,0.0010498283687800924,0.11131331738858631,0.440117458862363,0.6496932117535118,207.59169211225782,-0.8692052860503083
PSLS/data/trainPlanet.hdf5,run_00800,0,1200.3939690921245,0.05874733384000913,8.67485857693198,47.11051839226642,0,11.697627056877312,1,0.8407346321972892,-0.2731393380621049,260.8650059885755,0.7898783240415511,0.00401925791902169,0.4836400454740811,0.0,0.00401925791902169,0.9711835280340365,2.3285738714432815,0.0,314.84030520106165,3.9610098928539452
PSLS/data/trainPlanet.hdf5,run_00814,0,993.9618074445799,0.09744766818383381,12.652333146479446,34.92543677531164,0,11.166345849648277,1,1.804995496328062,-0.23324321192973752,907.6505350607324,1.9009320927304614,0.0031228546281937275,0.01213258835052505,0.0,0.0031228546281937275,5.1068988938553274e-05,0.2671365951192816,0.02429012171214818,183.2319342973526,-1.244644836504171
PSLS/data/trainPlanet.hdf5,run_00815,0,1015.541137028666,0.033478303039474355,12.120344733545613,29.077688432386463,0,11.960497801654608,1,0.7259686064591804,-0.23759678220622726,217.6257420325166,1.2186632986181667,0.0024281908262830942,0.4819714089906342,0.0,0.0024281908262830942,0.9662891524367522,2.4438737372040724,0.0,318.66730741653447,4.357903377563852
PSLS/data/trainPlanet.hdf5,run_00820,0,1128.9000004751067,0.07544953159585982,9.808420278881123,29.604303604501325,0,9.36053467470323,1,1.0148761902794885,-0.35025290238942586,378.60561770987164,0.8001247184178328,0.003157676306986601,0.9836847248137173,0.0,0.003157676306986601,0.9763441020462238,0.8654289679033431,0.9972573421008284,245.82478993038987,0.37422084956641555
PSLS/data/trainPlanet.hdf5,run_00821,0,621.7518283521958,0.03367457115672719,32.335223781794944,10.427783675353583,0,19.370608724364477,1,0.8364236126953388,-0.2117769906240694,273.75232927596755,0.5636461197778387,0.0005381853266385184,0.29011008990636156,0.0,0.0005381853266385184,0.5805326139471846,1.5423030635347392,1.793137195837799e-36,284.02740769396564,2.0856494049698138
PSLS/data/trainPlanet.hdf5,run_00822,0,856.3175683413639,0.021721711546473104,17.046699469402075,23.855582703719104,0,14.497280288106,1,0.9142005877231324,0.2665145029851025,301.4594107220271,1.8109670915319145,0.0016441681168682942,0.0007596192418822636,0.0,0.0016441681168682942,0.0015217404809454455,1.692743859249238,9.068437522125562e-80,290.7137889715717,2.380561266564716
PSLS/data/trainPlanet.hdf5,run_00826,0,1219.223390260591,0.09105285742778374,8.408982358567272,44.849235703215925,0,9.595318271147535,1,1.505635108905437,0.30256905670012535,627.980153239688,0.5031423431544296,0.004663168350381941,0.6971405637316641,0.0,0.004663168350381941,0.400855739143903,0.699362196081416,0.9999576168257753,233.07374689415028,-0.18672413109547722
PSLS/data/trainPlanet.hdf5,run_00828,0,838.6529292658009,0.07968905044495622,17.772375335455443,26.768374549232735,0,15.149567425791467,1,1.6628501864745837,0.16394585728130662,781.7644591107079,0.46767213868013324,0.0017653797409672434,0.3979127417019626,0.0,0.0017653797409672434,0.2998408490240927,0.3806918317526371,0.4973920531942413,200.19867986446098,-0.9419220408621354
PSLS/data/trainPlanet.hdf5,run_00829,0,817.995361440425,0.08519044798572784,18.68135318188264,27.407385397796055,0,14.531824272677335,1,1.5460275985799268,0.1750896754007596,652.6661653452705,0.637658829680578,0.0018842476771196992,0.8843955061542689,0.0,0.0018842476771196992,0.7721624007079052,0.7088343039854854,0.9999677437088036,233.8589532654703,-0.17841727660163684
PSLS/data/trainPlanet.hdf5,run_00840,0,866.7769080025483,0.02677366567696488,16.637778862882673,28.813883588561747,0,13.150068934473676,1,0.3061027770550224,0.03718796338211694,59.01265273537771,1.7025602445854706,0.002188759533127582,0.012909162518656144,0.0,0.002188759533127582,0.02587495910071326,14.732278646143392,0.0,499.3272881789886,35.61856911444157
PSLS/data/trainPlanet.hdf5,run_00843,0,784.3364218503067,0.10963161243479301,20.319136498365044,21.15100341880189,0,14.645151654626147,1,0.9344490564967323,-0.3244924576706728,331.7196987646759,0.4528092553301107,0.0014431900593825375,0.22061463614278465,0.0,0.0014431900593825375,0.26060107599711124,1.15940859850974,0.18126589430757126,264.47032501855716,1.0932993509029605
PSLS/data/trainPlanet.hdf5,run_00844,0,1225.3460028953673,0.04940495604533428,8.325158988420384,44.509040809216884,0,10.973454728936545,1,2.5887083900828816,0.4905155727515058,1453.358106877867,1.4009179565429273,0.004047849838777151,0.33816696047466355,0.0,0.004047849838777151,0.6787264491122744,0.21734065096415334,0.00035629682069384,174.02156122870804,-1.4124327270622192
PSLS/data/trainPlanet.hdf5,run_00846,0,751.6096797808372,0.09725552356281045,22.127140003991602,20.428199864443116,0,17.921020879314124,1,0.37668573279435036,0.39078104967846583,84.95791799994912,2.302340944891855,0.0011392521305618741,9.083839081066329e-20,0.0,0.0011392521305618741,1.8188399334826368e-19,6.5110338793530005,0.0,407.12737823259727,15.399942494948519
PSLS/data/trainPlanet.hdf5,run_00852,0,982.7501003280953,0.05583632562738923,12.942668249664452,34.858505820087856,0,12.741808774597187,1,0.3138456780613708,0.200973449033355,61.05720511032239,0.6841118076516749,0.002732019265843544,0.42945441427659153,0.0,0.002732019265843544,0.8612618124176434,15.111608398940305,0.0,502.5109068393597,36.68839162273546
PSLS/data/trainPlanet.hdf5,run_00854,0,1037.716552179051,0.05363643208878016,11.607869713204122,30.485917372251247,0,10.281868724470076,1,0.7121977485011135,0.3495022291305506,223.65928067313948,1.6965867841712061,0.0029606258540340047,0.014583269750992243,0.0,0.0029606258540340047,0.029253147125676626,1.9628189096669397,0.0,301.673997397299,3.268530691136752
PSLS/data/trainPlanet.hdf5,run_00864,0,1067.1228354566401,0.061070188409674056,10.976937361971885,32.16183252070429,0,11.995909970506908,1,0.391468888647352,0.31042295526935415,87.36203710882472,3.5658993329769646,0.0026774756644784015,2.0784802313684181e-283,0.0,0.0026774756644784015,4.168120503952783e-283,7.558860269942371,0.0,422.6023415216407,17.564261724057445
PSLS/data/trainPlanet.hdf5,run_00866,0,1296.8239392975336,0.09477965956157508,7.432723463778359,64.40228145031654,0,10.755013312864305,1,2.3657512261351443,-0.08282433395060307,1229.4779478504327,1.4813151246182035,0.0059702242743219225,0.25317525513537775,0.0,0.0059702242743219225,0.4470768097376433,0.3170519424767009,0.062314883183326855,191.24955103301056,-1.1854729241081916
PSLS/data/trainPlanet.hdf5,run_00867,0,757.4212472270613,0.08184275649037182,21.788886940135285,17.93662227842784,0,17.242130269673897,1,2.732226714665372,-0.06077514911977788,1517.7387302631448,2.062691253565393,0.0010397378797466494,0.000327289239294508,0.0,0.0010397378797466494,4.918768565085204e-09,0.23132873435583165,0.0006552548582316724,176.7564274554887,-1.3937625717591442
PSLS/data/trainPlanet.hdf5,run_00868,0,918.9775198000589,0.05301536287119826,14.80131282661059,23.625790391754386,0,14.74569984137483,1,0.31436684799041825,0.3380435378434531,64.92476871367519,3.0558765685338205,0.0016009327427594089,2.0998874772492898e-117,0.0,0.0016009327427594089,4.2065092929583986e-117,9.227258279125675,0.0,444.20760441624816,22.64758258906389
PSLS/data/trainPlanet.hdf5,run_00870,0,1035.1335827135565,0.07936115473148199,11.665872238764035,38.51269562480884,0,11.48188649078675,1,0.4036325679692589,-0.06887634364768247,87.93504776137772,1.2176474127255008,0.003348594145618722,0.4818315485118986,0.0,0.003348594145618722,0.9669008555681464,10.098328619074945,0.0,454.33918490840097,23.711714248142936
PSLS/data/trainPlanet.hdf5,run_00871,0,952.1113404199391,0.0790300530557199,13.78905605325617,35.45828303574838,0,11.636152110653077,1,0.5072573443756061,-0.2252360208808497,121.16645813582895,0.6201832735049387,0.0030426134325738374,0.3648161052802839,0.0,0.0030426134325738374,0.731858974507153,6.879135701554923,0.0,412.7635023949587,15.377588850676512
PSLS/data/trainPlanet.hdf5,run_00876,0,930.2609789803637,0.11382311518445562,14.444429862406592,26.358522751924976,0,12.809514212082533,1,2.760161574764836,0.49912183496830587,1588.4458203513339,1.0407066882237472,0.002055614408573825,0.4989604051926747,0.0,0.002055614408573825,0.9999588143998202,0.18885221792692236,1.756183274640676e-05,168.01511058561536,-1.4901646250057956
PSLS/data/trainPlanet.hdf5,run_00878,0,1042.0004727501164,0.06351092712694176,11.512620290997388,22.693227769840288,0,11.879844295344496,1,1.796455987299017,0.4655326404607376,867.8905047955014,3.027975572116095,0.0019084060670682135,0.10392912510033062,0.0,0.0019084060670682135,6.5161676457951135e-111,0.33260545403202346,0.20825568661650162,193.55311330148757,-1.0779616295293715
PSLS/data/trainPlanet.hdf5,run_00879,0,822.3869717276825,0.04540165601154644,18.482366154178635,16.528623002730054,0,11.612884067559527,1,0.5213898970572252,-0.15993014221385793,129.96064873489732,0.6928851778200661,0.0014222880282822592,0.43691655934786566,0.0,0.0014222880282822592,0.8750777312767426,5.547120703525401,0.0,391.14224467229326,12.032391028549831
PSLS/data/trainPlanet.hdf5,run_00881,0,956.9752603185764,0.06447627001658154,13.649243824288233,28.024093394149673,0,11.070909259443901,1,2.2604889152335383,0.4351388241896418,1220.7934644604059,1.8132827465405317,0.0025281260619844925,0.0011970199973911394,0.0,0.0025281260619844925,0.0014126027215106622,0.21510947310151401,0.0009875050482759855,173.57321344548464,-1.3804514049907108
PSLS/data/trainPlanet.hdf5,run_00883,0,854.6052294986939,0.061287786406502606,17.1150795068371,18.67084437619063,0,14.568997235378143,1,0.6110981277582673,-0.4415047431637735,176.00938015668766,0.5388347068731659,0.0012807254616172825,0.2533765570825615,0.0,0.0012807254616172825,0.5074029580528012,2.6594210687136357,0.0,325.4727219614202,5.1334339920864505
PSLS/data/trainPlanet.hdf5,run_00889,0,1094.8038598442083,0.10457992986753051,10.428872866897029,34.86019988179116,0,11.979312132449802,1,1.0284603978161457,-0.14225561488053662,358.96972867339974,0.9407168820157664,0.002905803479122393,0.4984547388037481,0.0,0.002905803479122393,0.9998147427654922,1.4764768721068038,9.744902739356935e-15,280.94705359720695,1.7842208893183071
PSLS/data/trainPlanet.hdf5,run_00896,0,990.4081185792835,0.09433333697515649,12.743291852482706,28.667906171370788,0,14.417854282287223,1,0.3153897634479434,-0.23560137073733434,63.094359001998775,0.5377035911472674,0.0019863860052362625,0.2515116168526663,0.0,0.0019863860052362625,0.5040244207610297,11.386665088816423,0.0,468.1844190602304,27.985088805579007
PSLS/data/trainPlanet.hdf5,run_00899,0,974.3299782858749,0.11499018725417452,13.167334931678539,34.480298370402025,0,14.87507144262617,1,0.5820064345765609,0.10672194070354857,160.67513505196933,0.7945031538440992,0.0023153076496490455,0.4856755645092353,0.0,0.0023153076496490455,0.9736053248748925,2.9436326999291382,0.0,333.8402711189542,5.836687902324793
PSLS/data/trainPlanet.hdf5,run_00901,0,636.1723976929908,0.06410353388501937,30.885907686353217,12.018464844435075,0,19.579303137128875,1,0.3155104459752033,0.4632104297739319,61.87407054361398,2.298736595882798,0.000613646810446733,1.4625113468935863e-19,0.0,0.000613646810446733,2.926818726763607e-19,13.809487086273764,0.0,491.31746996534304,34.18407190121718
PSLS/data/trainPlanet.hdf5,run_00903,0,1107.1015155252874,0.08225419378826858,10.19847234233775,38.693955241909656,0,9.232356654418334,1,0.6555931607334161,-0.12968261261820324,185.41904002141789,3.1439286138411404,0.004182353894961355,1.1640286612631387e-138,0.0,0.004182353894961355,2.3378349757428524e-138,3.1870341416669734,0.0,340.5371513088495,6.214451362068008
PSLS/data/trainPlanet.hdf5,run_00904,0,953.0699247991224,0.058630121256212864,13.761332323514702,31.3522584930926,0,13.042671456437875,1,0.9219202723367887,-0.2620620329611304,314.0552740696128,1.0237737679797856,0.0024009349734681606,0.4987971424558398,0.0,0.0024009349734681606,0.9999952083807816,1.4880414651899625,3.026457910899118e-22,281.4955787172907,1.9164898149184
PSLS/data/trainPlanet.hdf5,run_00905,0,937.6315763861979,0.09780558722047798,14.218230937474754,26.552763795112448,0,14.615730472532926,1,1.4995660958536852,0.42841586441247614,623.1422755828726,0.4972917076465504,0.0018150758122453814,0.6905616465491249,0.0,0.0018150758122453814,0.3836679463717172,0.7152859418623583,0.9999667485943492,234.3892784630235,-0.1793230863496622
PSLS/data/trainPlanet.hdf5,run_00906,0,1056.7279465792612,0.07527820449159824,11.193956808524511,49.11538312609536,0,13.85711415729406,1,1.1538109433287749,-0.1400476477068232,457.59155038749066,2.355519674315042,0.0035381424033528175,0.4982237930644222,0.0,0.0035381424033528175,1.014543970357073e-22,0.669912570507223,0.9999856778584209,230.5803804964757,-0.1558362583172385
PSLS/data/trainPlanet.hdf5,run_00909,0,1072.4893766482676,0.0827194956847949,10.867359020440723,35.02373573945352,0,11.57788802389564,1,1.749140381357083,-0.23448794053757005,807.9252761695521,1.6447802117621775,0.003020483070731439,0.3208586267827813,0.0,0.003020483070731439,0.0748241047245914,0.40456587434580216,0.5688373172693869,203.26618275351512,-0.9090068386369949
PSLS/data/trainPlanet.hdf5,run_00910,0,914.3248976255294,0.028360123251213093,14.952331636274272,26.795222265974765,0,13.40915970015794,1,0.8859315020690265,0.06860097261608722,281.148993356189,0.4597070849895355,0.00199628228340476,0.13898718772337462,0.0,0.00199628228340476,0.2785304007511584,2.1120048174344106,0.0,307.24975541602487,3.334448862982168
PSLS/data/trainPlanet.hdf5,run_00911,0,795.211200160425,0.024776978974220026,19.76719454320154,17.352106788917403,0,14.622153557096372,1,2.4159379075552057,0.03824040129672468,1358.6780573383353,0.4696771928858397,0.0011859959561918432,0.15250527782345036,0.0,0.0011859959561918432,0.3053006351758133,0.19119335976010732,7.209128980687618e-05,168.53341498255253,-1.4562625418568351
PSLS/data/trainPlanet.hdf5,run_00917,0,1028.675178009853,0.0738047733328755,11.81281743814514,26.332354732256164,0,12.919790161567182,1,1.318327877945332,-0.188750319391921,545.697154294914,0.5050631167099509,0.0020360654544888668,0.7016462656028517,0.0,0.0020360654544888668,0.4065291952201939,0.6518818416227126,0.9996263607366307,229.01294977742202,-0.2683833744577215
PSLS/data/trainPlanet.hdf5,run_00918,0,769.7741869224977,0.035012400249947756,21.09518438155284,18.17233121687781,0,13.570199457315878,1,0.3943072103381243,0.025219606016979035,86.4404942430002,1.4637720879664884,0.001338238918278556,0.24947245574027954,0.0,0.001338238918278556,0.49961351372872875,9.25770172073425,0.0,444.5735448883454,21.931862489963958
PSLS/data/trainPlanet.hdf5,run_00922,0,750.1751778869894,0.06946212231852969,22.211844946280685,16.23072610802154,0,17.36149540098327,1,1.1139903423705593,0.18548227630735603,436.95125301221304,1.6469664159590842,0.0009344322764024415,0.535611806525414,0.0,0.0009344322764024415,0.0722258898946325,0.6956225274141827,0.9999996453038676,232.76154391368087,-0.08413488168291225
PSLS/data/trainPlanet.hdf5,run_00925,0,894.1100311475043,0.08047697919390374,15.636087005969443,28.085096561061274,0,16.05112622369364,1,0.9115461207729284,-0.03198996602138848,299.05127211899776,1.974596681515965,0.0017481975944755312,6.62132592972347e-07,0.0,0.0017481975944755312,1.3265843174573418e-06,1.797951027208919,8.93219103114204e-169,295.12927045103294,2.6994500033138475
PSLS/data/trainPlanet.hdf5,run_00926,0,625.358461957165,0.11059287243353846,31.963325050379595,14.120221095158659,0,23.485991062635865,1,1.4924550625716535,0.16783590550515137,651.733894800051,0.4025903248018132,0.0006010381778793761,0.5425689347794815,0.0,0.0006010381778793761,0.1479847335095887,0.510190450790747,0.9378057375756743,215.4025801763925,-0.6328049652926913
PSLS/data/trainPlanet.hdf5,run_00928,0,973.1883224908632,0.04884797138364805,13.198246485585964,34.67793261029754,0,12.78157965635134,1,2.532571099322378,0.15385111878615376,1364.4234058654695,3.169468656818549,0.0027094407261639697,0.0047226405286629495,0.0,0.0027094407261639697,4.925356018906453e-145,0.2676376433744088,0.009470942013331958,183.31779256156145,-1.2923802243373839
PSLS/data/trainPlanet.hdf5,run_00933,0,980.7892445482247,0.11808577170605243,12.994471581197738,33.89861738328094,0,10.430797883738615,1,1.7651089783116078,-0.02359566938310298,827.6404969164871,0.7542714242099005,0.0032445834467574874,0.8267929363526568,0.0,0.0032445834467574874,0.9467778896781363,0.43733771609274574,0.7121906448730737,207.2631302260066,-0.8351939947490314
PSLS/data/trainPlanet.hdf5,run_00937,0,1392.9040007530139,0.03295779413308708,6.442696027990325,50.05732989584486,0,9.28747868482859,1,2.695164889910598,-0.24500055321106828,1543.802062241102,3.4344194353485555,0.0053752665273788525,3.781846051648306e-05,0.0,0.0053752665273788525,1.5826327453236546e-229,0.1990045396159461,7.604568686813996e-05,170.22900692820707,-1.4549004204864966
PSLS/data/trainPlanet.hdf5,run_00943,0,1147.4367114950849,0.10740357576669791,9.494072231371,40.64555155216271,0,11.392050148681118,1,0.8359463605106695,-0.392208517281048,277.64591941327427,0.5328998328239071,0.0035615299973547065,0.24395547480421814,0.0,0.0035615299973547065,0.48965487011670755,1.4100317634360038,1.9686694726022098e-16,277.73143859521684,1.8184976768271435
PSLS/data/trainPlanet.hdf5,run_00948,0,1482.1908836975958,0.06066686748186707,5.689862054335473,59.45374229437486,0,7.187882158133492,1,2.964405939285825,-0.21925053605405131,1724.1606839347983,0.5832084130935501,0.008237271440844851,0.31542782023063604,0.0,0.008237271440844851,0.6359376844053539,0.2205290222615583,0.00015764595434486267,174.65630084193057,-1.4356348917200914
PSLS/data/trainPlanet.hdf5,run_00955,0,1256.1000234615913,0.02532312745027682,7.922487553341821,58.464821437164986,0,8.741784898838786,1,1.3435108254719534,0.1862591121346292,571.000223084995,0.57038931755627,0.006665658290066601,0.7905517694907332,0.0,0.006665658290066601,0.5999161026456413,0.5655829324384627,0.9917972536647253,221.0252515674852,-0.44939106555316655
PSLS/data/trainPlanet.hdf5,run_00956,0,1219.2285795371445,0.026071766218772635,8.408910778155098,61.61933211175611,0,9.68391492835235,1,0.6932152059767884,-0.46275985768546357,200.75240748821417,0.4438296769901296,0.006342858643780813,0.11827491826336585,0.0,0.006342858643780813,0.23805981629022502,3.1564998496080308,0.0,339.7185509549405,6.15695684445284
PSLS/data/trainPlanet.hdf5,run_00960,0,890.2780779852861,0.0512604962412499,15.770979017781722,25.13148606504089,0,15.351975630073062,1,0.38911185512503194,0.25292333364787867,88.27135019191924,3.533274679596068,0.0016356804831983984,2.5593328142106708e-269,0.0,0.0016356804831983984,5.12705184706393e-269,6.987651110791971,0.0,414.3817526220969,16.685296489471472
PSLS/data/trainPlanet.hdf5,run_00961,0,1050.8419695899106,0.07587368694784125,11.319707203562254,35.271072583350126,0,11.800633686269938,1,2.042426168937554,0.48210722010159546,1003.8032686828745,1.0399614040341352,0.0029844510816418035,0.6449692881585096,0.0,0.0029844510816418035,0.9999617487257361,0.3620391506167785,0.2938381099790227,197.7000158137922,-1.0343634703737434
PSLS/data/trainPlanet.hdf5,run_00963,0,987.2767493554403,0.056618720761413735,12.824256453546473,25.57345684021614,0,12.352134480843217,1,1.0774901010155038,-0.4998203405187278,388.6416624516989,0.6863337924752995,0.0020682256912096797,0.4321760690817253,0.0,0.0020682256912096797,0.8648505855323387,1.2934926910525368,0.0012929329082254212,271.80585925784015,1.3713430374233107
PSLS/data/trainPlanet.hdf5,run_00965,0,1050.708036658026,0.09152551642571848,11.322593215942131,31.19375327201201,0,12.13979376476318,1,1.9254463427267046,-0.3248225783950046,909.7064507064489,0.9096878719272595,0.0025662471121721264,0.8609920209779962,0.0,0.0025662471121721264,0.9990026240420655,0.45495310671333156,0.7274118240056415,209.31939869063766,-0.8262869803144497
PSLS/data/trainPlanet.hdf5,run_00966,0,1037.262712694692,0.06461604798860476,11.618029650573346,29.13368108844062,0,12.491761850613326,1,0.6673309515003898,-0.4802224891747052,183.86654623513056,2.433588545630041,0.0023295140098827938,1.5229816751934278e-28,0.0,0.0023295140098827938,3.0530755326133087e-28,3.4982105552774563,0.0,348.56141196588425,6.984980647630841
PSLS/data/trainPlanet.hdf5,run_00969,0,715.6491410010348,0.07072660505301544,24.406736045191877,18.025595353588734,0,18.824207403289957,1,1.7950317219346321,0.3190426972332635,827.0325062998581,1.3160138772986847,0.0009571169340408803,0.8440036406484542,0.0,0.0009571169340408803,0.8610569900241,0.48202027890627486,0.8285674594455653,212.36558931081743,-0.7569169993467169
PSLS/data/trainPlanet.hdf5,run_00971,0,896.9285979118034,0.028355431589958516,15.537969700055278,28.42590470810793,0,16.907464225913266,1,0.5922945020658738,-0.2631941030899485,159.5726344738476,0.9617223085116059,0.0016798510997719784,0.4991440010758016,0.0,0.0016798510997719784,0.9999677991587566,3.6122071078763325,0.0,351.3670079462683,7.416620032406313
PSLS/data/trainPlanet.hdf5,run_00974,0,966.7844838288485,0.09823993278319725,13.373672063315187,31.017677432851325,0,10.677922722755797,1,0.8768711240699316,-0.27406092421856176,285.9778292198528,0.922411172413255,0.002900626938632578,0.49827874322433635,0.0,0.002900626938632578,0.9994565370038987,1.9398939604782786,1.03149184013e-313,300.7892546023943,2.994264929405141
PSLS/data/trainPlanet.hdf5,run_00979,0,956.1309135932742,0.10708669160022574,13.673361406547128,21.871622159239916,0,12.379820366262955,1,1.7948608733381488,-0.23716684486462813,842.5766602193833,0.5568792567292259,0.0017651559083451396,0.5762043400728246,0.0,0.0017651559083451396,0.5608312950655906,0.4117899820940402,0.5936151630664986,204.16757194307755,-0.8971789095214159
PSLS/data/trainPlanet.hdf5,run_00983,0,908.9065062002308,0.0285375377879903,15.131137873662894,27.291482452256304,0,11.117762860621214,1,1.0838295214539373,0.4752809273585178,382.476765341737,2.1970144475488915,0.0024517533890515697,1.2873168495219617e-07,0.0,0.0024517533890515697,4.223144962517923e-14,1.383465309616549,2.5809611580310513e-07,276.4139060878818,1.5733690910303615
PSLS/data/trainPlanet.hdf5,run_00986,0,1220.9596171970102,0.09977646011545176,8.385083908840446,39.9548402430453,0,10.49909300393618,1,1.0260943022481188,-0.09806356575296038,363.89437036136394,0.7282737789361335,0.0037983196712646494,0.5541139646687395,0.0,0.0037983196712646494,0.9214798056702092,1.1624816746562259,0.19097357723492345,264.64539937718,1.0876607403363419
PSLS/data/trainPlanet.hdf5,run_00988,0,952.663612403548,0.08328778990180742,13.773073282652604,23.858077430667343,0,13.998673950578784,1,0.7769102041898854,0.2357105233647041,235.47395365153085,0.5295401333226618,0.0017028583051582613,0.2393873011423361,0.0,0.0017028583051582613,0.4795912782759659,2.586136263102566,0.0,323.20693495898803,4.68790756206186
PSLS/data/trainPlanet.hdf5,run_00991,0,876.0276345931927,0.10289659183925774,16.28824901852004,23.231629830544534,0,17.619642220075608,1,0.8489462245011354,-0.12963396969546537,277.5528441877357,2.748819808943803,0.001317638617791661,5.820218372852058e-62,0.0,0.001317638617791661,1.1655794871147399e-61,1.7391038981183151,2.895765469541825e-144,292.6841483450266,2.6294437371542663
PSLS/data/trainPlanet.hdf5,run_00992,0,1323.4750694423742,0.05181957417486291,7.136388477966545,39.00541876590523,0,10.611838158727403,1,0.7845894842583346,-0.13308745441722059,253.66707945333144,0.48285313953869224,0.0036689045545118537,0.17038543243431056,0.0,0.0036689045545118537,0.3420257246073934,1.4993558409129875,1.3613092055451754e-33,282.0291501206434,2.0566506087925642
PSLS/data/trainPlanet.hdf5,run_00995,0,1475.5683196659245,0.10498060483604774,5.741050515404338,81.03228689144262,0,7.039846476791197,1,0.24830464996854199,0.21211198456134928,45.39320495613129,1.2445755031259431,0.011444526458772253,0.46844849511129877,0.0,0.011444526458772253,0.9477434653883632,15.05071433335228,0.0,502.0039078470715,37.96882582638088
PSLS/data/trainPlanet.hdf5,run_00996,0,906.6450422452033,0.066512301966266,15.206715850262524,25.166284548413827,0,13.296120987551127,1,1.0842218507312045,0.09170492427946308,415.25830446291377,1.0662239231614814,0.0018909637479956887,0.9979598653332475,0.0,0.0018909637479956887,0.9997115382502932,0.8002305775220727,0.9999895546897789,241.05803122343514,0.14784975249492302
PSLS/data/trainPlanet.hdf5,run_00997,0,980.9533808404576,0.045308104944502096,12.990123390982722,29.760832681051934,0,10.452502236914464,1,0.727356943582745,-0.4406243903267728,211.83021209698964,2.9040212360389113,0.0028431952466132504,1.2028129428739218e-86,0.0,0.0028431952466132504,2.412485051779589e-86,3.1819536562308612,0.0,340.4013566201913,6.188847172070407
PSLS/data/trainPlanet.hdf5,run_01000,0,1232.8247103925955,0.054231297827155675,8.224459222125686,39.222836078150145,0,10.199439773951656,1,0.5611196567662929,-0.009754956573476803,149.41632962850562,0.6101286265830865,0.003838202500086152,0.3522016689541834,0.0,0.003838202500086152,0.7071173976719658,4.021650700311322,0.0,360.9266134325623,8.435961089071032
PSLS/data/trainPlanet.hdf5,run_01005,0,908.4311739750739,0.02299224627094702,15.146976606003722,27.450922116827343,0,12.394221913947579,1,1.273485443459368,-0.12845122207622428,500.71753023735585,3.563821801210372,0.002212365194507404,0.49862895620065817,0.0,0.002212365194507404,3.414827965400149e-282,0.8708437472660877,0.9994691030579071,246.20840756110942,0.2845690006335222
PSLS/data/trainPlanet.hdf5,run_01006,0,950.0960650389837,0.055743712556541994,13.847614798960622,32.991125795682514,0,12.328245259030906,1,0.3658687519596617,-0.2426386097479296,75.14193013311528,0.5540686203309471,0.002672482687941735,0.275553993658338,0.0,0.002672482687941735,0.5525847605227936,12.38925357916935,0.0,478.1664545749153,29.34810856750881
PSLS/data/trainPlanet.hdf5,run_01009,0,1006.3913096913834,0.023084027826373914,12.341736138815417,32.01281457183189,0,12.359968669020407,1,1.3935134092215082,-0.24405735875391799,556.5165090600099,0.7191125884225585,0.0025866888468686344,0.9526745983165656,0.0,0.0025866888468686344,0.9108538744212566,0.8995649469483165,0.9994366494041327,248.2138156246148,0.28739785302596216
PSLS/data/trainPlanet.hdf5,run_01010,0,1048.2256325406217,0.03521883543352303,11.376284964915238,41.964744522676995,0,13.912723384383685,1,0.9889628293467352,0.415665238350754,347.49504120038387,1.9425010542259937,0.0030117409888903435,3.6073528802678167e-06,0.0,0.0030117409888903435,7.236500211683705e-06,1.4427806218600694,1.3195311386382549e-14,279.3302016447478,1.7814159537289127
PSLS/data/trainPlanet.hdf5,run_01014,0,1065.2011684489974,0.06449470491165168,11.016578786033461,37.8033095843979,0,9.39379076406108,1,3.1272896818842515,0.3244269612624643,1863.297616437758,0.4123400361752655,0.004016200358662125,0.08323401977611908,0.0,0.004016200358662125,0.16713730982961886,0.1656270780840226,1.994657245976999e-06,162.59255467329154,-1.5358545785114925
PSLS/data/trainPlanet.hdf5,run_01015,0,830.8893491679382,0.06999961966500041,18.10604640389595,28.302102743680276,0,16.223505812829355,1,0.579910068197623,0.3638161596299696,148.93157682768268,1.6405474717466009,0.0017429913570000677,0.039951217402403406,0.0,0.0017429913570000677,0.08004194722702096,5.32641229639579,0.0,387.1921241990442,11.462236259632245
PSLS/data/trainPlanet.hdf5,run_01016,0,1238.4075207736603,0.09464828418817968,8.150473719749348,58.54001935010706,0,10.543642938997797,1,0.6741846233671803,0.2806644839041369,188.06845705701906,0.5921401103443128,0.005536777770614121,0.32831471571268606,0.0,0.005536777770614121,0.6602852843098023,3.7075748039947936,0.0,353.6635485987115,7.490187268411557
PSLS/data/trainPlanet.hdf5,run_01017,0,1389.3069747698983,0.08470669901300855,6.47610051785935,74.34537315285613,0,9.716748009727862,1,0.5205877377009355,-0.36692760316747586,127.80105359063401,0.42918256285367057,0.007622064414852248,0.10093271550764618,0.0,0.007622064414852248,0.20341587995531563,5.6628022450594795,0.0,393.1657415532635,12.396194109759183
PSLS/data/trainPlanet.hdf5,run_01018,0,823.2403918966105,0.025504015510872197,18.444066166793387,22.177809795251793,0,17.136852620510393,1,0.47646260576825683,-0.19761842082048853,111.54358455390262,0.5555432268569266,0.0012933218059452134,0.2780976638750133,0.0,0.0012933218059452134,0.5569155988380748,7.465136760395482,0.0,421.28622770566227,17.04127554572093
PSLS/data/trainPlanet.hdf5,run_01019,0,1028.5550589610161,0.0670375238769984,11.815576701711208,45.13483106276261,0,10.43465806536317,1,1.8636139686921218,0.20670579214178597,903.7074576534795,3.0278219114206255,0.004316131551869606,0.14524095208346469,0.0,0.004316131551869606,7.036939924126637e-111,0.35374810855996697,0.2917410971211912,196.55828369830752,-1.0353691842122443
PSLS/data/trainPlanet.hdf5,run_01021,0,861.5135495855851,0.05425149006018763,16.84169462660115,20.106913434234873,0,17.14655661692488,1,0.9805243331257811,-0.22927555427098434,346.7883132590676,1.396920301510786,0.0011719629370359197,0.4035507006273651,0.0,0.0011719629370359197,0.6891406891664714,1.1757482168399072,0.1189077148691195,265.39723988256515,1.1342526424008301
PSLS/data/trainPlanet.hdf5,run_01022,0,926.2891062654534,0.07495263923739469,14.568569160002188,22.509045961291008,0,13.877941267320159,1,2.3266010962132584,0.034054780960992015,1313.301761548288,0.404534912941819,0.001620615143646087,0.07572767289698062,0.0,0.001620615143646087,0.15169391624681117,0.16285519714645388,7.27880115404467e-06,161.9079691565625,-1.509503490308388
PSLS/data/trainPlanet.hdf5,run_01028,0,1002.2982292437771,0.05039966402168193,12.44274173336055,35.692169775780016,0,11.548955863675856,1,0.4488574894715351,-0.19113852130190434,110.75368793588457,1.0110411668492878,0.0030857398241627143,0.4984570189713262,0.0,0.0030857398241627143,0.9999997770789387,4.74874597759381,0.0,376.2379110007044,10.676478657740093
PSLS/data/trainPlanet.hdf5,run_01030,0,1120.9340454330988,0.087740517377678,9.948323360994008,38.039311697554275,0,12.808518897913045,1,2.6669427986157785,-0.24359238038485254,1545.0968610355594,2.2040176089954078,0.0029654390529237906,3.1578397362877555e-06,0.0,0.0029654390529237906,2.0412227816330132e-14,0.17995487439163602,6.334463918908282e-06,166.00024285894446,-1.5124442227249075
PSLS/data/trainPlanet.hdf5,run_01031,0,548.3323905769346,0.10549370486116724,41.57403824662687,6.186370963536663,0,20.46578590110678,1,0.5066544420869106,0.19299989690614705,122.48325453473099,0.4567013978698534,0.0003022330089629266,0.1352866735609168,0.0,0.0003022330089629266,0.27065514804161755,6.47709318083831,0.0,406.5957698095267,14.675357544162226
PSLS/data/trainPlanet.hdf5,run_01036,0,915.5405333830794,0.10375263337119595,14.91265120469473,28.502438411284956,0,13.282743903942043,1,0.5651534898370574,-0.1454111764367314,144.44139720680636,0.48103813985985366,0.0021435239482505697,0.1680819952244959,0.0,0.0021435239482505697,0.33688611390197376,5.135968192526621,0.0,383.6837455752244,10.989890747919848
PSLS/data/trainPlanet.hdf5,run_01040,0,868.5286300215029,0.10627381110272718,16.570733582481356,27.488211350580965,0,14.541957162408552,1,1.2683828242146646,-0.1621688908263793,487.87728597741955,3.0890975216119796,0.0018884836028960628,0.4971096630228477,0.0,0.0018884836028960628,8.270489547792719e-125,0.9348898227505259,0.9961004454036777,250.61550006901774,0.39686596923383904
PSLS/data/trainPlanet.hdf5,run_01041,0,958.2687342511484,0.07155453815669527,13.612421114520213,26.87618909288656,0,13.616920154376762,1,1.327376365437846,0.4807414932285422,519.913966647661,2.988171334590494,0.001971788260124674,0.49871273810253197,0.0,0.001971788260124674,1.634385602430263e-102,0.893044287551668,0.9993960736503023,247.76278204566546,0.29074964429843564
PSLS/data/trainPlanet.hdf5,run_01043,0,914.7068294273546,0.05611456614467773,14.939847682889361,30.367336351335908,0,10.481174921227886,1,0.3402333146786691,0.28496897278425926,67.54796361183357,0.7674527757612143,0.0028931285912421334,0.4771562389650946,0.0,0.0028931285912421334,0.9570814376014611,14.635648322133266,0.0,498.50648350501757,35.278765379167176
PSLS/data/trainPlanet.hdf5,run_01051,0,962.4662985316643,0.05452716660627266,13.493945457289032,21.002078541859007,0,12.35053544744424,1,2.8782065730972035,0.15305291337019178,1705.9183193396934,3.2280670758340597,0.0016990544043582467,1.1773697899959236e-07,0.0,0.0016990544043582467,2.8709131078356266e-161,0.14765448334544476,2.3587472198444917e-07,157.98995642168506,-1.574921540544426
PSLS/data/trainPlanet.hdf5,run_01057,0,1420.0047321701197,0.07477011714163245,6.199125514561715,79.13751719952026,0,10.312675664731737,1,0.8256110453524755,0.29372478080829434,265.4313327281222,2.4447236173114657,0.007644441833097759,2.0677072611025538e-29,0.0,0.007644441833097759,4.1672709828361545e-29,1.8850092339653168,3.3050642056207813e-307,298.6387713907565,2.983800838300094
PSLS/data/trainPlanet.hdf5,run_01060,0,944.839596839405,0.0351739093920614,14.00212149774505,21.548342390389404,0,12.30757981646817,1,1.105404658167071,-0.20869910090017785,394.07385176057255,2.2526281137648687,0.0017492870323683185,2.071602828432285e-07,0.0,0.0017492870323683185,9.151319646956393e-17,1.3959296478329453,4.150466012324684e-07,277.0344017672485,1.565047955383778
PSLS/data/trainPlanet.hdf5,run_01061,0,1071.510889906078,0.08659092530223182,10.887215882422305,40.49242580000404,0,10.950494228678174,1,0.4124112688564304,0.001797632790231929,95.01708655409671,2.5460018257274952,0.00369094319215435,3.037899741866465e-38,0.0,0.00369094319215435,6.098307992100033e-38,6.719979557179718,0.0,410.35507389955217,15.85702008756943
PSLS/data/trainPlanet.hdf5,run_01065,0,812.5634130365622,0.08455565705820657,18.931955969582077,23.37846896800178,0,15.789759265362363,1,0.32839345164295286,0.3155158589674918,70.51544447169826,2.9206076610262093,0.0014795140268643037,1.1434970451265729e-89,0.0,0.0014795140268643037,2.290382743649263e-89,8.18544020561093,0.0,431.1003046959941,19.924706541953
PSLS/data/trainPlanet.hdf5,run_01067,0,843.6023937079061,0.08390293935984439,17.56444397766621,21.648993260183257,0,17.020281764070646,1,0.38967445939959505,-0.26722626817543504,84.22447915114475,0.8236197160794052,0.0012711441060780926,0.4921672806249111,0.0,0.0012711441060780926,0.985587384845093,10.343028763411455,0.0,457.06688028086376,24.775382050780777
PSLS/data/trainPlanet.hdf5,run_01068,0,1233.045981131064,0.11938566445692916,8.221507720059225,67.5503333420833,0,9.450332347052205,1,0.5020027487565596,0.04314824669598161,131.6995712133453,0.9254793428713946,0.007122446330137477,0.4962091814189697,0.0,0.007122446330137477,0.9995375151445152,3.8429250296958424,0.0,356.84802521888776,8.26880061253834
PSLS/data/trainPlanet.hdf5,run_01069,0,915.7770500604325,0.10840804904863366,14.904949253123847,21.779659201700166,0,12.017947899395136,1,0.2872342002103041,-0.4737833315355714,56.09606732135655,2.593108415342967,0.0018106199232952314,5.446450905988127e-43,0.0,0.0018106199232952314,1.0912660492480094e-42,12.073432029101333,0.0,475.0895798010733,30.021333348633668
PSLS/data/trainPlanet.hdf5,run_01081,0,1165.7862420615756,0.11634387142667782,9.197550087539247,47.136130582213084,0,11.304948718764992,1,0.41179783264892666,0.3274368081085177,98.74158864400142,0.5370970644039617,0.0041608326434139364,0.25006113210087005,0.0,0.0041608326434139364,0.502211883801773,4.846602868579504,0.0,378.16138377598094,11.014670997370278
PSLS/data/trainPlanet.hdf5,run_01082,0,828.4175453062005,0.05241109243382254,18.214256000105994,25.01466673382135,0,13.246750502482183,1,0.47301929918643704,0.23577738839453066,111.61315398674212,0.41695848471227887,0.0018865806530935503,0.08817805389235477,0.0,0.0018865806530935503,0.17668944667641506,6.9422290456120495,0.0,413.7066999256176,15.623399443527234
PSLS/data/trainPlanet.hdf5,run_01083,0,812.388727091185,0.09804316429691416,18.940098628582334,23.081734801163364,0,15.763728855929156,1,0.524960854992498,-0.06521629580351185,135.01724577425875,0.818907537807869,0.001463159177948259,0.4912787566300379,0.0,0.001463159177948259,0.9839972578790174,4.0846300844279035,0.0,362.33142552494616,8.833315005296276
PSLS/data/trainPlanet.hdf5,run_01090,0,1000.5270472884762,0.06035973950236877,12.486834227179445,26.230582804873176,0,13.045901770698983,1,0.48986444028556014,0.4035997559643577,119.49085434819749,1.6352858008826774,0.002008617788936684,0.04335178000391629,0.0,0.002008617788936684,0.08687806483432721,5.1628365032819,0.0,384.184565060607,11.527140448140392
PSLS/data/trainPlanet.hdf5,run_01094,0,1076.9949961558823,0.07549856836422511,10.776621804593132,26.27151180685034,0,9.363808042165378,1,0.3993624855135237,0.2022356430506722,93.58682975969113,0.5736155323913167,0.002801711854463318,0.3036918684877858,0.0,0.002801711854463318,0.6090902322998438,5.55361321256595,0.0,391.2566454959043,12.929729441261834
PSLS/data/trainPlanet.hdf5,run_01099,0,1196.871626690041,0.07781369232894705,8.725993191136517,63.63763090367926,0,9.218525085684881,1,1.2374815049328136,0.34073301986181237,470.2352783202739,0.6919605656279129,0.00687946088656799,0.9210024887623681,0.0,0.00687946088656799,0.8736662662957966,0.9821633027563178,0.9810984928432211,253.72528297227808,0.5169385539007759
PSLS/data/trainPlanet.hdf5,run_01102,0,866.0583488910056,0.03929318426799222,16.66539868127867,22.94109207878681,0,13.00744284489965,1,0.6620154806874786,-0.10965265206906927,192.5780039974278,1.1526032915648394,0.0017621352449643801,0.49507516973609744,0.0,0.0017621352449643801,0.9918981982467421,2.7790433838255324,0.0,329.07254605505057,5.341562821828249
PSLS/data/trainPlanet.hdf5,run_01103,0,714.5131305551947,0.035096636667766884,24.48440669127016,15.680227629514889,0,19.834792148944103,1,0.41807855741438105,0.421956796477873,92.26353521848496,0.7024581567706225,0.0007902291694759089,0.44418942001460565,0.0,0.0007902291694759089,0.8890814180998328,9.1732919659072,0.0,443.5566796672133,21.20558573551872
PSLS/data/trainPlanet.hdf5,run_01106,0,951.4306842672767,0.0608880026039879,13.80879256846752,35.64162086182781,0,12.709535849444293,1,1.1487487730843573,-0.06919559520541907,438.1637625831633,1.838683824235559,0.0028003927672687334,0.4982503110692924,0.0,0.0028003927672687334,0.0005983263985902247,0.8900639582784856,0.9987007255774869,247.55581006403875,0.3303674079961164
PSLS/data/trainPlanet.hdf5,run_01112,0,940.8823240394887,0.049721503393424085,14.120152708455128,30.393078171393682,0,13.259032807895464,1,2.4813836835955763,-0.09253640074822467,1425.4903802182105,1.1245400613412562,0.002289629332444365,0.4970610745364168,0.0,0.002289629332444365,0.996397995769915,0.1637871968199537,5.5480838777355365e-06,162.13911838406693,-1.515222944061204
PSLS/data/trainPlanet.hdf5,run_01116,0,1013.6295352815548,0.09445233986548489,12.166103304702316,37.88265277777857,0,11.60535304119757,1,1.9421601965180302,0.1841893672144993,953.696790478204,1.2372862484701046,0.0032589177456481266,0.6781168595790558,0.0,0.0032589177456481266,0.953559555267223,0.37812520514122455,0.4071084690613088,199.8603881975121,-0.9823520595759017
PSLS/data/trainPlanet.hdf5,run_01117,0,960.6693161873231,0.10184390092585134,13.544474937659096,25.431427285445814,0,13.276544835180664,1,1.76066583777359,-0.19175339821866066,836.7833778655928,2.5046634367599476,0.0019136820610428096,0.24919356446122748,0.0,0.0019136820610428096,4.0618323337630114e-34,0.39175479729808266,0.49934271211293796,201.637544741819,-0.9410401340198892
PSLS/data/trainPlanet.hdf5,run_01119,0,1194.8819936125099,0.028036450274880567,8.755077200055297,50.91727851394647,0,10.260331941592117,1,2.0209867388776974,-0.1635173009835501,981.1453623790444,1.73951599121616,0.0049502441138176145,0.2592370047042154,0.0,0.0049502441138176145,0.011263025228964739,0.4083002489686747,0.5097903254617075,203.73363359401753,-0.9363044388594072
PSLS/data/trainPlanet.hdf5,run_01120,0,972.7559513511884,0.09156726000810625,13.209981821854194,28.971631435429885,0,12.820600968234181,1,0.6294939561892813,0.2369291603927589,179.83081193644728,1.7603614947599064,0.0022572203529448442,0.0033151201918216688,0.0,0.0022572203529448442,0.006645240154971345,2.5261561597150157,0.0,321.3163820000602,4.7402861304174815
PSLS/data/trainPlanet.hdf5,run_01123,0,1118.094322825202,0.08193520785468458,9.99892079860856,32.84661457586888,0,12.946234685574098,1,1.3839806824183079,-0.3328754849001103,550.6042128225953,1.8821392964546362,0.0025339399524683115,0.49874726853716306,0.0,0.0025339399524683115,0.00011355512850722672,0.8587761945477805,0.9999149942406743,245.35099243347946,0.20969003962056168
PSLS/data/trainPlanet.hdf5,run_01124,0,1011.8227337507521,0.055489992912386,12.209591871661864,37.850329371748536,0,12.194652515139552,1,1.074104179838179,0.09629809755118579,381.5824588781382,1.9589112170865093,0.003099034535499867,2.5435717958145226e-05,0.0,0.003099034535499867,3.10499167075125e-06,1.3403196515106421,4.7924586671152756e-05,274.2331271224498,1.4664723637849697
PSLS/data/trainPlanet.hdf5,run_01136,0,1207.9428280180339,0.02141524636060114,8.566772893042893,50.74225440296162,0,9.756704373886201,1,0.3854683971990966,0.09446469107891753,82.72950105430944,0.7265847647841431,0.005187257072564622,0.4574102509008318,0.0,0.005187257072564622,0.9195906549303152,9.579284132595156,0.0,448.38500821977135,22.83503556269303
PSLS/data/trainPlanet.hdf5,run_01137,0,993.8449748860701,0.027807666601282848,12.65530803969915,36.236854442717664,0,14.107149419333476,1,1.137452948571667,-0.4290789776557674,437.3210369033198,1.9712332052886548,0.0025653909672538333,0.49871602842633733,0.0,0.0025653909672538333,1.5975300633454163e-06,0.7863093568159254,0.9999958437256857,240.002729365803,0.1267994931707683
PSLS/data/trainPlanet.hdf5,run_01139,0,996.6719933557047,0.09841634660303536,12.583617352851602,18.39077416014661,0,12.672507593139487,1,0.6354432140955588,-0.41466616571986603,182.64072378468427,2.315081748673533,0.0014501814908824961,1.636667964094774e-20,0.0,0.0014501814908824961,3.278089753275199e-20,2.786936008285644,0.0,329.30594331851273,5.286911048852506
PSLS/data/trainPlanet.hdf5,run_01140,0,960.6343194649102,0.037902437224558605,13.545461829037743,34.19431386590782,0,15.305780351975349,1,1.2516039619934938,-0.4945866101221654,490.49892094839817,3.2412357400061285,0.0022315847424621005,0.4987624863349867,0.0,0.0022315847424621005,4.254017134134163e-165,0.8499084380253114,0.999756012934623,244.71514897269628,0.24997886871934422
PSLS/data/trainPlanet.hdf5,run_01147,0,1326.5526833335475,0.09912592031397434,7.103313921101066,45.14599118017304,0,10.215509661994934,1,1.3810769969710832,-0.45164506058446463,577.9193118485923,0.5212792325226407,0.004409606698286939,0.7240948380394796,0.0,0.004409606698286939,0.454840759733421,0.6511497310726974,0.9997631474781324,228.94862314498678,-0.24874531419484186
PSLS/data/trainPlanet.hdf5,run_01151,0,1070.3711933129837,0.022478878555257778,10.910412935576922,37.60199218072431,0,13.219935340176805,1,0.8288313378922189,0.3133265540530007,263.9023716033729,0.6775272370793408,0.0028402987952014236,0.42392606540698413,0.0,0.0028402987952014236,0.8502671435574137,1.9406897625398374,0.0,300.82009802722035,3.1005643499708073
PSLS/data/trainPlanet.hdf5,run_01157,0,724.7159049026341,0.026736044974307496,23.799861391342787,11.477681418014825,0,14.00727457371207,1,0.7599933520351411,-0.28124500326029644,239.3798599945239,3.232934749801035,0.0008190729885593218,5.611527864702522e-163,0.0,0.0008190729885593218,1.123225576670414e-162,1.8353801392301397,1.3027160762403533e-251,296.6533975791505,2.885903295963153
PSLS/data/trainPlanet.hdf5,run_01159,0,1020.3408093659712,0.09001392416312494,12.006584980708151,31.5469995729865,0,11.772037625856745,1,0.43894291368484856,-0.4821573069578693,99.39399042509383,1.4239132604917057,0.0026762373762651004,0.3072106603803204,0.0,0.0026762373762651004,0.6160700705097373,7.960705703574849,0.0,428.110334709366,18.67844902510241
PSLS/data/trainPlanet.hdf5,run_01165,0,847.9265902570962,0.11344694353541533,17.38575294169538,21.333263998442405,0,17.214243346739273,1,1.6638470637536629,-0.24757978810392,719.965283999031,1.2347841667065809,0.0012385122068062637,0.9759400121995843,0.0,0.0012385122068062637,0.9554439500882397,0.660934577476845,0.9988564992732302,229.8039228361342,-0.32340555741075444
PSLS/data/trainPlanet.hdf5,run_01173,0,930.5365446147807,0.04567690703856201,14.435876089568476,29.772305427613112,0,12.792407601968803,1,2.7690222847948185,0.46348979101556376,1558.6073924695963,1.128958523646788,0.002324635678308762,0.49687964094577053,0.0,0.002324635678308762,0.9958600895729303,0.21521720705954245,0.00021470332043469284,173.5949421704062,-1.4270658637558886
PSLS/data/trainPlanet.hdf5,run_01177,0,937.8183045181429,0.06467694435151225,14.212569543624713,23.290883804245645,0,12.29450098677476,1,1.5295705206982748,0.25986070999569455,696.3287365926897,1.2246624585077133,0.00189262146198943,0.8470973722271797,0.0,0.00189262146198943,0.9625077225196454,0.4304354466971158,0.7348995714089405,206.4404641659236,-0.8217949875549969
PSLS/data/trainPlanet.hdf5,run_01180,0,944.1602658144025,0.04811700746214107,14.022278028160143,34.29166874196467,0,10.482693018972888,1,0.2726205053697815,0.378619784763905,53.16121851180467,0.5794164627989333,0.003265920428951574,0.3116818749153738,0.0,0.003265920428951574,0.625406276967089,11.466896124955593,0.0,469.0069618189583,28.801439325452666
PSLS/data/trainPlanet.hdf5,run_01181,0,943.7817975211285,0.03724411392189896,14.03352650048976,25.95417323560096,0,16.02652349644733,1,0.6727241447582314,0.15731091734344593,195.10605884719297,0.5241019224926585,0.0016181406293448442,0.23127274314029653,0.0,0.0016181406293448442,0.463295163007234,2.678661820965975,0.0,326.0598253973957,4.949854005807459
PSLS/data/trainPlanet.hdf5,run_01185,0,837.5997020784249,0.074188161374449,17.81709864993289,24.035203016114448,0,14.44787672038987,1,0.4943766491957882,-0.36108960810444435,125.12339327174206,3.549827565632286,0.001662197312272684,2.122544681360694e-276,0.0,0.001662197312272684,4.252157287135425e-276,4.442669098687815,0.0,370.02307802832604,9.738502300229637
PSLS/data/trainPlanet.hdf5,run_01187,0,819.5494064430492,0.06963097311524205,18.610572486702488,17.084135095156192,0,14.49191940283107,1,0.5405200605809505,-0.04177481859204413,142.6358654581239,0.947250851960965,0.0011781785809145129,0.49935291633535756,0.0,0.0011781785809145129,0.9998838744349762,3.7477828205106873,0.0,354.6185288210198,7.969567616900305
PSLS/data/trainPlanet.hdf5,run_01191,0,837.7712407263734,0.09014391437077938,17.809803082923057,17.641277807832925,0,15.896780330123718,1,1.0710684279131337,0.4763207326241333,376.3855435066261,1.169639942616638,0.0011091235114424336,0.4932795295268902,0.0,0.0011091235114424336,0.987654489869466,1.4743782042332638,2.1046326198389419e-13,280.84716562954213,1.754705981617969
PSLS/data/trainPlanet.hdf5,run_01192,0,909.6940457233869,0.10448456371867738,15.10495058344685,30.899834171879046,0,12.994934720974296,1,0.367943277664344,-0.3157846563915946,76.03802371840975,0.5890361664009638,0.002375011999225074,0.3251759214252331,0.0,0.002375011999225074,0.6519001134421876,11.486324166131334,0.0,469.20549206913057,27.209521105892723
PSLS/data/trainPlanet.hdf5,run_01197,0,878.8080642315683,0.11732193706542507,16.185344438786725,26.824734200040155,0,15.532967865035342,1,1.0037790365201193,0.22604899283036262,353.70136493787993,2.4550875330015,0.0017254645221892462,2.101831671738981e-10,0.0,0.0017254645221892462,6.2616958225170365e-30,1.4022321225004106,4.21092915233577e-10,277.3465689907963,1.6686655382302857
PSLS/data/trainPlanet.hdf5,run_01200,0,603.3357985986701,0.054188642371172255,34.339330496238674,12.009006002368276,0,20.974919196787813,1,0.32229948235756084,-0.1534732412155294,65.46764933015808,1.5255749606621465,0.0005723773579393576,0.15909449360739022,0.0,0.0005723773579393576,0.31837121569006105,11.18041243415666,0.0,466.04974625478144,27.148722601107092
PSLS/data/trainPlanet.hdf5,run_01203,0,860.5656771987452,0.08787715630023503,16.878815718878304,21.128889601908465,0,15.54878347437946,1,0.6976993965913056,0.39253169260601384,215.66941403508952,2.0777761219762034,0.0013579544890038875,8.097689398493272e-10,0.0,0.0013579544890038875,1.6217401289868098e-09,1.7650193932353235,1.3011741877838908e-205,293.76847591022187,2.7901092585136897
PSLS/data/trainPlanet.hdf5,run_01210,0,1028.4538320125137,0.11758541155837857,11.817902744161982,34.99814981885179,0,12.102494250654951,1,1.0552447820541693,0.46270800590678274,386.33562396609847,2.353662219013658,0.002887635704443059,0.31344032197118077,0.0,0.002887635704443059,1.3383647192563204e-22,1.0854674103212973,0.6286960892168277,260.148913810731,0.8799062460216323
PSLS/data/trainPlanet.hdf5,run_01211,0,687.527136288524,0.10979594920752246,26.44419339486608,16.164666882977862,0,21.22395507691591,1,0.4465458510198151,0.021625980182677806,102.48793299158343,3.480413934671509,0.0007613337236304085,1.2896712962945364e-247,0.0,0.0007613337236304085,2.581307829290583e-247,7.36722781840874,0.0,419.8980373320756,16.919164740128696
PSLS/data/trainPlanet.hdf5,run_01215,0,654.9344178394044,0.04360640264578322,29.14166659726625,15.07984457085026,0,22.034418559095425,1,0.6704249516521752,0.26866977788475,184.02939562092917,0.5668017007352826,0.0006841426543475748,0.29461672445598724,0.0,0.0006841426543475748,0.5896368446279594,3.885795533337924,0.0,357.8391107360835,7.855099241704071
PSLS/data/trainPlanet.hdf5,run_01216,0,1526.13774750737,0.08009416623145604,5.366888149939065,83.61357624290596,0,7.823161746819653,1,1.2271375489667313,-0.3968373048594066,461.0218497585305,2.3018016221344277,0.010631038657518466,0.011717090240375302,0.0,0.010631038657518466,1.9535198334245234e-19,1.2958952886108335,0.02368598712552353,271.9319878628982,1.2460462315701613
PSLS/data/trainPlanet.hdf5,run_01222,0,760.8187217102873,0.09609880901134527,21.594722682041855,19.993905906950623,0,16.82715591861313,1,0.6605850691437151,0.21477561072657592,187.00786904578115,2.706949300506888,0.0011874872021756522,2.478912146007908e-56,0.0,0.0011874872021756522,4.963718644381219e-56,3.241461529081905,0.0,341.9818344562485,6.414600686113917
PSLS/data/trainPlanet.hdf5,run_01223,0,1240.6584919138006,0.0550577890428202,8.120925156785122,51.304456751412,0,10.630121269259114,1,2.1915264383324424,0.18110812924276787,1119.972220965652,3.336613095741719,0.004814700445222475,0.026387977765570638,0.0,0.004814700445222475,6.483625986581987e-195,0.3080138733698768,0.05303128528400891,189.87176576860287,-1.1966878104418377
PSLS/data/trainPlanet.hdf5,run_01225,0,735.144003582365,0.0997701915718746,23.129443024782457,20.73532322286935,0,15.375314092163634,1,0.760553464179525,-0.3060389422706393,225.59406841974115,3.208467955983136,0.0013477023907112473,5.384128792787981e-156,0.0,0.0013477023907112473,1.0782789576867241e-155,2.9158822238894055,0.0,333.0506720183156,5.409005933621097
PSLS/data/trainPlanet.hdf5,run_01226,0,882.5235786447787,0.02886570156362051,16.04934741662832,31.204694721236873,0,13.08812150201304,1,0.47785857833390105,0.16243026621839807,123.17655175941019,1.5909268950804112,0.002381359704756947,0.08009159503439102,0.0,0.002381359704756947,0.16056555441002604,3.9724963863526668,0.0,359.8186728890833,8.650385935875644
PSLS/data/trainPlanet.hdf5,run_01228,0,1130.4859394904927,0.041649576092895914,9.780919459017504,41.2356913778383,0,10.192520313689922,1,0.8892888745593428,0.08804027650995938,309.8916557038461,3.572510286418357,0.004037508805234902,0.009726636508324562,0.0,0.004037508805234902,4.994626817353549e-286,1.2033910961820051,0.01953213418038747,266.9436031469812,1.2565223724097903
PSLS/data/trainPlanet.hdf5,run_01231,0,959.6758975333316,0.038849320357939574,13.572530864273208,25.90530301524026,0,14.84534879409167,1,2.501092992601491,-0.31783960144247436,1439.486981722818,0.8483530501716373,0.001743489761747652,0.4951881793280724,0.0,0.001743489761747652,0.9920985911910033,0.17096220568810194,7.494267706334766e-06,163.8863744742142,-1.5088824858350691
PSLS/data/trainPlanet.hdf5,run_01236,0,851.365678879351,0.0628212317275265,17.245577260310277,24.576993243711136,0,12.619892850218495,1,2.4154049496807075,-0.21728049339603173,1276.3692127998977,3.330054255127995,0.001945585232569158,0.00913923155789886,0.0,0.001945585232569158,9.615879780572127e-193,0.28054443592509637,0.018314094748087473,185.48903193558053,-1.2599254758944345
PSLS/data/trainPlanet.hdf5,run_01238,0,810.0740711699884,0.06852887143196798,19.04848981302858,20.366882757903962,0,16.089721122574314,1,0.4752996591911242,-0.17448656647737348,113.5138088046947,0.8267464871932002,0.0012650311037051276,0.49266388197368677,0.0,0.0012650311037051276,0.9865758130370286,6.226127869611091,0.0,402.59866334809925,14.014878570272996
PSLS/data/trainPlanet.hdf5,run_01240,0,842.7172092985091,0.07414889836771266,17.601362501303637,27.89454987803364,0,16.566410231056064,1,1.607724742663045,0.29360853585603974,754.7037504323354,0.7365459012694867,0.0016823849113608569,0.7053977616729672,0.0,0.0016823849113608569,0.9302869552960394,0.3744809093844218,0.4828860690231518,199.37708422897316,-0.9484607529851585
PSLS/data/trainPlanet.hdf5,run_01244,0,992.1372731756364,0.06118632106254862,12.698911059162631,19.941602629891065,0,12.788448038173737,1,1.2072129629647887,0.2533883660362184,470.2354365689286,3.018312883602775,0.0015581298629444573,0.49855714220135067,0.0,0.0015581298629444573,7.925791060292627e-109,0.8731455916032813,0.9986703424865666,246.37094318864015,0.3316434674901179
PSLS/data/trainPlanet.hdf5,run_01246,0,1179.3586917257885,0.06990391718787567,8.987071333092988,53.58031380759214,0,11.136807106207243,1,1.3696777464362586,-0.44402834484143006,599.3895032617771,0.9197595150576776,0.004799547085263645,0.9195351309921862,0.0,0.004799547085263645,0.9993783722146102,0.45056709408908213,0.8485611625777183,208.81307432886803,-0.7400049747778548
PSLS/data/trainPlanet.hdf5,run_01254,0,881.6909175345104,0.06592752816637597,16.0796754543518,24.918642997922696,0,12.647249062957172,1,0.6311259733674314,0.10024491577409267,182.3983294369557,0.46109614444349317,0.0019683419386858914,0.14082304802682483,0.0,0.0019683419386858914,0.282201565229654,2.456641877174155,0.0,319.0827177275136,4.613583397798804
PSLS/data/trainPlanet.hdf5,run_01255,0,1094.846052376574,0.05781989961267894,10.428069078864192,33.289365379344105,0,10.631614676109072,1,3.165204536474512,-0.0018050000951530532,1916.6709302601553,0.4632807838637352,0.0031262704168062427,0.14355729670378198,0.0,0.0031262704168062427,0.288014798928407,0.15937489503846153,2.0727263954769856e-07,161.0359344279419,-1.5771372362288456
PSLS/data/trainPlanet.hdf5,run_01256,0,1213.2139552168546,0.03556539779183712,8.49249341059191,40.347282529000175,0,9.762348365767886,1,0.4350558284732923,0.4183811735149702,101.57771871612424,2.9221185381635437,0.004124419570602722,5.995607487532326e-90,0.0,0.004124419570602722,1.2040876602169854e-89,6.64036935876702,0.0,409.13428926474774,15.29394814170456
PSLS/data/trainPlanet.hdf5,run_01265,0,739.482597939129,0.07661890174379533,22.85883518820764,16.048737630285636,0,16.56866839617531,1,0.31641024787172917,0.08767516120549479,63.7385670728743,1.9447596529670004,0.0009681506802136086,3.2257168750563393e-06,0.0,0.0009681506802136086,6.45768576297671e-06,11.231157553906078,0.0,466.57766961922863,27.321388538041354
PSLS/data/trainPlanet.hdf5,run_01272,0,670.8923628484871,0.11195035109677579,27.771818406657037,13.350444281659488,0,19.58996896085844,1,2.353922353675165,-0.13825075580914048,1261.6013048753225,1.4528631808820223,0.000681261732389804,0.26789215574903646,0.0,0.000681261732389804,0.5321136252169397,0.25098532187915984,0.004035944465795379,180.39724495888095,-1.3291019541397575
PSLS/data/trainPlanet.hdf5,run_01278,0,1104.050342281374,0.058608481830933756,10.254919594637068,39.422004118276675,0,11.301206344750986,1,1.098357238833492,0.4927643824198258,399.5887711813567,0.6779189697614871,0.0034822234811502373,0.4949790657962237,0.0,0.0034822234811502373,0.8509363420921658,1.1938816978841638,0.14248109101242237,266.4146748942245,1.1175966976447094
PSLS/data/trainPlanet.hdf5,run_01295,0,733.9857982244291,0.032720915438870735,23.202495611633076,20.248688150169393,0,17.105115365681534,1,0.5264215568228812,-0.036496379458430095,140.18273370911376,0.41398055168239767,0.0011830792983534844,0.08514684035772599,0.0,0.0011830792983534844,0.1704953902821595,3.4357685333399792,0.0,346.99546124408096,7.183629475307382
PSLS/data/trainPlanet.hdf5,run_01299,0,1109.4765328988742,0.09505134568495827,10.154856054528462,29.243893869773462,0,10.853170541459459,1,0.9907881277916991,0.2697598463586224,349.47872730136555,2.456908919654474,0.002690875468171594,5.464855457965755e-05,0.0,0.002690875468171594,4.468870509423469e-30,1.314612489857783,0.0001095920076040846,272.9086230678196,1.4454037839253981
PSLS/data/trainPlanet.hdf5,run_01301,0,1018.8543076484976,0.06592401657024809,12.041645595319498,37.016446940813886,0,11.324419192988342,1,1.9355017554720553,-0.37209590384492097,949.1634218851274,1.177920371412932,0.003263391598727905,0.6667260975789263,0.0,0.003263391598727905,0.9850811939643997,0.37054426535306867,0.35273682527807554,198.85102952023465,-1.0068858741479192
PSLS/data/trainPlanet.hdf5,run_01303,0,925.0014362995742,0.04819026097581607,14.60915842943229,25.35027260595896,0,12.391244162738246,1,2.01618940848679,-0.10774927681774027,987.9154801853796,0.7720276790294525,0.0020437301438454014,0.6337117968801929,0.0,0.0020437301438454014,0.9602944106958704,0.3646487792989862,0.3097247595259591,198.05531916787402,-1.026815309935117
PSLS/data/trainPlanet.hdf5,run_01305,0,854.5184168786029,0.09009503208979906,17.118557209222402,27.487482170283975,0,13.923499667288793,1,1.4216943643833762,-0.05228945697461573,615.5480202009842,0.5142035207228793,0.0019722316993573408,0.6928073339052276,0.0,0.0019722316993573408,0.43368908633907105,0.5113964677326337,0.9546637349153543,215.5297626811833,-0.5994416694215784
PSLS/data/trainPlanet.hdf5,run_01307,0,933.9772718239981,0.08445180187854799,14.329709863972091,23.993020334696578,0,13.715643940475703,1,0.5749060599765102,-0.37716300835400807,150.91082567144656,3.210251756003553,0.0017477886536921838,1.6969165969917757e-156,0.0,0.0017477886536921838,3.399775282647666e-156,4.2810054217146245,0.0,366.6099638459246,9.165567593087662
PSLS/data/trainPlanet.hdf5,run_01313,0,1335.9477718924504,0.08493778325040956,7.00375673410907,67.88367463127736,0,9.750316506653284,1,2.0627494962722337,0.1484478846200562,1008.210638306245,0.6139087063412675,0.006938022177165437,0.5219721516696141,0.0,0.006938022177165437,0.7165464080194505,0.37967209755453285,0.33469140659102004,200.0644802245705,-1.0151705862031992
PSLS/data/trainPlanet.hdf5,run_01318,0,928.9559030822445,0.08106004366439058,14.485043887265157,36.14154434589695,0,11.734240412442553,1,0.35535605630225053,0.32966875795307526,71.59715884362373,1.2310057574617372,0.003075268791890018,0.4776187825138174,0.0,0.003075268791890018,0.9581842391150662,14.027957708291249,0.0,493.24924787404944,33.43767300425202
PSLS/data/trainPlanet.hdf5,run_01319,0,664.3680020134984,0.07544626864865855,28.319957569328523,14.031745555883667,0,23.60349104175709,1,0.4471995519107175,-0.4370080026395088,104.71448048349515,1.0737512082936436,0.000594300884498522,0.4994811405783916,0.0,0.000594300884498522,0.9995563183608912,6.568644511956778,0.0,408.02498684973966,15.246733701223969
PSLS/data/trainPlanet.hdf5,run_01320,0,723.6089519356237,0.05656501387452434,23.872733564122782,18.209519566725284,0,18.840856060670188,1,1.7538593277187593,-0.4617326945253921,778.5207743985688,0.8238488148693172,0.0009660241908929779,0.9825893916898104,0.0,0.0009660241908929779,0.9856615823664188,0.5801902591889774,0.9814174469409112,222.43874084663162,-0.5154604571785776
PSLS/data/trainPlanet.hdf5,run_01321,0,919.9313204852895,0.0927078853233296,14.770636224201295,27.79321135356449,0,10.940092406911242,1,0.8121154360083124,0.46297624300717044,249.4462965532022,0.9580326178154176,0.002537267144622768,0.49870816069113066,0.0,0.002537267144622768,0.9999534704690339,2.3969695691346065,0.0,317.12716843587157,4.209596044993746
PSLS/data/trainPlanet.hdf5,run_01323,0,980.4252327688903,0.10153457321945637,13.004122534000198,32.126203767690576,0,12.251435873504338,1,1.9570680753388185,0.21046409110437658,997.277729369368,0.619184859094313,0.0026188048148662046,0.38461943178270125,0.0,0.0026188048148662046,0.7294512409040009,0.27640624053686913,0.04180739849977937,184.80119734784887,-1.2123184201983623
PSLS/data/trainPlanet.hdf5,run_01337,0,1228.0087201630536,0.04735141591130396,8.289094893673594,44.84242132457986,0,8.917331106518766,1,1.5869829291583568,0.20053024273220055,716.6080187271366,3.238543206415918,0.005016059223368896,0.3602161086735131,0.0,0.005016059223368896,2.6136877098498768e-164,0.4299191051338153,0.724064166085631,206.3785258562446,-0.8282710122561677
PSLS/data/trainPlanet.hdf5,run_01340,0,860.2358979682565,0.026516631049935905,16.89175949352194,23.450989385572225,0,11.628419939417727,1,0.2821189194165742,0.08308603794796632,54.76740663106316,2.4306504001948346,0.0020146639557273582,2.556876540746752e-28,0.0,0.0020146639557273582,5.124076373469527e-28,12.52297106567063,0.0,479.45148048110184,31.295920240656876
PSLS/data/trainPlanet.hdf5,run_01349,0,1077.1817164268857,0.10047804890856908,10.772886057294198,39.79048865430577,0,13.274158370832275,1,0.2581955753747518,-0.1499934466787176,48.973426559558646,1.4095753006279483,0.002993102033122863,0.32684951738686946,0.0,0.002993102033122863,0.6556614965320494,12.662052219790159,0.0,480.777178907405,31.938732845289195
PSLS/data/trainPlanet.hdf5,run_01350,0,927.1386915729436,0.07617647929676459,14.541881520995961,24.332958155629733,0,12.469021117156817,1,3.058819471397521,0.42924547773491906,1844.863921450196,2.8289538301396697,0.0019495701233063212,1.606184297126614e-07,0.0,0.0019495701233063212,1.2790277165298033e-73,0.1586613754133673,3.218643565586267e-07,160.8553920172412,-1.569529009122227
PSLS/data/trainPlanet.hdf5,run_01356,0,1280.4611309725517,0.10783265070471534,7.623900390832232,66.75302686204742,0,10.732071970891704,1,0.36176967864987725,0.13625376684124646,75.03088096690429,1.22029904050666,0.006200653174486814,0.4796507814494788,0.0,0.006200653174486814,0.9652869726300871,11.255341545807179,0.0,466.8286368620144,26.75123390380814
PSLS/data/trainPlanet.hdf5,run_01358,0,832.7269805015832,0.025875343571051028,18.026223059627124,20.975007513258653,0,12.922285161256,1,0.2513113360099344,-0.004579181358977613,46.13830312571941,0.7169319119025526,0.0016218488838484202,0.45335640715982495,0.0,0.0016218488838484202,0.9081857543717047,16.293335198176173,0.0,512.0593702620849,41.26683585389334
PSLS/data/trainPlanet.hdf5,run_01365,0,925.4352068482151,0.027573013484667667,14.595466411938924,26.46830324881732,0,12.146566569517157,1,0.4142171609178163,0.2575748899665753,90.49790567488336,1.5130873061623824,0.0021767044866736196,0.1764174025714383,0.0,0.0021767044866736196,0.3536044976393962,9.396016369711244,0.0,446.2248589174702,22.241521040307976
PSLS/data/trainPlanet.hdf5,run_01367,0,631.4008139803949,0.09810522110077062,31.354489786069067,15.441091772678279,0,22.809698806419135,1,0.4428227733542987,-0.0028002359198251447,103.81075456608939,0.7066912023144283,0.0006767238198495118,0.4471587159864509,0.0,0.0006767238198495118,0.8949230477162237,6.710520909918629,0.0,410.21059971403537,15.506041028697124
PSLS/data/trainPlanet.hdf5,run_01370,0,749.1846563688893,0.07708628767222613,22.27061778556556,15.188377692368496,0,19.976064161375433,1,1.6840129555511218,-0.4976933463527644,810.0121013461485,0.4512377312502762,0.0007600398633105243,0.2415147687706112,0.0,0.0007600398633105243,0.25658898784353296,0.32958586011901003,0.22680795064073977,193.11231163075746,-1.0679608297034384
PSLS/data/trainPlanet.hdf5,run_01371,0,791.3900444546243,0.04203778608079109,19.95854363123543,12.91529831916187,0,16.78813760579871,1,1.4906167909615127,-0.07009554233882775,623.7392101514305,2.667516580897115,0.0007690151198262996,0.4996151622762481,0.0,0.0007690151198262996,4.283759730813836e-51,0.7404400190236807,0.9999993391641296,236.4233085025738,-0.09332878786545701
PSLS/data/trainPlanet.hdf5,run_01372,0,823.3843545693923,0.040371983471510206,18.43761711314898,22.600144508548233,0,14.845678384630641,1,0.5957699725891887,0.08980187131908945,163.11901246299,1.0935452534462131,0.0015211801116071788,0.49866630025968434,0.0,0.0015211801116071788,0.9988520343684884,3.263280961671233,0.0,342.555887819112,6.618680418560999
PSLS/data/trainPlanet.hdf5,run_01374,0,1062.0555638281037,0.03577812761850324,11.081933408276926,36.88378358420823,0,12.472586411729138,1,0.3781254044370832,0.21452354673265916,79.55508764792911,0.8134004916925457,0.0029528198838986164,0.489539461994603,0.0,0.0029528198838986164,0.9819785297173169,11.356668295934957,0.0,467.87577016508124,27.27316132897597
PSLS/data/trainPlanet.hdf5,run_01376,0,911.8009567936333,0.10645178400118623,15.035224798724403,21.84983629354196,0,14.612366477170141,1,2.085455084190139,0.28243026906256175,1097.4263557810923,0.5310871076424172,0.0014941801838390667,0.24231041193135006,0.0,0.0014941801838390667,0.4842259692462173,0.21616106257514575,0.0011200490192803158,173.78495923289407,-1.3762320542048443
PSLS/data/trainPlanet.hdf5,run_01377,0,954.9993148011515,0.10466783916187576,13.705784312011113,26.615405348716077,0,14.46681706446059,1,1.3600542856832583,0.4389094394538541,551.5639457022854,0.6536906677577314,0.0018380641242076168,0.9013091977762779,0.0,0.0018380641242076168,0.8059378681326417,0.7441496141020567,0.9999999569467422,236.71887323207417,-0.05920172185937626
PSLS/data/trainPlanet.hdf5,run_01379,0,1056.1823800813847,0.055208286402733106,11.205524176458953,36.69362451284378,0,13.84348296572545,1,0.5887302432071615,-0.3017696230887008,167.62568099970764,1.3221492676239635,0.0026470966420560904,0.42428385350393427,0.0,0.0026470966420560904,0.8508199095333888,2.884546659442442,0.0,332.1522600268846,5.693842682060254
PSLS/data/trainPlanet.hdf5,run_01381,0,828.2628137134801,0.037814202149419045,18.22106201396101,22.198035420024574,0,13.387748830811837,1,1.6809491277942608,0.4582932890621956,773.3940559848153,1.6377478555785687,0.001656711874747363,0.4082686701106962,0.0,0.001656711874747363,0.08363060203647438,0.4391428437331243,0.734261750157062,207.47667154866005,-0.8221806268803793
PSLS/data/trainPlanet.hdf5,run_01383,0,859.13401634813,0.10085567772928673,16.93511630358177,28.66112800680513,0,17.37227575029,1,0.6065477682390296,0.23812871341508934,177.13287530194557,0.9857921200800913,0.001648459796753321,0.4991754649879049,0.0,0.001648459796753321,0.9999993887649667,2.329236266067825,0.0,314.8626929686697,4.258471780893115
PSLS/data/trainPlanet.hdf5,run_01390,0,896.8550867503549,0.045994868122966576,15.54051695886475,26.509392200334464,0,12.495109039543534,1,2.8798609301887534,-0.06132435574533113,1696.62209562899,1.5325429725884803,0.0021193325384251116,0.14931702596121388,0.0,0.0021193325384251116,0.2992572922990573,0.18282754719608468,1.1008671336234137e-05,166.65879136439682,-1.5005745341770507
PSLS/data/trainPlanet.hdf5,run_01392,0,983.6714327222214,0.028201570605302144,12.918434720603281,28.69094197163694,0,14.268653362402443,1,1.2722948986026352,0.16288266389704298,517.1437806957063,0.8491453740167852,0.0020087470879982527,0.9938501171301746,0.0,0.0020087470879982527,0.9922617988163879,0.6298167567817015,0.9994392591443028,227.04993009463513,-0.28717546434758023
PSLS/data/trainPlanet.hdf5,run_01393,0,947.9588059070567,0.030209093648027888,13.910126596661343,32.05451586269892,0,11.986410442144612,1,0.9671661863695713,0.0008737605909907575,348.9075471351152,3.0248529775416215,0.00267066554194495,0.4509114541157512,0.0,0.00267066554194495,3.0978917365416915e-110,0.9850097348655067,0.90423782503254,253.90891542349223,0.6820426814035772
PSLS/data/trainPlanet.hdf5,run_01400,0,799.7676800228419,0.0891020134671676,19.542598692135183,21.087800580302147,0,16.37095175392892,1,0.8565940640020685,-0.15293601594552841,267.81218526460077,0.9086776934816859,0.001287293792426203,0.4988356588300089,0.0,0.001287293792426203,0.9989572691514955,2.436968901826045,0.0,318.4419806733522,4.142903183263997
PSLS/data/trainPlanet.hdf5,run_01401,0,745.9087253973132,0.030402373113266195,22.466666478277915,18.976887737993366,0,14.486502738579803,1,0.7407379608312146,-0.023222520771320476,214.82271686903272,0.4705507259287513,0.0013091126220480254,0.15364392366827317,0.0,0.0013091126220480254,0.3076906490489024,3.0982851782575804,0.0,338.1412603590569,5.910346172538871
PSLS/data/trainPlanet.hdf5,run_01402,0,1087.7914530735054,0.059343134335305664,10.563764933250349,37.273919490098066,0,11.514292157313532,1,0.6134085631277666,0.4697520226422721,171.80201902987145,2.027278162474427,0.003231953184986369,2.771563582994388e-08,0.0,0.003231953184986369,5.561100382080671e-08,2.9050737299079663,0.0,332.74160682140786,5.63429335613538
PSLS/data/trainPlanet.hdf5,run_01404,0,973.8384105960276,0.10267003029783296,13.180631326543626,34.38724091232566,0,10.146281906537462,1,0.8873436137756062,-0.13388346762954095,310.7525344375742,2.276912207247804,0.0033834103266628945,0.009304685272087485,0.0,0.0033834103266628945,4.798694320611946e-18,1.2012869917779947,0.018672547433988225,266.82684021986046,1.2589058670997078
PSLS/data/trainPlanet.hdf5,run_01407,0,1340.8630746508022,0.08418519299179444,6.9525024528716095,72.9161777026245,0,11.032943591075608,1,0.3317446250925123,-0.09483859696677499,70.80712103716459,2.498406085558934,0.006587159386042041,7.191434070931107e-34,0.0,0.006587159386042041,1.4478238607196968e-33,7.933722991323031,0.0,427.7471040415709,19.259174399756645
PSLS/data/trainPlanet.hdf5,run_01408,0,773.1971078485102,0.11044070013074468,20.908822280963687,18.427354229122493,0,15.856873126804135,1,0.7291322638346585,-0.20660652678655655,224.4121878424804,2.9258576710251867,0.0011614301865503496,1.2167351240245186e-90,0.0,0.0011614301865503496,2.4362998402269647e-90,2.1270957468104412,0.0,307.79713957650097,3.641155743226862
PSLS/data/trainPlanet.hdf5,run_01410,0,818.9785735386748,0.023852702998778577,18.636524885992557,16.897591951854956,0,11.97905739651411,1,1.9123435254439154,-0.1647065407503695,890.0178029953756,0.8055355534972573,0.0014096000352890048,0.9096148026425463,0.0,0.0014096000352890048,0.9787772157661294,0.49277650202973333,0.843020395496088,213.5405305045372,-0.7448453436959657
PSLS/data/trainPlanet.hdf5,run_01412,0,912.169504013966,0.11425225963353569,15.023077778091825,30.163722758406056,0,14.125450129015444,1,1.145243659683481,0.3092909980394908,422.84823596583215,1.1514510101707198,0.002133138366286369,0.7074550028146996,0.0,0.002133138366286369,0.9921391884346774,1.1613478217893713,0.42579546801127377,264.58084378708753,0.9740001723325741
PSLS/data/trainPlanet.hdf5,run_01413,0,1014.850141385049,0.07246678912877244,12.136855460218918,32.68978963910217,0,13.251185003566018,1,0.7308692612986741,0.3595972112932273,226.232996084842,0.5629588662050943,0.002463892927423994,0.2885584849455456,0.0,0.002463892927423994,0.5785424365086194,1.930841724913086,0.0,300.43774147021287,3.2258878685427677
PSLS/data/trainPlanet.hdf5,run_01416,0,1166.898730295515,0.10148242791115439,9.18002107930738,48.47913450229163,0,11.0042641940494,1,1.2566274988572386,0.44346398680056565,514.2188935674059,0.8995399991867625,0.0043957963215938145,0.9948433455970805,0.0,0.0043957963215938145,0.998473375404504,0.7029515093048092,0.9999981897445492,233.3722222114296,-0.1103968570734048
PSLS/data/trainPlanet.hdf5,run_01418,0,1024.8010607216813,0.03186748623913319,11.902299669723467,37.914530886254475,0,12.098036351861959,1,1.1078458180925634,0.16047956081049397,414.84578675089017,0.9973368133131348,0.0031290352294114365,0.9909054656093433,0.0,0.0031290352294114365,0.9999999992454331,0.9308680962070289,0.9880315527365867,250.34553856821782,0.47874945951268294
PSLS/data/trainPlanet.hdf5,run_01423,0,1213.7596892156798,0.0525616537317673,8.484858290543446,54.79555235668799,0,10.74454383856633,1,1.5113289983888611,0.09008992836820284,670.036838729209,3.368009806702679,0.005086866960151704,0.4529448895216835,0.0,0.005086866960151704,1.4536421739124634e-205,0.49853410583960456,0.9105214806799462,214.1615682433018,-0.6739884436431759
PSLS/data/trainPlanet.hdf5,run_01424,0,765.1546514940703,0.1126978951404283,21.35067292366109,20.898068202253054,0,16.470779278353444,1,0.7504197097426677,-0.11859035689950559,220.62661786979618,0.44019576751516715,0.0012679919848379573,0.11446013711406225,0.0,0.0012679919848379573,0.22921091182715875,2.9326375408805383,0.0,333.528090560192,5.423625031518814
PSLS/data/trainPlanet.hdf5,run_01425,0,841.3351458901769,0.03797990114226975,17.659237604997205,22.858315154809343,0,14.39467272778609,1,0.6883260538514875,0.4733455388779664,205.97964524359688,1.0150311318830152,0.001586710307696415,0.4992062626043394,0.0,0.001586710307696415,0.9999992343014334,2.136193637656348,0.0,308.12573602873744,3.663207280530164
PSLS/data/trainPlanet.hdf5,run_01427,0,888.8890672422356,0.10951423171245427,15.820306151389131,20.403814251496435,0,12.168433626212057,1,0.313375380202902,0.029360954867340028,61.57166314345946,0.4415737453551351,0.0016753772964990254,0.11607884252596987,0.0,0.0016753772964990254,0.23254728950113232,13.07476218186787,0.0,484.6478263562397,31.958785324307854
PSLS/data/trainPlanet.hdf5,run_01428,0,1077.7061874672765,0.06075812460310834,10.76240325222595,44.42144685829211,0,12.17634268820228,1,1.7542937392859643,0.15007711952796254,811.9773660244214,1.0209757736380953,0.003641529956979195,0.7714337803342521,0.0,0.003641529956979195,0.9999970962275594,0.4008600194931955,0.5485093972254309,202.7990916980682,-0.9185263785296094
PSLS/data/trainPlanet.hdf5,run_01430,0,1438.5634656432746,0.09692607658344542,6.040208913000979,82.61864894452494,0,8.018064938153392,1,0.825682026037015,-0.41862929950225136,277.6958648408241,0.7853171547654078,0.010251158342159172,0.47935501321840185,0.0,0.010251158342159172,0.968639705433707,1.439088970339202,1.3848793369285112e-18,279.1513489714235,1.8578492354513334
PSLS/data/trainPlanet.hdf5,run_01431,0,1100.3019071428532,0.05493787581888836,10.324910163491731,46.57740911733912,0,10.205224775387475,1,0.31493376329844286,0.3059907284563915,66.54587185507091,1.5475278502500074,0.004553675227517151,0.1292776762790182,0.0,0.004553675227517151,0.2597381155805978,8.119628440660392,0.0,430.23115729241243,19.825001023471334
PSLS/data/trainPlanet.hdf5,run_01434,0,867.7306514384744,0.06784510627265529,16.601225004126203,31.743755659261254,0,15.715558354827689,1,1.0027561099967006,-0.18204407664223243,355.96077087810016,0.951865496438675,0.0020178549825341507,0.502960768214549,0.0,0.0020178549825341507,0.9999194807423724,1.2635397943845317,0.00803596360226907,270.2184825413875,1.2998661701212348
PSLS/data/trainPlanet.hdf5,run_01440,0,982.4737568194146,0.07261228198880817,12.949950124289456,29.15400344300664,0,15.466046214731568,1,0.5929408846817705,0.3173388572084215,164.93212748309568,3.262825546524925,0.0018832571796781883,7.967075497279545e-172,0.0,0.0018832571796781883,1.5964215718428751e-171,3.227087250057288,0.0,341.6020722672875,6.491262745373012
PSLS/data/trainPlanet.hdf5,run_01443,0,1107.3208007293445,0.07920289591877458,10.194433489911031,34.28977755758552,0,12.426644118932794,1,2.226128321270669,0.3054668015970977,1158.6188245951096,2.5500410044401027,0.0027555719410725654,0.005829235150082042,0.0,0.0027555719410725654,2.4817840974030786e-38,0.27180184523034234,0.011690684823234912,184.02673456573913,-1.2824579410346904
PSLS/data/trainPlanet.hdf5,run_01444,0,885.4667881517612,0.11167729125683093,15.942831650023496,27.09185136466753,0,13.968865247375877,1,1.7636726576539314,0.059049360785508265,786.8283672294482,2.2474178000616987,0.0019375658851349398,0.4958562646890515,0.0,0.0019375658851349398,1.6852820365806356e-16,0.6230245171834331,0.9936377680195991,226.43528548746144,-0.430690989842534
PSLS/data/trainPlanet.hdf5,run_01455,0,790.0588802803535,0.05559388357531614,20.025856286302407,20.875859563736572,0,15.719749966038465,1,1.8803058838902103,0.12679911352437856,924.0893339492103,2.252799983428495,0.001327120606314125,0.08227695705048975,0.0,0.001327120606314125,8.967667767397692e-17,0.3317031320337898,0.164772587196804,193.42170746759408,-1.1032489992470151
PSLS/data/trainPlanet.hdf5,run_01457,0,681.7501581920571,0.03284664760107121,26.89425499244929,11.80934492563429,0,14.726112896145368,1,1.3953023107698137,-0.3812689721956545,596.2276886291075,0.8836806110134476,0.0008016107934988304,0.9930215640315831,0.0,0.0008016107934988304,0.9972577720112377,0.5631058568043393,0.9903786668748912,220.7828477854317,-0.46155361163803127
PSLS/data/trainPlanet.hdf5,run_01460,0,1036.5985562917942,0.023644954986438864,11.63292193581607,33.58940756627437,0,10.113935437776762,1,2.0378375295449747,-0.39814468881086884,1067.6837102854881,1.3465059951898777,0.0033155928817238944,0.4040524588517758,0.0,0.0033155928817238944,0.8055426550062518,0.2366688521149352,0.005250522786138571,177.76779920694963,-1.3183133766220627
PSLS/data/trainPlanet.hdf5,run_01463,0,1092.635147889,0.04969583610719666,10.470313355342675,37.167052669973025,0,12.928094700270305,1,0.6690866996757647,-0.21688858948957213,197.46258405613764,1.6551009935077015,0.0028707770794286214,0.03147184133103337,0.0,0.0028707770794286214,0.0631249001786408,2.325797566074796,0.0,314.7464189899956,4.213750223508858
PSLS/data/trainPlanet.hdf5,run_01466,0,941.9631331740696,0.09502640749943878,14.087768352545757,22.720840426583166,0,14.257516569787088,1,1.227089780333021,-0.44994294428502934,481.98827561379005,3.3148457910634512,0.0015923352368862886,0.4991980689010677,0.0,0.0015923352368862886,8.858607399705507e-188,0.7998538401604746,0.999988454654962,241.02965452594228,0.15033781614822694
PSLS/data/trainPlanet.hdf5,run_01470,0,1013.9181264277396,0.02945151730844679,12.159178623242829,32.789112799510185,0,10.803003635777895,1,1.952204298091335,0.4202332484796457,973.2959058771978,0.8774069145139467,0.003030583317409019,0.540860145708314,0.0,0.003030583317409019,0.9966176413609281,0.30906950794768734,0.08839085871527788,190.03424068513382,-1.1591725013042904
PSLS/data/trainPlanet.hdf5,run_01471,0,1041.5366455981443,0.09422421208403811,11.5228763965395,44.31325929201752,0,12.619965095275438,1,1.8167297435797929,-0.3428741041743598,846.6364107385211,0.8200457671210024,0.003505203857822381,0.8529469818879823,0.0,0.003505203857822381,0.9843926851371378,0.4386045320628615,0.7275018178548996,207.41305984878687,-0.8262334413263156
PSLS/data/trainPlanet.hdf5,run_01475,0,1329.0981357092287,0.02322197072362692,7.076131830401941,45.57064383851406,0,9.223911286654296,1,1.113068056723801,-0.470924698551648,403.86939955045807,1.6904107586889274,0.0049283061079909984,0.02483385555939249,0.0,0.0049283061079909984,0.033101666248341696,1.2562155672974227,0.016812034868529994,269.82604174765055,1.264378325052457
PSLS/data/trainPlanet.hdf5,run_01478,0,963.1623465162337,0.08542500231207387,13.474449180755594,26.723711463521113,0,11.776186799395159,1,0.8758033922443839,-0.16325586266170633,278.2914966272004,3.0378745754264287,0.0022667279969692533,2.2120910724907297e-113,0.0,0.0022667279969692533,4.434233345851596e-113,2.0781501001084406,0.0,306.0110068663363,3.336609902628698
PSLS/data/trainPlanet.hdf5,run_01479,0,633.2823389451813,0.10572916363455379,31.16845391014893,14.587484228002477,0,20.472432691125054,1,2.0988295385479105,0.1801529588228611,1018.5545662401419,1.528081489619131,0.0007122889877744232,0.4131799044575892,0.0,0.0007122889877744232,0.31144651629762576,0.4180759395723158,0.5155023191665066,204.9423035367235,-0.9337057731937857
PSLS/data/trainPlanet.hdf5,run_01480,0,901.9227451329139,0.06425327150842529,15.3663717058955,23.01749511024291,0,14.003281722161875,1,1.3037913571599589,-0.10741901735322057,520.1417974116771,1.948141259440956,0.0016423713206278334,0.49907107273692636,0.0,0.0016423713206278334,5.437148819698829e-06,0.8608121091823002,0.999778725160027,245.4962777288348,0.24594047916271294
PSLS/data/trainPlanet.hdf5,run_01482,0,1173.927456604751,0.08851250780363151,9.070421986891724,45.27105389850685,0,11.360357852953781,1,0.39685837501355037,0.28082997006991717,84.23296158264479,0.9352716456132514,0.003977072866267695,0.4978803487760367,0.0,0.003977072866267695,0.9997367233479117,10.964013226875462,0.0,463.7780683831453,25.706391495150374
PSLS/data/trainPlanet.hdf5,run_01484,0,936.3771096270785,0.03896039461623925,14.256352855594397,40.15661176161038,0,14.225796899938231,1,0.3502645689957782,-0.1331756674364971,69.85339921706212,2.5800676348228944,0.0028188219084011035,1.2383960466095085e-41,0.0,0.0028188219084011035,2.4837934646531245e-41,13.5614475301242,0.0,489.09624854812563,32.153100491870525
PSLS/data/trainPlanet.hdf5,run_01485,0,951.1842344402103,0.10718709953196677,13.815949153480027,32.28227179321471,0,14.866121440802532,1,0.6008121881536718,-0.3298568841474767,159.88613549926154,0.856347440493826,0.002169176827439334,0.4957386449106256,0.0,0.002169176827439334,0.9936326547509239,4.084389397680111,0.0,362.3260878139583,8.49991361928589
PSLS/data/trainPlanet.hdf5,run_01486,0,880.8698718864855,0.04002830618624081,16.109664674637912,24.163528124044014,0,13.214733464271838,1,1.6330045014215193,0.15808377875013713,743.190758708252,3.238229044819425,0.0018268586186818148,0.3867916240641876,0.0,0.0018268586186818148,3.228973458603197e-164,0.43897083890160843,0.7749990618439752,207.45635228729262,-0.7962689520540419
PSLS/data/trainPlanet.hdf5,run_01489,0,887.6315146464312,0.09557542608149593,15.865164766191114,20.88342575531981,0,14.39430794698794,1,1.6310251477746238,0.3102112085522599,731.4302205913018,2.562206211759926,0.001449759460458666,0.44125703912554454,0.0,0.001449759460458666,1.5857782446098595e-39,0.4912244052302506,0.8837953689483314,213.37218452819013,-0.705713750957375
PSLS/data/trainPlanet.hdf5,run_01490,0,815.6036654022947,0.02927244780892599,18.7910771343939,20.245322436214064,0,15.466935259085473,1,0.44164742784105826,0.3664097686705917,103.43011966997162,1.7267008312215675,0.0013080857907090682,0.007614455724399277,0.0,0.0013080857907090682,0.015248858263617729,7.171843519513045,0.0,417.0859121884769,16.64928594218802
PSLS/data/trainPlanet.hdf5,run_01491,0,910.3386779752932,0.04880413343599456,15.083565815345509,17.849939058963148,0,11.016413475732467,1,2.227194009504541,0.4484392364880655,1157.070689942085,1.671837961147991,0.0016189920377953637,0.05033030778059026,0.0,0.0016189920377953637,0.04707692462926739,0.29892453273708536,0.05374692393996659,188.4552365148195,-1.1957757586359687
PSLS/data/trainPlanet.hdf5,run_01492,0,1346.5665258479314,0.057243114120514846,6.893731822562477,62.6429191501906,0,10.175153444043277,1,0.40017393360360654,-0.32513813031366334,85.54029674390384,1.0360123739284133,0.006137547242514696,0.4969186895101907,0.0,0.006137547242514696,0.9999747714213024,10.231895407173306,0.0,455.8341335920378,24.05320464719989
PSLS/data/trainPlanet.hdf5,run_01494,0,951.6980910182161,0.11046881999925368,13.8010337095935,23.6289466086922,0,14.034056796549406,1,0.29178664844139485,0.2643020301671124,59.36005175979771,2.2975334231624647,0.0016822695137581611,1.7108765684460772e-19,0.0,0.0016822695137581611,3.4275191478624257e-19,9.417290959855862,0.0,446.47723185699687,23.30835573136031
PSLS/data/trainPlanet.hdf5,run_01497,0,1174.4612075625932,0.09751173157230275,9.062179490192362,39.09998930835643,0,10.815000020968032,1,0.6259245114264481,0.4702345596609977,169.46995680519402,0.6999087991067181,0.0036088205546201957,0.44113234723484046,0.0,0.0036088205546201957,0.885460161300078,4.047247244854289,0.0,361.4995439490243,8.254392463824438
PSLS/data/trainPlanet.hdf5,run_01502,0,1236.8001518076042,0.11113708813366513,8.17167250684991,41.86129164262838,0,9.222096490439258,1,1.0792194481269393,-0.2182902209171389,397.2258443979932,0.6362383719851191,0.00452895131759401,0.6769839815730416,0.0,0.00452895131759401,0.769019657418648,1.0979925687561924,0.5911082588458979,260.8961497511901,0.8983882295302578
PSLS/data/trainPlanet.hdf5,run_01510,0,1160.1905604985388,0.08047247045194005,9.2864849171251,41.09209584698587,0,12.412944949133053,1,1.51486810729606,-0.0691517912530204,638.6948776657769,2.1074647171198406,0.003304949381614297,0.49792389296413403,0.0,0.003304949381614297,1.5874405393573751e-10,0.6495255416798208,0.999149925699128,228.8057204299046,-0.30780352606049644
PSLS/data/trainPlanet.hdf5,run_01514,0,1181.937750313614,0.07348702746832814,8.947893473842406,47.684876783002004,0,12.505627619508743,1,0.5647291385661546,0.3460727421455435,152.16612369711092,0.49167243174282593,0.003805812927152208,0.18295871511884088,0.0,0.003805812927152208,0.36731536379756413,3.6685127775147737,0.0,352.72831906924125,7.5642756681901355
PSLS/data/trainPlanet.hdf5,run_01515,0,683.9792720080844,0.0539425156764282,26.719241895973855,14.64733877334419,0,18.148863747888626,1,2.7545621619864193,0.1631241931797225,1533.8727824217906,0.5445089688684718,0.0008067408449791147,0.26328241056348817,0.0,0.0008067408449791147,0.5243111588944391,0.25718832282791454,0.0026788065625654367,181.5016724932788,-1.3450840594489422
PSLS/data/trainPlanet.hdf5,run_01516,0,873.2915895542577,0.09412006851366947,16.39047190878973,23.186237924779952,0,14.638912977591644,1,1.6405215761926524,0.33880321569639593,706.4579051450742,2.2264285357977567,0.0015826233529815381,0.49900451341223123,0.0,0.0015826233529815381,1.8272425274913095e-15,0.6712449478878211,0.9995910028890631,230.6949444068019,-0.27245922147430085
PSLS/data/trainPlanet.hdf5,run_01522,0,782.1384063883191,0.025530856988695463,20.43350124896377,17.562785505527067,0,16.444485981839417,1,0.43422079736637054,0.469902673650351,103.24997681441235,2.2730179216420945,0.0010674344151331283,3.889904375064165e-18,0.0,0.0010674344151331283,7.788122059644051e-18,5.647944753219304,0.0,392.90760023508466,13.011792404926023
PSLS/data/trainPlanet.hdf5,run_01524,0,841.9294479027012,0.09024968880471017,17.634315762931028,20.029095717087156,0,12.030645466711547,1,0.3308081715015754,-0.412828561670769,68.81347318599195,2.0286031077642104,0.0016634545839259163,2.546285781340413e-08,0.0,0.0016634545839259163,5.101056939229254e-08,9.941967477860269,0.0,452.5701482209522,24.5410883347564
PSLS/data/trainPlanet.hdf5,run_01529,0,794.5701847108542,0.05658853921486283,19.799101575466874,25.306845902195445,0,18.28501459531806,1,1.6089227932413634,0.41330692189062646,708.2511236353178,1.1212359971562034,0.0013830637784053579,0.9914436365979571,0.0,0.0013830637784053579,0.9967647031880531,0.5810353930596804,0.9888688278217879,222.5197004584263,-0.4729641411529889
PSLS/data/trainPlanet.hdf5,run_01530,0,1048.082113297336,0.05298902441000013,11.379400803983408,40.56716481506177,0,12.167547034455367,1,0.4930214311813555,-0.21176943260616288,127.31682699676175,1.5140576825973286,0.003328494510192459,0.17482947849107597,0.0,0.003328494510192459,0.3508266816661066,4.284518908350909,0.0,366.6851613078332,9.433969200541423
PSLS/data/trainPlanet.hdf5,run_01532,0,1530.6210692397638,0.06266278141765627,5.335494034606753,85.2124762158938,0,8.632684807873938,1,0.5924446859857891,-0.24095423131569083,157.00598441518702,0.628092927561499,0.009822354925011378,0.3715829543023744,0.0,0.009822354925011378,0.7505379588209821,4.269741359847432,0.0,366.368572062726,8.841511225989406
PSLS/data/trainPlanet.hdf5,run_01535,0,793.4807523065688,0.10639091856853057,19.853506399273037,18.315843910704896,0,17.51884105822716,1,0.40046104942001937,0.4810312869653608,93.44330305017172,0.48071594966758263,0.001044947701327903,0.16781259262150044,0.0,0.001044947701327903,0.33597626286658405,5.793292670195469,0.0,395.4114007360779,13.464056562911303
PSLS/data/trainPlanet.hdf5,run_01543,0,856.2532163796365,0.0389603674001093,17.049261865088532,25.135297719461217,0,16.068730044015982,1,1.3066409656828541,0.4309993390099872,514.492145249382,1.2770619153414764,0.0015630139481491723,0.9520788144125304,0.0,0.0015630139481491723,0.915404646581977,0.9426927759730535,0.9917338663398333,251.1368048172229,0.44997038776425835
PSLS/data/trainPlanet.hdf5,run_01545,0,959.0478090984786,0.05542901091400454,13.590314213656999,32.04094337719773,0,12.955229304759923,1,0.9063113871876437,-0.3755115773249411,293.59453389937744,2.8297746493909495,0.002470149570580671,4.718809473055291e-74,0.0,0.002470149570580671,9.46098900403617e-74,1.9051803465641888,1.1108264219776691e-239,299.4345040250899,2.862563346569695
PSLS/data/trainPlanet.hdf5,run_01547,0,1344.95962268151,0.0478475165641839,6.910214364962171,71.30704757884794,0,9.421096651068337,1,0.44973508981654375,-0.3316810509617252,107.75699831999249,1.7881615563195035,0.007540297367193083,0.0015200192442569585,0.0,0.007540297367193083,0.0030631354406121204,6.134834454009298,0.0,401.1146570257374,13.986100973313262
PSLS/data/trainPlanet.hdf5,run_01552,0,706.760444416238,0.1139272103787409,25.024507712017055,15.06448856191337,0,17.153751957710075,1,0.9163873892248942,0.13108876497454258,295.2234354558272,0.6168809458533342,0.0008778181991994094,0.3616089739466698,0.0,0.0008778181991994094,0.7238533595459006,2.140025712025667,0.0,308.26382829263747,3.3952242909551584
PSLS/data/trainPlanet.hdf5,run_01557,0,965.4445960295365,0.035615015670725725,13.410818999880023,42.509462900422655,0,12.761979481247728,1,1.3212871042026133,-0.08977099199939664,526.4391813158576,0.4858377044880344,0.0033254044285084827,0.6727740787613367,0.0,0.0033254044285084827,0.35052758463316064,0.8758800054320359,0.9995099938315923,246.5636059031718,0.2807919559324151
PSLS/data/trainPlanet.hdf5,run_01558,0,764.9416109914997,0.06486192797622506,21.362567142576367,17.87405182103264,0,15.18041048221396,1,0.6440139502012415,-0.2815804153041759,182.03349812945004,0.7914026057207612,0.0011767490175390583,0.4854275771238353,0.0,0.0011767490175390583,0.9719989530607338,2.734721946268142,0.0,327.75257595608747,5.241697600387334
PSLS/data/trainPlanet.hdf5,run_01560,0,1031.197374263169,0.10273042875323267,11.755102382052872,35.97059727635875,0,14.097834177251555,1,0.37507917328923807,-0.42402003485070006,81.14866398617337,0.7743863295389272,0.0025482458066424796,0.4797149707377845,0.0,0.0025482458066424796,0.961881050829835,9.754577230155752,0.0,450.4223505105371,23.308768911603423
PSLS/data/trainPlanet.hdf5,run_01561,0,891.3034111091677,0.028103402845656905,15.734714809862666,33.301499952253714,0,15.066038462420838,1,0.8433160684789847,0.44791455483778597,270.16850101544543,1.5897323212536596,0.002207927640738405,0.08129543551138664,0.0,0.002207927640738405,0.1629506542764266,2.098661084090588,0.0,306.76329719606827,3.329904222607362
PSLS/data/trainStar.hdf5,run_01568,0,1392.9040007530139,0.03295779413308708,6.442696027990325,50.05732989584486,0,9.28747868482859,0,1.0,0.0,10.0,5.452562704471101,0.0053752665273788525,4.6400354018099867e-14,0.0,0.0053752665273788525,0.0,1.4455518183563987,9.330223240296511e-14,279.46423483362497,1.7627630986100293
PSLS/data/trainStar.hdf5,run_01574,0,1147.4367114950849,0.10740357576669791,9.494072231371,40.64555155216271,0,11.392050148681118,0,1.0,0.0,10.0,5.452562704471101,0.0035615299973547065,0.4493738684585084,0.0,0.0035615299973547065,0.0,0.9853391043777081,0.9019600948512464,253.93013840436305,0.6848615144421939
PSLS/data/trainStar.hdf5,run_01579,0,1482.1908836975958,0.06066686748186707,5.689862054335473,59.45374229437486,0,7.187882158133492,0,1.0,0.0,10.0,5.452562704471101,0.008237271440844851,6.281994492383056e-235,0.0,0.008237271440844851,0.0,1.9379434563210787,1.2668341552842206e-234,300.7136174740669,2.8523762395339687
PSLS/data/trainStar.hdf5,run_01586,0,1256.1000234615913,0.02532312745027682,7.922487553341821,58.464821437164986,0,8.741784898838786,0,1.0,0.0,10.0,5.452562704471101,0.006665658290066601,0.4104607025969246,0.0,0.006665658290066601,0.0,1.0208892615507175,0.8264301058802705,256.19017987999536,0.7586398394089507
PSLS/data/trainStar.hdf5,run_01587,0,1219.2285795371445,0.026071766218772635,8.408910778155098,61.61933211175611,0,9.68391492835235,0,1.0,0.0,10.0,5.452562704471101,0.006342858643780813,7.514198968545326e-24,0.0,0.006342858643780813,0.0,1.5168475489831652,1.512432942068805e-23,282.8481244196244,1.9353354365366247
PSLS/data/trainStar.hdf5,run_01591,0,890.2780779852861,0.0512604962412499,15.770979017781722,25.13148606504089,0,15.351975630073062,0,1.0,0.0,10.0,5.452562704471101,0.0016356804831983984,0.3189100974449614,0.0,0.0016356804831983984,0.0,1.0579865295326216,0.6388651741867352,258.48649297443984,0.8747614986968698
PSLS/data/trainStar.hdf5,run_01592,0,1050.8419695899106,0.07587368694784125,11.319707203562254,35.271072583350126,0,11.800633686269938,0,1.0,0.0,10.0,5.452562704471101,0.0029844510816418035,2.1364121528355589e-23,0.0,0.0029844510816418035,0.0,1.5102480022932179,4.285614512538563e-23,282.5399651152769,1.9288883854762147
PSLS/data/trainStar.hdf5,run_01594,0,987.2767493554403,0.056618720761413735,12.824256453546473,25.57345684021614,0,12.352134480843217,0,1.0,0.0,10.0,5.452562704471101,0.0020682256912096797,4.776222960868225e-22,0.0,0.0020682256912096797,0.0,1.50172550557894,9.572243481627668e-22,282.1405177439818,1.9089940546889081
PSLS/data/trainStar.hdf5,run_01596,0,1050.708036658026,0.09152551642571848,11.322593215942131,31.19375327201201,0,12.13979376476318,0,1.0,0.0,10.0,5.452562704471101,0.0025662471121721264,2.0858585669739776e-64,0.0,0.0025662471121721264,0.0,1.6866674969903461,4.1824503350420604e-64,290.452546673462,2.294526193898246
PSLS/data/trainStar.hdf5,run_01597,0,1037.262712694692,0.06461604798860476,11.618029650573346,29.13368108844062,0,12.491761850613326,0,1.0,0.0,10.0,5.452562704471101,0.0023295140098827938,3.3908939851480894e-30,0.0,0.0023295140098827938,0.0,1.5578602014165905,6.797623128608175e-30,284.7409570096598,2.0161345118632643
PSLS/data/trainStar.hdf5,run_01600,0,715.6491410010348,0.07072660505301544,24.406736045191877,18.025595353588734,0,18.824207403289957,0,1.0,0.0,10.0,5.452562704471101,0.0009571169340408803,1.6254255176237269e-25,0.0,0.0009571169340408803,0.0,1.553136282938684,3.253965460692667e-25,284.52485525250955,1.9582145821880546
PSLS/data/trainStar.hdf5,run_01602,0,896.9285979118034,0.028355431589958516,15.537969700055278,28.42590470810793,0,16.907464225913266,0,1.0,0.0,10.0,5.452562704471101,0.0016798510997719784,0.002157946342579572,0.0,0.0016798510997719784,0.0,1.2672084072542618,0.004323154941742515,270.41441018140387,1.3263250102098518
PSLS/data/trainStar.hdf5,run_01605,0,966.7844838288485,0.09823993278319725,13.373672063315187,31.017677432851325,0,10.677922722755797,0,1.0,0.0,10.0,5.452562704471101,0.002900626938632578,3.1310072865267906e-18,0.0,0.002900626938632578,0.0,1.4915902242586698,6.2802311807974425e-18,281.6632601734934,1.8462869834796838
PSLS/data/trainStar.hdf5,run_01610,0,956.1309135932742,0.10708669160022574,13.673361406547128,21.871622159239916,0,12.379820366262955,0,1.0,0.0,10.0,5.452562704471101,0.0017651559083451396,1.6067828409779004e-05,0.0,0.0017651559083451396,0.0,1.3265919504607737,3.219248156860312e-05,273.5282325124873,1.4760912162075874
PSLS/data/trainStar.hdf5,run_01614,0,908.9065062002308,0.0285375377879903,15.131137873662894,27.291482452256304,0,11.117762860621214,0,1.0,0.0,10.0,5.452562704471101,0.0024517533890515697,2.5944559611024178e-49,0.0,0.0024517533890515697,0.0,1.6251379277613647,5.201665122297139e-49,287.7665938113067,2.192819787568372
PSLS/data/trainStar.hdf5,run_01617,0,1220.9596171970102,0.09977646011545176,8.385083908840446,39.9548402430453,0,10.49909300393618,0,1.0,0.0,10.0,5.452562704471101,0.0037983196712646494,0.01123819102146786,0.0,0.0037983196712646494,0.0,1.2239415194399372,0.02256208003535867,268.07603202903294,1.248729055815845
PSLS/data/trainStar.hdf5,run_01619,0,952.663612403548,0.08328778990180742,13.773073282652604,23.858077430667343,0,13.998673950578784,0,1.0,0.0,10.0,5.452562704471101,0.0017028583051582613,3.9617671358027905e-33,0.0,0.0017028583051582613,0.0,1.5609646044313479,7.937049943019508e-33,284.8827044682027,2.048586102596187
PSLS/data/trainStar.hdf5,run_01622,0,876.0276345931927,0.10289659183925774,16.28824901852004,23.231629830544534,0,17.619642220075608,0,1.0,0.0,10.0,5.452562704471101,0.001317638617791661,0.0012018156690312832,0.0,0.001317638617791661,0.0,1.2533890349335997,0.002406802634158737,269.67413382262544,1.349106878231345
PSLS/data/trainStar.hdf5,run_01623,0,1323.4750694423742,0.05181957417486291,7.136388477966545,39.00541876590523,0,10.611838158727403,0,1.0,0.0,10.0,5.452562704471101,0.0036689045545118537,0.48861207225202424,0.0,0.0036689045545118537,0.0,0.9229744563379786,0.9808226893361224,249.8131181265493,0.5182002416201601
PSLS/data/trainStar.hdf5,run_01626,0,1475.5683196659245,0.10498060483604774,5.741050515404338,81.03228689144262,0,7.039846476791197,0,1.0,0.0,10.0,5.452562704471101,0.011444526458772253,0.4855607185879188,0.0,0.011444526458772253,0.0,0.9279547902649297,0.9823641294474478,250.1494338038965,0.5109469615763593
PSLS/data/trainStar.hdf5,run_01627,0,906.6450422452033,0.066512301966266,15.206715850262524,25.166284548413827,0,13.296120987551127,0,1.0,0.0,10.0,5.452562704471101,0.0018909637479956887,0.48958874305184746,0.0,0.0018909637479956887,0.0,0.9407006696959446,0.9810325831540417,251.00402344750853,0.5172414329276005
PSLS/data/trainStar.hdf5,run_01628,0,980.9533808404576,0.045308104944502096,12.990123390982722,29.760832681051934,0,10.452502236914464,0,1.0,0.0,10.0,5.452562704471101,0.0028431952466132504,2.6342552407779513e-73,0.0,0.0028431952466132504,0.0,1.6834066105048062,5.283532596319083e-73,290.3120595543802,2.3453232569072178
PSLS/data/trainStar.hdf5,run_01631,0,1232.8247103925955,0.054231297827155675,8.224459222125686,39.222836078150145,0,10.199439773951656,0,1.0,0.0,10.0,5.452562704471101,0.003838202500086152,0.0033119435365708953,0.0,0.003838202500086152,0.0,1.2662379139131852,0.006649408850817092,270.36262099137423,1.3082364130890205
PSLS/data/trainStar.hdf5,run_01636,0,908.4311739750739,0.02299224627094702,15.146976606003722,27.450922116827343,0,12.394221913947579,0,1.0,0.0,10.0,5.452562704471101,0.002212365194507404,5.821402337294317e-11,0.0,0.002212365194507404,0.0,1.412304061923918,1.1668619923174602e-10,277.843263683526,1.6848033290405457
PSLS/data/trainStar.hdf5,run_01637,0,950.0960650389837,0.055743712556541994,13.847614798960622,32.991125795682514,0,12.328245259030906,0,1.0,0.0,10.0,5.452562704471101,0.002672482687941735,4.080928365478577e-52,0.0,0.002672482687941735,0.0,1.6584247861035106,8.183727601294445e-52,289.2289525000763,2.213541918085612
PSLS/data/trainStar.hdf5,run_01640,0,1006.3913096913834,0.023084027826373914,12.341736138815417,32.01281457183189,0,12.359968669020407,0,1.0,0.0,10.0,5.452562704471101,0.0025866888468686344,3.3969499782136e-89,0.0,0.0025866888468686344,0.0,1.7468468388567222,6.811519237268474e-89,293.0093822361703,2.42430221568987
PSLS/data/trainStar.hdf5,run_01641,0,1048.2256325406217,0.03521883543352303,11.376284964915238,41.964744522676995,0,13.912723384383685,0,1.0,0.0,10.0,5.452562704471101,0.0030117409888903435,1.7593743679347368e-11,0.0,0.0030117409888903435,0.0,1.4111079482715183,3.5293783091885576e-11,277.78441698586255,1.699174329183868
PSLS/data/trainStar.hdf5,run_01645,0,1065.2011684489974,0.06449470491165168,11.016578786033461,37.8033095843979,0,9.39379076406108,0,1.0,0.0,10.0,5.452562704471101,0.004016200358662125,2.176016103525639e-55,0.0,0.004016200358662125,0.0,1.619823010989387,4.369581321120364e-55,287.5310238323461,2.236567125887743
PSLS/data/trainStar.hdf5,run_01646,0,830.8893491679382,0.06999961966500041,18.10604640389595,28.302102743680276,0,16.223505812829355,0,1.0,0.0,10.0,5.452562704471101,0.0017429913570000677,1.2660641321742998e-117,0.0,0.0017429913570000677,0.0,1.791249483510823,2.5365494481132643e-117,294.8538747101101,2.5398987576594196
PSLS/data/trainStar.hdf5,run_01647,0,1238.4075207736603,0.09464828418817968,8.150473719749348,58.54001935010706,0,10.543642938997797,0,1.0,0.0,10.0,5.452562704471101,0.005536777770614121,5.1124341622476755e-70,0.0,0.005536777770614121,0.0,1.685185090700179,1.0281796345945564e-69,290.3887061913791,2.3271879964678135
PSLS/data/trainStar.hdf5,run_01648,0,1389.3069747698983,0.08470669901300855,6.47610051785935,74.34537315285613,0,9.716748009727862,0,1.0,0.0,10.0,5.452562704471101,0.007622064414852248,1.275779546864938e-22,0.0,0.007622064414852248,0.0,1.5346850552648614,2.5711566150706177e-22,283.6760269299737,1.9175393765610802
PSLS/data/trainStar.hdf5,run_01649,0,823.2403918966105,0.025504015510872197,18.444066166793387,22.177809795251793,0,17.136852620510393,0,1.0,0.0,10.0,5.452562704471101,0.0012933218059452134,1.5511431613711047e-72,0.0,0.0012933218059452134,0.0,1.6947100755837452,3.1063037731479114e-72,290.798172291561,2.341144067464651
PSLS/data/trainStar.hdf5,run_01650,0,1028.5550589610161,0.0670375238769984,11.815576701711208,45.13483106276261,0,10.43465806536317,0,1.0,0.0,10.0,5.452562704471101,0.004316131551869606,0.010536528510378772,0.0,0.004316131551869606,0.0,1.2285873532685891,0.02116440537858863,268.3300612880235,1.252214960841943
PSLS/data/trainStar.hdf5,run_01652,0,861.5135495855851,0.05425149006018763,16.84169462660115,20.106913434234873,0,17.14655661692488,0,1.0,0.0,10.0,5.452562704471101,0.0011719629370359197,0.16730357356244763,0.0,0.0011719629370359197,0.0,1.1303972188217195,0.3349997544209928,262.8001385209513,1.0150281887343184
PSLS/data/trainStar.hdf5,run_01653,0,926.2891062654534,0.07495263923739469,14.568569160002188,22.509045961291008,0,13.877941267320159,0,1.0,0.0,10.0,5.452562704471101,0.001620615143646087,0.49680285169892924,0.0,0.001620615143646087,0.0,0.881547015359069,0.9952185696831247,246.96146318553622,0.4106133166868422
PSLS/data/trainStar.hdf5,run_01659,0,1002.2982292437771,0.05039966402168193,12.44274173336055,35.692169775780016,0,11.548955863675856,0,1.0,0.0,10.0,5.452562704471101,0.0030857398241627143,0.4767985826153581,0.0,0.0030857398241627143,0.0,0.9567443160960288,0.9565488260369747,252.0674642129346,0.5951165648458335
PSLS/data/trainStar.hdf5,run_01661,0,1120.9340454330988,0.087740517377678,9.948323360994008,38.039311697554275,0,12.808518897913045,0,1.0,0.0,10.0,5.452562704471101,0.0029654390529237906,0.003626870788193665,0.0,0.0029654390529237906,0.0,1.2799441407208156,0.007275316082821694,271.09129604654737,1.3042942504737849
PSLS/data/trainStar.hdf5,run_01662,0,548.3323905769346,0.10549370486116724,41.57403824662687,6.186370963536663,0,20.46578590110678,0,1.0,0.0,10.0,5.452562704471101,0.0003022330089629266,1.187880372153952e-65,0.0,0.0003022330089629266,0.0,1.6626615527190702,2.376478994705211e-65,289.4134986105894,2.3019806110540095
PSLS/data/trainStar.hdf5,run_01667,0,915.5405333830794,0.10375263337119595,14.91265120469473,28.502438411284956,0,13.282743903942043,0,1.0,0.0,10.0,5.452562704471101,0.0021435239482505697,2.1586915122862197e-45,0.0,0.0021435239482505697,0.0,1.640420367638987,4.3266573181497673e-45,288.44074455970923,2.162091894961229
PSLS/data/trainStar.hdf5,run_01671,0,868.5286300215029,0.10627381110272718,16.570733582481356,27.488211350580965,0,14.541957162408552,0,1.0,0.0,10.0,5.452562704471101,0.0018884836028960628,5.091553605060381e-18,0.0,0.0018884836028960628,0.0,1.5040460618863591,1.0202374226558226e-17,282.249449753074,1.842498080599022
PSLS/data/trainStar.hdf5,run_01672,0,958.2687342511484,0.07155453815669527,13.612421114520213,26.87618909288656,0,13.616920154376762,0,1.0,0.0,10.0,5.452562704471101,0.001971788260124674,1.859588824213085e-30,0.0,0.001971788260124674,0.0,1.5734797493400496,3.726525567791797e-30,285.45201248456937,2.019130787794677
PSLS/data/trainStar.hdf5,run_01674,0,914.7068294273546,0.05611456614467773,14.939847682889361,30.367336351335908,0,10.481174921227886,0,1.0,0.0,10.0,5.452562704471101,0.0028931285912421334,1.2947102393722161e-71,0.0,0.0028931285912421334,0.0,1.6942037466190085,2.5969337420029826e-71,290.77644939643744,2.3360846234423898
PSLS/data/trainStar.hdf5,run_01682,0,962.4662985316643,0.05452716660627266,13.493945457289032,21.002078541859007,0,12.35053544744424,0,1.0,0.0,10.0,5.452562704471101,0.0016990544043582467,0.014190363388909057,0.0,0.0016990544043582467,0.0,1.2231805302423508,0.028429029245168748,268.03435304696717,1.2357065168707708
PSLS/data/trainStar.hdf5,run_01688,0,1420.0047321701197,0.07477011714163245,6.199125514561715,79.13751719952026,0,10.312675664731737,0,1.0,0.0,10.0,5.452562704471101,0.007644441833097759,0.0001897742876886103,0.0,0.007644441833097759,0.0,1.2848856268030986,0.00038247236310978076,271.35256893417267,1.410322980949859
PSLS/data/trainStar.hdf5,run_01691,0,944.839596839405,0.0351739093920614,14.00212149774505,21.548342390389404,0,12.30757981646817,0,1.0,0.0,10.0,5.452562704471101,0.0017492870323683185,2.0039839311533275e-74,0.0,0.0017492870323683185,0.0,1.7057135991013952,4.014991234408078e-74,291.2690556286291,2.351337613470855
PSLS/data/trainStar.hdf5,run_01692,0,1071.510889906078,0.08659092530223182,10.887215882422305,40.49242580000404,0,10.950494228678174,0,1.0,0.0,10.0,5.452562704471101,0.00369094319215435,0.10379632974056376,0.0,0.00369094319215435,0.0,1.142954650470741,0.20836171071881074,263.5269705401096,1.0779033403212488
PSLS/data/trainStar.hdf5,run_01696,0,812.5634130365622,0.08455565705820657,18.931955969582077,23.37846896800178,0,15.789759265362363,0,1.0,0.0,10.0,5.452562704471101,0.0014795140268643037,0.49675829782327463,0.0,0.0014795140268643037,0.0,0.8827363633534877,0.9949886953779323,247.04471870902458,0.41384738197489557
PSLS/data/trainStar.hdf5,run_01698,0,843.6023937079061,0.08390293935984439,17.56444397766621,21.648993260183257,0,17.020281764070646,0,1.0,0.0,10.0,5.452562704471101,0.0012711441060780926,1.4562169072451352e-37,0.0,0.0012711441060780926,0.0,1.5705494519157133,2.9161406494893636e-37,285.31901997454025,2.0932503838747376
PSLS/data/trainStar.hdf5,run_01699,0,1233.045981131064,0.11938566445692916,8.221507720059225,67.5503333420833,0,9.450332347052205,0,1.0,0.0,10.0,5.452562704471101,0.007122446330137477,0.46734249023508345,0.0,0.007122446330137477,0.0,0.9684430847309519,0.9413899800790089,252.83450635857812,0.6263785047369912
PSLS/data/trainStar.hdf5,run_01700,0,915.7770500604325,0.10840804904863366,14.904949253123847,21.779659201700166,0,12.017947899395136,0,1.0,0.0,10.0,5.452562704471101,0.0018106199232952314,0.4495224572769975,0.0,0.0018106199232952314,0.0,0.996100227613494,0.9006756959134438,254.620624833816,0.6864288849716088
PSLS/data/trainStar.hdf5,run_01712,0,1165.7862420615756,0.11634387142667782,9.197550087539247,47.136130582213084,0,11.304948718764992,0,1.0,0.0,10.0,5.452562704471101,0.0041608326434139364,0.497787400165388,0.0,0.0041608326434139364,0.0,0.8218745797251128,0.9997345283912544,242.67174146815088,0.25352023129657714
PSLS/data/trainStar.hdf5,run_01713,0,828.4175453062005,0.05241109243382254,18.214256000105994,25.01466673382135,0,13.246750502482183,0,1.0,0.0,10.0,5.452562704471101,0.0018865806530935503,1.2409718764305253e-25,0.0,0.0018865806530935503,0.0,1.5533047092179486,2.4866349903251034e-25,284.5325685991431,1.9597682127267484
PSLS/data/trainStar.hdf5,run_01714,0,812.388727091185,0.09804316429691416,18.940098628582334,23.081734801163364,0,15.763728855929156,0,1.0,0.0,10.0,5.452562704471101,0.001463159177948259,0.1627762232330308,0.0,0.001463159177948259,0.0,1.1256582857603858,0.32602947949126093,262.52427200918856,1.0191839749214053
PSLS/data/trainStar.hdf5,run_01721,0,1000.5270472884762,0.06035973950236877,12.486834227179445,26.230582804873176,0,13.045901770698983,0,1.0,0.0,10.0,5.452562704471101,0.002008617788936684,0.006697195148418361,0.0,0.002008617788936684,0.0,1.238911264123277,0.01342134865649969,268.89199300496637,1.2757379359891703
PSLS/data/trainStar.hdf5,run_01725,0,1076.9949961558823,0.07549856836422511,10.776621804593132,26.27151180685034,0,9.363808042165378,0,1.0,0.0,10.0,5.452562704471101,0.002801711854463318,0.4954868757952876,0.0,0.002801711854463318,0.0,0.885747964036012,0.9937579750898519,247.25515811926306,0.42931962935802476
PSLS/data/trainStar.hdf5,run_01730,0,1196.871626690041,0.07781369232894705,8.725993191136517,63.63763090367926,0,9.218525085684881,0,1.0,0.0,10.0,5.452562704471101,0.00687946088656799,5.066093696058244e-18,0.0,0.00687946088656799,0.0,1.5040460618863591,1.0202374226558226e-17,282.249449753074,1.842498080599022
PSLS/data/trainStar.hdf5,run_01733,0,866.0583488910056,0.03929318426799222,16.66539868127867,22.94109207878681,0,13.00744284489965,0,1.0,0.0,10.0,5.452562704471101,0.0017621352449643801,0.012823359190012816,0.0,0.0017621352449643801,0.0,1.2179560498360387,0.025691991143132257,267.7476846577869,1.2414941422615338
PSLS/data/trainStar.hdf5,run_01734,0,714.5131305551947,0.035096636667766884,24.48440669127016,15.680227629514889,0,19.834792148944103,0,1.0,0.0,10.0,5.452562704471101,0.0007902291694759089,1.9740609048260312e-35,0.0,0.0007902291694759089,0.0,1.6033967688241053,3.9512441980731023e-35,286.799289261077,2.07237921219687
PSLS/data/trainStar.hdf5,run_01737,0,951.4306842672767,0.0608880026039879,13.80879256846752,35.64162086182781,0,12.709535849444293,0,1.0,0.0,10.0,5.452562704471101,0.0028003927672687334,0.11582636400335876,0.0,0.0028003927672687334,0.0,1.1745495327228,0.23230326839935597,265.32957038730405,1.065069238991606
PSLS/data/trainStar.hdf5,run_01743,0,940.8823240394887,0.049721503393424085,14.120152708455128,30.393078171393682,0,13.259032807895464,0,1.0,0.0,10.0,5.452562704471101,0.002289629332444365,0.4307169914831011,0.0,0.002289629332444365,0.0,1.0084811720059121,0.8634108738288723,255.4081599898651,0.7263615644015714
PSLS/data/trainStar.hdf5,run_01747,0,1013.6295352815548,0.09445233986548489,12.166103304702316,37.88265277777857,0,11.60535304119757,0,1.0,0.0,10.0,5.452562704471101,0.0032589177456481266,4.195220778980365e-13,0.0,0.0032589177456481266,0.0,1.4262830666074158,8.417874719263982e-13,278.52825049166483,1.7405343196110954
PSLS/data/trainStar.hdf5,run_01748,0,960.6693161873231,0.10184390092585134,13.544474937659096,25.431427285445814,0,13.276544835180664,0,1.0,0.0,10.0,5.452562704471101,0.0019136820610428096,0.023845448330568928,0.0,0.0019136820610428096,0.0,1.2144180086910215,0.04778233686202542,267.5530273856319,1.2036635204757604
PSLS/data/trainStar.hdf5,run_01750,0,1194.8819936125099,0.028036450274880567,8.755077200055297,50.91727851394647,0,10.260331941592117,0,1.0,0.0,10.0,5.452562704471101,0.0049502441138176145,1.2057090878355493e-60,0.0,0.0049502441138176145,0.0,1.6676563917816936,2.4234146698759916e-60,289.6306125788977,2.2712375916189997
PSLS/data/trainStar.hdf5,run_01751,0,972.7559513511884,0.09156726000810625,13.209981821854194,28.971631435429885,0,12.820600968234181,0,1.0,0.0,10.0,5.452562704471101,0.0022572203529448442,0.44333817708643364,0.0,0.0022572203529448442,0.0,1.0010213111210027,0.8886823059611848,254.93452262891975,0.7003629377927448
PSLS/data/trainStar.hdf5,run_01754,0,1118.094322825202,0.08193520785468458,9.99892079860856,32.84661457586888,0,12.946234685574098,0,1.0,0.0,10.0,5.452562704471101,0.0025339399524683115,9.347350967502949e-52,0.0,0.0025339399524683115,0.0,1.644902095145498,1.8742193527983348e-51,288.637552423348,2.2109354719412524
PSLS/data/trainStar.hdf5,run_01755,0,1011.8227337507521,0.055489992912386,12.209591871661864,37.850329371748536,0,12.194652515139552,0,1.0,0.0,10.0,5.452562704471101,0.003099034535499867,2.078590531483425e-28,0.0,0.003099034535499867,0.0,1.5463264993358627,4.170104360396357e-28,284.2124637040875,1.9949918860014808
PSLS/data/trainStar.hdf5,run_01767,0,1207.9428280180339,0.02141524636060114,8.566772893042893,50.74225440296162,0,9.756704373886201,0,1.0,0.0,10.0,5.452562704471101,0.005187257072564622,3.251598399715235e-12,0.0,0.005187257072564622,0.0,1.423346412799861,6.537106451103062e-12,278.3847703219058,1.7184600925510347
PSLS/data/trainStar.hdf5,run_01768,0,993.8449748860701,0.027807666601282848,12.65530803969915,36.236854442717664,0,14.107149419333476,0,1.0,0.0,10.0,5.452562704471101,0.0025653909672538333,0.4244847511454666,0.0,0.0025653909672538333,0.0,1.0173264248326206,0.8511530426182166,255.9663650136243,0.7376964686444741
PSLS/data/trainStar.hdf5,run_01770,0,996.6719933557047,0.09841634660303536,12.583617352851602,18.39077416014661,0,12.672507593139487,0,1.0,0.0,10.0,5.452562704471101,0.0014501814908824961,0.22375512256694657,0.0,0.0014501814908824961,0.0,1.1253315352424733,0.4481601587009923,262.50521887336424,0.9640145939577953
PSLS/data/trainStar.hdf5,run_01771,0,960.6343194649102,0.037902437224558605,13.545461829037743,34.19431386590782,0,15.305780351975349,0,1.0,0.0,10.0,5.452562704471101,0.0022315847424621005,4.751645357249324e-06,0.0,0.0022315847424621005,0.0,1.3313921730503087,9.52454554501579e-06,273.77533534543926,1.5037301128200613
PSLS/data/trainStar.hdf5,run_01778,0,1326.5526833335475,0.09912592031397434,7.103313921101066,45.14599118017304,0,10.215509661994934,0,1.0,0.0,10.0,5.452562704471101,0.004409606698286939,0.003811832353503517,0.0,0.004409606698286939,0.0,1.2419858532931731,0.0076574309658858745,269.058664372286,1.3020241801386974
PSLS/data/trainStar.hdf5,run_01782,0,1070.3711933129837,0.022478878555257778,10.910412935576922,37.60199218072431,0,13.219935340176805,0,1.0,0.0,10.0,5.452562704471101,0.0028402987952014236,2.6906054673300893e-06,0.0,0.0028402987952014236,0.0,1.33317893037492,5.396538717076549e-06,273.8671422730524,1.5158003102787214
PSLS/data/trainStar.hdf5,run_01788,0,724.7159049026341,0.026736044974307496,23.799861391342787,11.477681418014825,0,14.00727457371207,0,1.0,0.0,10.0,5.452562704471101,0.0008190729885593218,0.3504633274897459,0.0,0.0008190729885593218,0.0,1.060097022155588,0.701501235693089,258.6153051579837,0.84128413609531
PSLS/data/trainStar.hdf5,run_01790,0,1020.3408093659712,0.09001392416312494,12.006584980708151,31.5469995729865,0,11.772037625856745,0,1.0,0.0,10.0,5.452562704471101,0.0026762373762651004,8.028487581033574e-30,0.0,0.0026762373762651004,0.0,1.533796185064015,1.6100062751763633e-29,283.6349426125893,2.011797208165678
PSLS/data/trainStar.hdf5,run_01796,0,847.9265902570962,0.11344694353541533,17.38575294169538,21.333263998442405,0,17.214243346739273,0,1.0,0.0,10.0,5.452562704471101,0.0012385122068062637,5.3987992987675046e-139,0.0,0.0012385122068062637,0.0,1.8297227262162918,1.0810988138311946e-138,296.42453024523286,2.6121495109889032
PSLS/data/trainStar.hdf5,run_01804,0,930.5365446147807,0.04567690703856201,14.435876089568476,29.772305427613112,0,12.792407601968803,0,1.0,0.0,10.0,5.452562704471101,0.002324635678308762,1.341104395235588e-54,0.0,0.002324635678308762,0.0,1.6501745806870032,2.6884584769663834e-54,288.8685709565613,2.231123241522083
PSLS/data/trainStar.hdf5,run_01808,0,937.8183045181429,0.06467694435151225,14.212569543624713,23.290883804245645,0,12.29450098677476,0,1.0,0.0,10.0,5.452562704471101,0.00189262146198943,0.44507865223268617,0.0,0.00189262146198943,0.0,1.0070407354359994,0.8918452298882317,255.31690978038182,0.6968040170781572
PSLS/data/trainStar.hdf5,run_01811,0,944.1602658144025,0.04811700746214107,14.022278028160143,34.29166874196467,0,10.482693018972888,0,1.0,0.0,10.0,5.452562704471101,0.003265920428951574,0.4975540106079451,0.0,0.003265920428951574,0.0,0.8522419651897641,0.9983686136668889,244.8829501159951,0.34315096032981984
PSLS/data/trainStar.hdf5,run_01812,0,943.7817975211285,0.03724411392189896,14.03352650048976,25.95417323560096,0,16.02652349644733,0,1.0,0.0,10.0,5.452562704471101,0.0016181406293448442,0.042256887502260206,0.0,0.0016181406293448442,0.0,1.212249233514949,0.0846507518253536,267.4334945385119,1.162590229464771
PSLS/data/trainStar.hdf5,run_01816,0,837.5997020784249,0.074188161374449,17.81709864993289,24.035203016114448,0,14.44787672038987,0,1.0,0.0,10.0,5.452562704471101,0.001662197312272684,0.2909134716206394,0.0,0.001662197312272684,0.0,1.0858250742351843,0.5827956646286286,260.17034107399405,0.9023770761085442
PSLS/data/trainStar.hdf5,run_01818,0,819.5494064430492,0.06963097311524205,18.610572486702488,17.084135095156192,0,14.49191940283107,0,1.0,0.0,10.0,5.452562704471101,0.0011781785809145129,0.24287552044654231,0.0,0.0011781785809145129,0.0,1.094959484137315,0.48632401743380943,260.7157885241052,0.9469139478182076
PSLS/data/trainStar.hdf5,run_01822,0,837.7712407263734,0.09014391437077938,17.809803082923057,17.641277807832925,0,15.896780330123718,0,1.0,0.0,10.0,5.452562704471101,0.0011091235114424336,4.821919375129546e-66,0.0,0.0011091235114424336,0.0,1.6913883600974593,9.654546835146274e-66,290.65557273879034,2.304297282986066
PSLS/data/trainStar.hdf5,run_01823,0,909.6940457233869,0.10448456371867738,15.10495058344685,30.899834171879046,0,12.994934720974296,0,1.0,0.0,10.0,5.452562704471101,0.002375011999225074,1.0200340594783831e-26,0.0,0.002375011999225074,0.0,1.5550444739153206,2.044924839989254e-26,284.612207181168,1.9739132260676433
PSLS/data/trainStar.hdf5,run_01828,0,878.8080642315683,0.11732193706542507,16.185344438786725,26.824734200040155,0,15.532967865035342,0,1.0,0.0,10.0,5.452562704471101,0.0017254645221892462,2.267936067135761e-11,0.0,0.0017254645221892462,0.0,1.412850320742669,4.5437121483825966e-11,277.87012622821965,1.696188680306314
PSLS/data/trainStar.hdf5,run_01831,0,603.3357985986701,0.054188642371172255,34.339330496238674,12.009006002368276,0,20.974919196787813,0,1.0,0.0,10.0,5.452562704471101,0.0005723773579393576,0.12009259064836704,0.0,0.0005723773579393576,0.0,1.1613872141513792,0.2403227365897561,264.5830873724316,1.060901443084722
PSLS/data/trainStar.hdf5,run_01834,0,860.5656771987452,0.08787715630023503,16.878815718878304,21.128889601908465,0,15.54878347437946,0,1.0,0.0,10.0,5.452562704471101,0.0013579544890038875,0.4982054596497884,0.0,0.0013579544890038875,0.0,0.859183991052186,0.9977658399008449,245.38011395139762,0.36163182871035776
PSLS/data/trainStar.hdf5,run_01841,0,1028.4538320125137,0.11758541155837857,11.817902744161982,34.99814981885179,0,12.102494250654951,0,1.0,0.0,10.0,5.452562704471101,0.002887635704443059,0.024298512240011835,0.0,0.002887635704443059,0.0,1.208713062620706,0.04873776137993901,267.238252760651,1.2023539549926139
PSLS/data/trainStar.hdf5,run_01842,0,687.527136288524,0.10979594920752246,26.44419339486608,16.164666882977862,0,21.22395507691591,0,1.0,0.0,10.0,5.452562704471101,0.0007613337236304085,1.5546421482173057e-15,0.0,0.0007613337236304085,0.0,1.4690487804822536,3.1116533030304543e-15,280.5930268503638,1.794591448138738
PSLS/data/trainStar.hdf5,run_01846,0,654.9344178394044,0.04360640264578322,29.14166659726625,15.07984457085026,0,22.034418559095425,0,1.0,0.0,10.0,5.452562704471101,0.0006841426543475748,7.378081456796748e-93,0.0,0.0006841426543475748,0.0,1.7465470254382875,1.4766265145424887e-92,292.99680903896876,2.4408098863088488
PSLS/data/trainStar.hdf5,run_01847,0,1526.13774750737,0.08009416623145604,5.366888149939065,83.61357624290596,0,7.823161746819653,0,1.0,0.0,10.0,5.452562704471101,0.010631038657518466,1.4714394206988893e-249,0.0,0.010631038657518466,0.0,1.951445385673139,2.9745008751887323e-249,301.2360332439913,2.8813637655180853
PSLS/data/trainStar.hdf5,run_01853,0,760.8187217102873,0.09609880901134527,21.594722682041855,19.993905906950623,0,16.82715591861313,0,1.0,0.0,10.0,5.452562704471101,0.0011874872021756522,3.734288060495243e-11,0.0,0.0011874872021756522,0.0,1.4144851040794846,7.477455503705975e-11,277.95047098830213,1.690223082005132
PSLS/data/trainStar.hdf5,run_01854,0,1240.6584919138006,0.0550577890428202,8.120925156785122,51.304456751412,0,10.630121269259114,0,1.0,0.0,10.0,5.452562704471101,0.004814700445222475,1.246823107361936e-14,0.0,0.004814700445222475,0.0,1.479325374868471,2.50571045999119e-14,281.0824604135009,1.7754077964838506
PSLS/data/trainStar.hdf5,run_01856,0,735.144003582365,0.0997701915718746,23.129443024782457,20.73532322286935,0,15.375314092163634,0,1.0,0.0,10.0,5.452562704471101,0.0013477023907112473,2.0884068183632466e-64,0.0,0.0013477023907112473,0.0,1.6866674969903461,4.1824503350420604e-64,290.452546673462,2.294526193898246
PSLS/data/trainStar.hdf5,run_01857,0,882.5235786447787,0.02886570156362051,16.04934741662832,31.204694721236873,0,13.08812150201304,0,1.0,0.0,10.0,5.452562704471101,0.002381359704756947,0.4932007174807538,0.0,0.002381359704756947,0.0,0.90711486580268,0.988756018702281,248.7329901495193,0.47376416178282443
PSLS/data/trainStar.hdf5,run_01859,0,1130.4859394904927,0.041649576092895914,9.780919459017504,41.2356913778383,0,10.192520313689922,0,1.0,0.0,10.0,5.452562704471101,0.004037508805234902,0.47814349687909713,0.0,0.004037508805234902,0.0,0.9516834394379835,0.9601636630020316,251.73346153177275,0.5863804424553845
PSLS/data/trainStar.hdf5,run_01862,0,959.6758975333316,0.038849320357939574,13.572530864273208,25.90530301524026,0,14.84534879409167,0,1.0,0.0,10.0,5.452562704471101,0.001743489761747652,0.3424756433593267,0.0,0.001743489761747652,0.0,1.0694482919174588,0.6861475779959372,259.18374901591966,0.8498169837481773
PSLS/data/trainStar.hdf5,run_01867,0,851.365678879351,0.0628212317275265,17.245577260310277,24.576993243711136,0,12.619892850218495,0,1.0,0.0,10.0,5.452562704471101,0.001945585232569158,3.7522339381265795e-50,0.0,0.001945585232569158,0.0,1.636747037632315,7.519096920183324e-50,288.2791352329901,2.1991321333793796
PSLS/data/trainStar.hdf5,run_01869,0,810.0740711699884,0.06852887143196798,19.04848981302858,20.366882757903962,0,16.089721122574314,0,1.0,0.0,10.0,5.452562704471101,0.0012650311037051276,1.7949577420405777e-09,0.0,0.0012650311037051276,0.0,1.406543090279263,3.5944625910599507e-09,277.5594895449901,1.6398235650187716
PSLS/data/trainStar.hdf5,run_01871,0,842.7172092985091,0.07414889836771266,17.601362501303637,27.89454987803364,0,16.566410231056064,0,1.0,0.0,10.0,5.452562704471101,0.0016823849113608569,0.4679837924074291,0.0,0.0016823849113608569,0.0,0.9679503336206774,0.9375448962019517,252.80233919671377,0.6332610450425682
PSLS/data/trainStar.hdf5,run_01875,0,992.1372731756364,0.06118632106254862,12.698911059162631,19.941602629891065,0,12.788448038173737,0,1.0,0.0,10.0,5.452562704471101,0.0015581298629444573,0.0005149077501927935,0.0,0.0015581298629444573,0.0,1.2724901992663633,0.001031422590725512,270.6957462381146,1.379000965541197
PSLS/data/trainStar.hdf5,run_01877,0,1179.3586917257885,0.06990391718787567,8.987071333092988,53.58031380759214,0,11.136807106207243,0,1.0,0.0,10.0,5.452562704471101,0.004799547085263645,0.4971147836835699,0.0,0.004799547085263645,0.0,0.8452715863121382,0.9990244321686621,244.380690367927,0.31495238388762237
PSLS/data/trainStar.hdf5,run_01885,0,881.6909175345104,0.06592752816637597,16.0796754543518,24.918642997922696,0,12.647249062957172,0,1.0,0.0,10.0,5.452562704471101,0.0019683419386858914,0.45683978171248896,0.0,0.0019683419386858914,0.0,0.9785295784123984,0.9154815441424063,253.49027886599842,0.6673150866038116
PSLS/data/trainStar.hdf5,run_01886,0,1094.846052376574,0.05781989961267894,10.428069078864192,33.289365379344105,0,10.631614676109072,0,1.0,0.0,10.0,5.452562704471101,0.0031262704168062427,6.32030842244769e-34,0.0,0.0031262704168062427,0.0,1.5967005348271919,1.268025876274279e-33,286.4993806229738,2.056972009547565
PSLS/data/trainStar.hdf5,run_01887,0,1213.2139552168546,0.03556539779183712,8.49249341059191,40.347282529000175,0,9.762348365767886,0,1.0,0.0,10.0,5.452562704471101,0.004124419570602722,0.00379826297794546,0.0,0.004124419570602722,0.0,1.2568464404740702,0.007627986974653484,269.8599121214974,1.3021957181424273
PSLS/data/trainStar.hdf5,run_01896,0,739.482597939129,0.07661890174379533,22.85883518820764,16.048737630285636,0,16.56866839617531,0,1.0,0.0,10.0,5.452562704471101,0.0009681506802136086,0.21775406413002724,0.0,0.0009681506802136086,0.0,1.1244123359055076,0.4359301743548818,262.451597215734,0.9694754960181435
PSLS/data/trainStar.hdf5,run_01903,0,670.8923628484871,0.11195035109677579,27.771818406657037,13.350444281659488,0,19.58996896085844,0,1.0,0.0,10.0,5.452562704471101,0.000681261732389804,4.030234144112344e-08,0.0,0.000681261732389804,0.0,1.3906972314898067,8.065963320369716e-08,276.7744314063179,1.5928606464792605
PSLS/data/trainStar.hdf5,run_01909,0,1104.050342281374,0.058608481830933756,10.254919594637068,39.422004118276675,0,11.301206344750986,0,1.0,0.0,10.0,5.452562704471101,0.0034822234811502373,1.0813710916799244e-13,0.0,0.0034822234811502373,0.0,1.4402852988461796,2.1702996517683688e-13,279.20934619498587,1.7543980177078133
PSLS/data/trainStar.hdf5,run_01926,0,733.9857982244291,0.032720915438870735,23.202495611633076,20.248688150169393,0,17.105115365681534,0,1.0,0.0,10.0,5.452562704471101,0.0011830792983534844,0.480354617595269,0.0,0.0011830792983534844,0.0,0.9521189922950879,0.9618471766734401,251.76225903191806,0.5820912134603234
PSLS/data/trainStar.hdf5,run_01930,0,1109.4765328988742,0.09505134568495827,10.154856054528462,29.243893869773462,0,10.853170541459459,0,1.0,0.0,10.0,5.452562704471101,0.002690875468171594,0.0004579631883996877,0.0,0.002690875468171594,0.0,1.2905039614995066,0.0009183976705611143,271.6487151469258,1.382852990834485
PSLS/data/trainStar.hdf5,run_01932,0,1018.8543076484976,0.06592401657024809,12.041645595319498,37.016446940813886,0,11.324419192988342,0,1.0,0.0,10.0,5.452562704471101,0.003263391598727905,3.9518089180718035e-09,0.0,0.003263391598727905,0.0,1.3881207157407391,7.92949488312736e-09,276.6461486930711,1.6285091124241902
PSLS/data/trainStar.hdf5,run_01934,0,925.0014362995742,0.04819026097581607,14.60915842943229,25.35027260595896,0,12.391244162738246,0,1.0,0.0,10.0,5.452562704471101,0.0020437301438454014,5.846523949197013e-19,0.0,0.0020437301438454014,0.0,1.4823044826969043,1.171699427278458e-18,281.2238666485117,1.859105811308407
PSLS/data/trainStar.hdf5,run_01936,0,854.5184168786029,0.09009503208979906,17.118557209222402,27.487482170283975,0,13.923499667288793,0,1.0,0.0,10.0,5.452562704471101,0.0019722316993573408,0.3969631387149517,0.0,0.0019722316993573408,0.0,1.033642142857617,0.7954951782371086,256.98653672104814,0.782059259157274
PSLS/data/trainStar.hdf5,run_01938,0,933.9772718239981,0.08445180187854799,14.329709863972091,23.993020334696578,0,13.715643940475703,0,1.0,0.0,10.0,5.452562704471101,0.0017477886536921838,4.685424588385062e-12,0.0,0.0017477886536921838,0.0,1.4149449739207491,9.387256116499845e-12,277.9730596776199,1.7144120296308079
PSLS/data/trainStar.hdf5,run_01944,0,1335.9477718924504,0.08493778325040956,7.00375673410907,67.88367463127736,0,9.750316506653284,0,1.0,0.0,10.0,5.452562704471101,0.006938022177165437,1.8893347879616703e-40,0.0,0.006938022177165437,0.0,1.6154802803104846,3.805069230631109e-40,287.33811276522744,2.119929340656127
PSLS/data/trainStar.hdf5,run_01949,0,928.9559030822445,0.08106004366439058,14.485043887265157,36.14154434589695,0,11.734240412442553,0,1.0,0.0,10.0,5.452562704471101,0.003075268791890018,5.5974378366377425e-105,0.0,0.003075268791890018,0.0,1.7714214159493546,1.1229409124708065e-104,294.03450127783645,2.4917613694346685
PSLS/data/trainStar.hdf5,run_01950,0,664.3680020134984,0.07544626864865855,28.319957569328523,14.031745555883667,0,23.60349104175709,0,1.0,0.0,10.0,5.452562704471101,0.000594300884498522,1.264148571053205e-05,0.0,0.000594300884498522,0.0,1.3136463951528228,2.5298006048434734e-05,272.8584698348309,1.481768438120782
PSLS/data/trainStar.hdf5,run_01951,0,723.6089519356237,0.05656501387452434,23.872733564122782,18.209519566725284,0,18.840856060670188,0,1.0,0.0,10.0,5.452562704471101,0.0009660241908929779,5.925150953783345e-114,0.0,0.0009660241908929779,0.0,1.7846783155811452,1.1861760655306299e-113,294.58308531270035,2.5263964942993447
PSLS/data/trainStar.hdf5,run_01952,0,919.9313204852895,0.0927078853233296,14.770636224201295,27.79321135356449,0,10.940092406911242,0,1.0,0.0,10.0,5.452562704471101,0.002537267144622768,6.65725706742535e-39,0.0,0.002537267144622768,0.0,1.580876890809189,1.3348382547321875e-38,285.78690980791026,2.1058490436087545
PSLS/data/trainStar.hdf5,run_01954,0,980.4252327688903,0.10153457321945637,13.004122534000198,32.126203767690576,0,12.251435873504338,0,1.0,0.0,10.0,5.452562704471101,0.0026188048148662046,0.32401311067765176,0.0,0.0026188048148662046,0.0,1.0586678127741591,0.649727731466821,258.5280955851236,0.8691874373513614
PSLS/data/trainStar.hdf5,run_01968,0,1228.0087201630536,0.04735141591130396,8.289094893673594,44.84242132457986,0,8.917331106518766,0,1.0,0.0,10.0,5.452562704471101,0.005016059223368896,0.3063834947522894,0.0,0.005016059223368896,0.0,1.0827576365800755,0.615856160478616,259.98640188532914,0.8863088498089005
PSLS/data/trainStar.hdf5,run_01971,0,860.2358979682565,0.026516631049935905,16.89175949352194,23.450989385572225,0,11.628419939417727,0,1.0,0.0,10.0,5.452562704471101,0.0020146639557273582,0.4451694924131092,0.0,0.0020146639557273582,0.0,0.9967168506929678,0.8921363397535144,254.66002059832408,0.6964724979269626
PSLS/data/trainStar.hdf5,run_01980,0,1077.1817164268857,0.10047804890856908,10.772886057294198,39.79048865430577,0,13.274158370832275,0,1.0,0.0,10.0,5.452562704471101,0.002993102033122863,0.49801281484905824,0.0,0.002993102033122863,0.0,0.8441151432518897,0.9990157858779496,244.29706119241706,0.3154161307481905
PSLS/data/trainStar.hdf5,run_01981,0,927.1386915729436,0.07617647929676459,14.541881520995961,24.332958155629733,0,12.469021117156817,0,1.0,0.0,10.0,5.452562704471101,0.0019495701233063212,1.2390156445577005e-16,0.0,0.0019495701233063212,0.0,1.4844955736729613,2.482871821839258e-16,281.3277329286853,1.8165476272742624
PSLS/data/trainStar.hdf5,run_01987,0,1280.4611309725517,0.10783265070471534,7.623900390832232,66.75302686204742,0,10.732071970891704,0,1.0,0.0,10.0,5.452562704471101,0.006200653174486814,4.685824160959477e-15,0.0,0.006200653174486814,0.0,1.473068716487554,9.430121233078638e-15,280.78478535412427,1.7845234161237475
PSLS/data/trainStar.hdf5,run_01989,0,832.7269805015832,0.025875343571051028,18.026223059627124,20.975007513258653,0,12.922285161256,0,1.0,0.0,10.0,5.452562704471101,0.0016218488838484202,0.39905338007614355,0.0,0.0016218488838484202,0.0,1.029044486523588,0.7994032714558426,256.7002887859274,0.7792420235079728
PSLS/data/trainStar.hdf5,run_01996,0,925.4352068482151,0.027573013484667667,14.595466411938924,26.46830324881732,0,12.146566569517157,0,1.0,0.0,10.0,5.452562704471101,0.0021767044866736196,3.262185897512225e-48,0.0,0.0021767044866736196,0.0,1.6121295553705022,6.538604404568458e-48,287.189002194313,2.184418590369602
PSLS/data/trainStar.hdf5,run_01998,0,631.4008139803949,0.09810522110077062,31.354489786069067,15.441091772678279,0,22.809698806419135,0,1.0,0.0,10.0,5.452562704471101,0.0006767238198495118,2.8334934749586894e-05,0.0,0.0006767238198495118,0.0,1.3158795239862469,5.67082453195634e-05,272.9743571978464,1.4623072862938244
PSLS/data/trainStar.hdf5,run_02001,0,749.1846563688893,0.07708628767222613,22.27061778556556,15.188377692368496,0,19.976064161375433,0,1.0,0.0,10.0,5.452562704471101,0.0007600398633105243,0.4867154858738849,0.0,0.0007600398633105243,0.0,0.9346724202360117,0.9741713808308976,250.60092904940134,0.5448728717800636
PSLS/data/trainStar.hdf5,run_02002,0,791.3900444546243,0.04203778608079109,19.95854363123543,12.91529831916187,0,16.78813760579871,0,1.0,0.0,10.0,5.452562704471101,0.0007690151198262996,2.1716661636160388e-51,0.0,0.0007690151198262996,0.0,1.6452121241204802,4.346674986017296e-51,288.65115196836837,2.2082736162806267
PSLS/data/trainStar.hdf5,run_02003,0,823.3843545693923,0.040371983471510206,18.43761711314898,22.600144508548233,0,14.845678384630641,0,1.0,0.0,10.0,5.452562704471101,0.0015211801116071788,0.09601620110696171,0.0,0.0015211801116071788,0.0,1.1582750150178478,0.1923249631227914,264.40565644999475,1.0868872987450304
PSLS/data/trainStar.hdf5,run_02005,0,1062.0555638281037,0.03577812761850324,11.081933408276926,36.88378358420823,0,12.472586411729138,0,1.0,0.0,10.0,5.452562704471101,0.0029528198838986164,8.809118161363824e-52,0.0,0.0029528198838986164,0.0,1.6237630489000976,1.7670413872166097e-51,287.7057113192324,2.2111212037967696
PSLS/data/trainStar.hdf5,run_02007,0,911.8009567936333,0.10645178400118623,15.035224798724403,21.84983629354196,0,14.612366477170141,0,1.0,0.0,10.0,5.452562704471101,0.0014941801838390667,0.48634868440508894,0.0,0.0014941801838390667,0.0,0.9401110291009077,0.9741529288124382,250.96468124023147,0.5449385852655473
PSLS/data/trainStar.hdf5,run_02008,0,954.9993148011515,0.10466783916187576,13.705784312011113,26.615405348716077,0,14.46681706446059,0,1.0,0.0,10.0,5.452562704471101,0.0018380641242076168,2.009203238155465e-07,0.0,0.0018380641242076168,0.0,1.3764890073791995,4.0258061661960286e-07,276.064782011834,1.5655887971031055
PSLS/data/trainStar.hdf5,run_02010,0,1056.1823800813847,0.055208286402733106,11.205524176458953,36.69362451284378,0,13.84348296572545,0,1.0,0.0,10.0,5.452562704471101,0.0026470966420560904,0.4438540524545449,0.0,0.0026470966420560904,0.0,0.9997933890516714,0.8900641908398764,254.85630655479727,0.6988176263049187
PSLS/data/trainStar.hdf5,run_02012,0,828.2628137134801,0.037814202149419045,18.22106201396101,22.198035420024574,0,13.387748830811837,0,1.0,0.0,10.0,5.452562704471101,0.001656711874747363,0.008719801917448752,0.0,0.001656711874747363,0.0,1.2408376147515998,0.017468544179474188,268.99645539173946,1.2623947782676888
PSLS/data/trainStar.hdf5,run_02014,0,859.13401634813,0.10085567772928673,16.93511630358177,28.66112800680513,0,17.37227575029,0,1.0,0.0,10.0,5.452562704471101,0.001648459796753321,0.49845693941532754,0.0,0.001648459796753321,0.0,0.8569264768501975,0.9985599647872543,245.2187702371987,0.336083867761386
PSLS/data/trainStar.hdf5,run_02021,0,896.8550867503549,0.045994868122966576,15.54051695886475,26.509392200334464,0,12.495109039543534,0,1.0,0.0,10.0,5.452562704471101,0.0021193325384251116,2.160427325219076e-23,0.0,0.0021193325384251116,0.0,1.5162983584344847,4.330031426933656e-23,282.8225189110494,1.9288240213505943
PSLS/data/trainStar.hdf5,run_02023,0,983.6714327222214,0.028201570605302144,12.918434720603281,28.69094197163694,0,14.268653362402443,0,1.0,0.0,10.0,5.452562704471101,0.0020087470879982527,0.4215843828465872,0.0,0.0020087470879982527,0.0,1.0195059925921293,0.8448658875846091,256.1033535845917,0.7432470864080883
PSLS/data/trainStar.hdf5,run_02024,0,947.9588059070567,0.030209093648027888,13.910126596661343,32.05451586269892,0,11.986410442144612,0,1.0,0.0,10.0,5.452562704471101,0.00267066554194495,0.4897294651228613,0.0,0.00267066554194495,0.0,0.9213883816705601,0.9820817421137591,249.70572678893018,0.5123137453113358
PSLS/data/trainStar.hdf5,run_02031,0,799.7676800228419,0.0891020134671676,19.542598692135183,21.087800580302147,0,16.37095175392892,0,1.0,0.0,10.0,5.452562704471101,0.001287293792426203,4.0293386512544314e-110,0.0,0.001287293792426203,0.0,1.7881341942179072,8.069064559226642e-110,294.7255906816286,2.5118992305443006
PSLS/data/trainStar.hdf5,run_02032,0,745.9087253973132,0.030402373113266195,22.466666478277915,18.976887737993366,0,14.486502738579803,0,1.0,0.0,10.0,5.452562704471101,0.0013091126220480254,2.3790750718436088e-74,0.0,0.0013091126220480254,0.0,1.7000065422932873,4.764387263189784e-74,291.02511391565696,2.3509406113428524
PSLS/data/trainStar.hdf5,run_02033,0,1087.7914530735054,0.059343134335305664,10.563764933250349,37.273919490098066,0,11.514292157313532,0,1.0,0.0,10.0,5.452562704471101,0.003231953184986369,0.29583944780067317,0.0,0.003231953184986369,0.0,1.0930922821074454,0.5935973745265469,260.60456964579475,0.8971875013360324
PSLS/data/trainStar.hdf5,run_02035,0,973.8384105960276,0.10267003029783296,13.180631326543626,34.38724091232566,0,10.146281906537462,0,1.0,0.0,10.0,5.452562704471101,0.0033834103266628945,0.48015872150198824,0.0,0.0033834103266628945,0.0,0.9458677765888158,0.9635776214790299,251.34799621371067,0.5775195275619909
PSLS/data/trainStar.hdf5,run_02038,0,1340.8630746508022,0.08418519299179444,6.9525024528716095,72.9161777026245,0,11.032943591075608,0,1.0,0.0,10.0,5.452562704471101,0.006587159386042041,0.4949827570487679,0.0,0.006587159386042041,0.0,0.873141887417431,0.9965298148207027,246.37068189051809,0.38921049932929463
PSLS/data/trainStar.hdf5,run_02039,0,773.1971078485102,0.11044070013074468,20.908822280963687,18.427354229122493,0,15.856873126804135,0,1.0,0.0,10.0,5.452562704471101,0.0011614301865503496,0.16236237192151962,0.0,0.0011614301865503496,0.0,1.130836118562461,0.3251023274999154,262.8256441840178,1.019615135256046
PSLS/data/trainStar.hdf5,run_02041,0,818.9785735386748,0.023852702998778577,18.636524885992557,16.897591951854956,0,11.97905739651411,0,1.0,0.0,10.0,5.452562704471101,0.0014096000352890048,3.685023240559142e-119,0.0,0.0014096000352890048,0.0,1.8021121303521277,7.38044996364749e-119,295.2998811817953,2.545445620704615
PSLS/data/trainStar.hdf5,run_02043,0,912.169504013966,0.11425225963353569,15.023077778091825,30.163722758406056,0,14.125450129015444,0,1.0,0.0,10.0,5.452562704471101,0.002133138366286369,4.731631312589077e-21,0.0,0.002133138366286369,0.0,1.5232041066523896,9.483492226292437e-21,283.1439883413687,1.8936116666012441
PSLS/data/trainStar.hdf5,run_02044,0,1014.850141385049,0.07246678912877244,12.136855460218918,32.68978963910217,0,13.251185003566018,0,1.0,0.0,10.0,5.452562704471101,0.002463892927423994,0.3695919070760053,0.0,0.002463892927423994,0.0,1.031397486918135,0.7410095824212919,256.8469050529423,0.8180713807804398
PSLS/data/trainStar.hdf5,run_02047,0,1166.898730295515,0.10148242791115439,9.18002107930738,48.47913450229163,0,11.0042641940494,0,1.0,0.0,10.0,5.452562704471101,0.0043957963215938145,0.2285770428858051,0.0,0.0043957963215938145,0.0,1.110039635360396,0.4591725146223642,261.608855746581,0.9590926491576656
PSLS/data/trainStar.hdf5,run_02049,0,1024.8010607216813,0.03186748623913319,11.902299669723467,37.914530886254475,0,12.098036351861959,0,1.0,0.0,10.0,5.452562704471101,0.0031290352294114365,0.14791286436122297,0.0,0.0031290352294114365,0.0,1.1424752255812414,0.2967542833294626,263.49933137114186,1.0329686901598067
PSLS/data/trainStar.hdf5,run_02054,0,1213.7596892156798,0.0525616537317673,8.484858290543446,54.79555235668799,0,10.74454383856633,0,1.0,0.0,10.0,5.452562704471101,0.005086866960151704,0.1993365293281469,0.0,0.005086866960151704,0.0,1.1387093993449535,0.4007114243614333,263.281925867544,0.9852165681647718
PSLS/data/trainStar.hdf5,run_02055,0,765.1546514940703,0.1126978951404283,21.35067292366109,20.898068202253054,0,16.470779278353444,0,1.0,0.0,10.0,5.452562704471101,0.0012679919848379573,8.653193275436728e-49,0.0,0.0012679919848379573,0.0,1.651455418169219,1.7328358770905362e-48,288.9246083680906,2.188846052928995
PSLS/data/trainStar.hdf5,run_02056,0,841.3351458901769,0.03797990114226975,17.659237604997205,22.858315154809343,0,14.39467272778609,0,1.0,0.0,10.0,5.452562704471101,0.001586710307696415,0.44096903270562193,0.0,0.001586710307696415,0.0,1.0121130718123312,0.883339669570148,255.63780401876485,0.7062039701506506
PSLS/data/trainStar.hdf5,run_02058,0,888.8890672422356,0.10951423171245427,15.820306151389131,20.403814251496435,0,12.168433626212057,0,1.0,0.0,10.0,5.452562704471101,0.0016753772964990254,0.0007508696973664902,0.0,0.0016753772964990254,0.0,1.283995630871366,0.0015042595971100194,271.3055675838285,1.366090540992157
PSLS/data/trainStar.hdf5,run_02059,0,1077.7061874672765,0.06075812460310834,10.76240325222595,44.42144685829211,0,12.17634268820228,0,1.0,0.0,10.0,5.452562704471101,0.003641529956979195,0.010772227624397801,0.0,0.003641529956979195,0.0,1.2336653594807685,0.02162319676759044,268.6068985138808,1.251051351792635
PSLS/data/trainStar.hdf5,run_02061,0,1438.5634656432746,0.09692607658344542,6.040208913000979,82.61864894452494,0,8.018064938153392,0,1.0,0.0,10.0,5.452562704471101,0.010251158342159172,0.46035215146783326,0.0,0.010251158342159172,0.0,0.9811000684861787,0.9302403439982573,253.65658792981253,0.6454590399350522
PSLS/data/trainStar.hdf5,run_02062,0,1100.3019071428532,0.05493787581888836,10.324910163491731,46.57740911733912,0,10.205224775387475,0,1.0,0.0,10.0,5.452562704471101,0.004553675227517151,0.49767108198575066,0.0,0.004553675227517151,0.0,0.8053313426821376,0.9998953627148051,241.4412495927898,0.21707919263810416
PSLS/data/trainStar.hdf5,run_02065,0,867.7306514384744,0.06784510627265529,16.601225004126203,31.743755659261254,0,15.715558354827689,0,1.0,0.0,10.0,5.452562704471101,0.0020178549825341507,0.0026458575405788414,0.0,0.0020178549825341507,0.0,1.2705143017296934,0.005302414584847179,270.59060224761384,1.3179014180086321
PSLS/data/trainStar.hdf5,run_02071,0,982.4737568194146,0.07261228198880817,12.949950124289456,29.15400344300664,0,15.466046214731568,0,1.0,0.0,10.0,5.452562704471101,0.0018832571796781883,0.1708139824302724,0.0,0.0018832571796781883,0.0,1.1345757621092083,0.3422725521016971,263.0426645102635,1.0116783390496393
PSLS/data/trainStar.hdf5,run_02074,0,1107.3208007293445,0.07920289591877458,10.194433489911031,34.28977755758552,0,12.426644118932794,0,1.0,0.0,10.0,5.452562704471101,0.0027555719410725654,3.194452908230212e-05,0.0,0.0027555719410725654,0.0,1.346954081201852,6.40655955220128e-05,274.5718547106553,1.4592506676555823
PSLS/data/trainStar.hdf5,run_02075,0,885.4667881517612,0.11167729125683093,15.942831650023496,27.09185136466753,0,13.968865247375877,0,1.0,0.0,10.0,5.452562704471101,0.0019375658851349398,6.321897903214091e-235,0.0,0.0019375658851349398,0.0,1.9379434563210787,1.2668341552842206e-234,300.7136174740669,2.8523762395339687
PSLS/data/trainStar.hdf5,run_02086,0,790.0588802803535,0.05559388357531614,20.025856286302407,20.875859563736572,0,15.719749966038465,0,1.0,0.0,10.0,5.452562704471101,0.001327120606314125,0.1010916195650128,0.0,0.001327120606314125,0.0,1.1727530804390396,0.20245191724118416,265.2280579499848,1.0811740483638435
PSLS/data/trainStar.hdf5,run_02088,0,681.7501581920571,0.03284664760107121,26.89425499244929,11.80934492563429,0,14.726112896145368,0,1.0,0.0,10.0,5.452562704471101,0.0008016107934988304,0.23999681712347284,0.0,0.0008016107934988304,0.0,1.0962930764234327,0.4803787110066557,260.79513618116346,0.949587854960537
PSLS/data/trainStar.hdf5,run_02091,0,1036.5985562917942,0.023644954986438864,11.63292193581607,33.58940756627437,0,10.113935437776762,0,1.0,0.0,10.0,5.452562704471101,0.0033155928817238944,0.4564168268451735,0.0,0.0033155928817238944,0.0,0.9828341009376527,0.9158703067600228,253.76859422317582,0.6667792795190555
PSLS/data/trainStar.hdf5,run_02094,0,1092.635147889,0.04969583610719666,10.470313355342675,37.167052669973025,0,12.928094700270305,0,1.0,0.0,10.0,5.452562704471101,0.0028707770794286214,0.37672751747266775,0.0,0.0028707770794286214,0.0,1.0412061041599754,0.7556242637624048,257.4553945069837,0.8089360776927161
PSLS/data/trainStar.hdf5,run_02097,0,941.9631331740696,0.09502640749943878,14.087768352545757,22.720840426583166,0,14.257516569787088,0,1.0,0.0,10.0,5.452562704471101,0.0015923352368862886,0.019868522985325023,0.0,0.0015923352368862886,0.0,1.2043793831179015,0.03980042158438179,266.99839324552676,1.2154294674010666
PSLS/data/trainStar.hdf5,run_02101,0,1013.9181264277396,0.02945151730844679,12.159178623242829,32.789112799510185,0,10.803003635777895,0,1.0,0.0,10.0,5.452562704471101,0.003030583317409019,0.083246879972039,0.0,0.003030583317409019,0.0,1.1778953028913988,0.16699986695488098,265.5183204201374,1.1018755788851406
PSLS/data/trainStar.hdf5,run_02102,0,1041.5366455981443,0.09422421208403811,11.5228763965395,44.31325929201752,0,12.619965095275438,0,1.0,0.0,10.0,5.452562704471101,0.003505203857822381,1.752391997159487e-15,0.0,0.003505203857822381,0.0,1.4476173112906323,3.517112189534123e-15,279.5640102894061,1.7934930192132181
PSLS/data/trainStar.hdf5,run_02106,0,1329.0981357092287,0.02322197072362692,7.076131830401941,45.57064383851406,0,9.223911286654296,0,1.0,0.0,10.0,5.452562704471101,0.0049283061079909984,4.529426990680252e-32,0.0,0.0049283061079909984,0.0,1.5563512173606855,9.103719899747871e-32,284.6719800688893,2.037158037099585
PSLS/data/trainStar.hdf5,run_02109,0,963.1623465162337,0.08542500231207387,13.474449180755594,26.723711463521113,0,11.776186799395159,0,1.0,0.0,10.0,5.452562704471101,0.0022667279969692533,3.330669656177836e-38,0.0,0.0022667279969692533,0.0,1.5940067586427642,6.676473060763515e-38,286.3784665980237,2.0993200783061874
PSLS/data/trainStar.hdf5,run_02110,0,633.2823389451813,0.10572916363455379,31.16845391014893,14.587484228002477,0,20.472432691125054,0,1.0,0.0,10.0,5.452562704471101,0.0007122889877744232,2.103848111128349e-148,0.0,0.0007122889877744232,0.0,1.8416602308300676,4.2106954542596386e-148,296.9068361915229,2.6410314231241565
PSLS/data/trainStar.hdf5,run_02111,0,901.9227451329139,0.06425327150842529,15.3663717058955,23.01749511024291,0,14.003281722161875,0,1.0,0.0,10.0,5.452562704471101,0.0016423713206278334,1.1954150116524008e-15,0.0,0.0016423713206278334,0.0,1.4632703181654707,2.3947631135622136e-15,280.31669270136615,1.796928628163675
PSLS/data/trainStar.hdf5,run_02113,0,1173.927456604751,0.08851250780363151,9.070421986891724,45.27105389850685,0,11.360357852953781,0,1.0,0.0,10.0,5.452562704471101,0.003977072866267695,6.116229866921934e-80,0.0,0.003977072866267695,0.0,1.7267944746764057,1.2281303372248038e-79,292.1648614448844,2.3798996677993673
PSLS/data/trainStar.hdf5,run_02115,0,936.3771096270785,0.03896039461623925,14.256352855594397,40.15661176161038,0,14.225796899938231,0,1.0,0.0,10.0,5.452562704471101,0.0028188219084011035,5.0773889207653516e-51,0.0,0.0028188219084011035,0.0,1.6637898286855552,1.0183483267268315e-50,289.46258485303963,2.2055632501420384
PSLS/data/trainStar.hdf5,run_02116,0,951.1842344402103,0.10718709953196677,13.815949153480027,32.28227179321471,0,14.866121440802532,0,1.0,0.0,10.0,5.452562704471101,0.002169176827439334,3.466687045622482e-16,0.0,0.002169176827439334,0.0,1.4743636286511939,6.948446500380291e-16,280.8464715189544,1.8077712199802447
PSLS/data/trainStar.hdf5,run_02117,0,880.8698718864855,0.04002830618624081,16.109664674637912,24.163528124044014,0,13.214733464271838,0,1.0,0.0,10.0,5.452562704471101,0.0018268586186818148,0.059670647651323426,0.0,0.0018268586186818148,0.0,1.1706051610210073,0.1195597139966087,265.10653190218335,1.1337666673815159
PSLS/data/trainStar.hdf5,run_02120,0,887.6315146464312,0.09557542608149593,15.865164766191114,20.88342575531981,0,14.39430794698794,0,1.0,0.0,10.0,5.452562704471101,0.001449759460458666,0.00032809870547368997,0.0,0.001449759460458666,0.0,1.3067763014928269,0.0006571501205515912,272.501019982746,1.3936710324087824
PSLS/data/trainStar.hdf5,run_02121,0,815.6036654022947,0.02927244780892599,18.7910771343939,20.245322436214064,0,15.466935259085473,0,1.0,0.0,10.0,5.452562704471101,0.0013080857907090682,2.6638133963928886e-10,0.0,0.0013080857907090682,0.0,1.3988856532171234,5.334604913672399e-10,277.1809467040619,1.6656044016170597
PSLS/data/trainStar.hdf5,run_02122,0,910.3386779752932,0.04880413343599456,15.083565815345509,17.849939058963148,0,11.016413475732467,0,1.0,0.0,10.0,5.452562704471101,0.0016189920377953637,3.59123991495248e-19,0.0,0.0016189920377953637,0.0,1.4827832063414392,7.194127064341016e-19,281.2465698471803,1.8627484852038927
PSLS/data/trainStar.hdf5,run_02123,0,1346.5665258479314,0.057243114120514846,6.893731822562477,62.6429191501906,0,10.175153444043277,0,1.0,0.0,10.0,5.452562704471101,0.006137547242514696,3.775525548494978e-49,0.0,0.006137547242514696,0.0,1.638527311044138,7.597682230613963e-49,288.35749286373937,2.1915725896238216
PSLS/data/trainStar.hdf5,run_02125,0,951.6980910182161,0.11046881999925368,13.8010337095935,23.6289466086922,0,14.034056796549406,0,1.0,0.0,10.0,5.452562704471101,0.0016822695137581611,0.4991183334558945,0.0,0.0016822695137581611,0.0,0.8017829559425504,0.9999187998249682,241.1748542291483,0.20809537744698864
PSLS/data/trainStar.hdf5,run_02128,0,1174.4612075625932,0.09751173157230275,9.062179490192362,39.09998930835643,0,10.815000020968032,0,1.0,0.0,10.0,5.452562704471101,0.0036088205546201957,2.180576645922821e-31,0.0,0.0036088205546201957,0.0,1.585636572194358,4.376948915056821e-31,286.00177814240965,2.0296295765570473
PSLS/data/trainStar.hdf5,run_02133,0,1236.8001518076042,0.11113708813366513,8.17167250684991,41.86129164262838,0,9.222096490439258,0,1.0,0.0,10.0,5.452562704471101,0.00452895131759401,0.0006759760032431304,0.0,0.00452895131759401,0.0,1.2788479944242392,0.0013581027878969347,271.03323663790087,1.3696478839085906
PSLS/data/trainStar.hdf5,run_02141,0,1160.1905604985388,0.08047247045194005,9.2864849171251,41.09209584698587,0,12.412944949133053,0,1.0,0.0,10.0,5.452562704471101,0.003304949381614297,2.5303572484812202e-18,0.0,0.003304949381614297,0.0,1.4905476996306986,5.077495362119627e-18,281.61403119029086,1.8479348564878701
PSLS/data/trainStar.hdf5,run_02145,0,1181.937750313614,0.07348702746832814,8.947893473842406,47.684876783002004,0,12.505627619508743,0,1.0,0.0,10.0,5.452562704471101,0.003805812927152208,0.10710382462325617,0.0,0.003805812927152208,0.0,1.1699584262929275,0.21502599796925753,265.06990786794984,1.0742667619305706
PSLS/data/trainStar.hdf5,run_02146,0,683.9792720080844,0.0539425156764282,26.719241895973855,14.64733877334419,0,18.148863747888626,0,1.0,0.0,10.0,5.452562704471101,0.0008067408449791147,1.4860506119196457e-249,0.0,0.0008067408449791147,0.0,1.951445385673139,2.9745008751887323e-249,301.2360332439913,2.8813637655180853
PSLS/data/trainStar.hdf5,run_02147,0,873.2915895542577,0.09412006851366947,16.39047190878973,23.186237924779952,0,14.638912977591644,0,1.0,0.0,10.0,5.452562704471101,0.0015826233529815381,8.497279563698458e-139,0.0,0.0015826233529815381,0.0,1.8065289401060785,1.7021497747234412e-138,295.48065327838657,2.611527080356486
PSLS/data/trainStar.hdf5,run_02153,0,782.1384063883191,0.025530856988695463,20.43350124896377,17.562785505527067,0,16.444485981839417,0,1.0,0.0,10.0,5.452562704471101,0.0010674344151331283,0.3236420179540297,0.0,0.0010674344151331283,0.0,1.0649069978347876,0.6479757074783921,258.9081609888121,0.8700922238184788
PSLS/data/trainStar.hdf5,run_02155,0,841.9294479027012,0.09024968880471017,17.634315762931028,20.029095717087156,0,12.030645466711547,0,1.0,0.0,10.0,5.452562704471101,0.0016634545839259163,0.23726028212780498,0.0,0.0016634545839259163,0.0,1.0879897296055425,0.4753112228881146,260.2999104227879,0.9518633741136412
PSLS/data/trainStar.hdf5,run_02160,0,794.5701847108542,0.05658853921486283,19.799101575466874,25.306845902195445,0,18.28501459531806,0,1.0,0.0,10.0,5.452562704471101,0.0013830637784053579,8.851995107168102e-22,0.0,0.0013830637784053579,0.0,1.5040871338558306,1.7728509874188296e-21,282.25137662592175,1.9049208257648358
PSLS/data/trainStar.hdf5,run_02161,0,1048.082113297336,0.05298902441000013,11.379400803983408,40.56716481506177,0,12.167547034455367,0,1.0,0.0,10.0,5.452562704471101,0.003328494510192459,0.36944085853913816,0.0,0.003328494510192459,0.0,1.041438574913162,0.7413492941339361,257.469763861616,0.8178627603726091
PSLS/data/trainStar.hdf5,run_02163,0,1530.6210692397638,0.06266278141765627,5.335494034606753,85.2124762158938,0,8.632684807873938,0,1.0,0.0,10.0,5.452562704471101,0.009822354925011378,9.223864574053728e-17,0.0,0.009822354925011378,0.0,1.4986395341287198,1.8630726758843726e-16,281.99545971995985,1.8189594234719646
PSLS/data/trainStar.hdf5,run_02166,0,793.4807523065688,0.10639091856853057,19.853506399273037,18.315843910704896,0,17.51884105822716,0,1.0,0.0,10.0,5.452562704471101,0.001044947701327903,0.48928527669104266,0.0,0.001044947701327903,0.0,0.9290648540720907,0.9795941780666902,250.22421044078484,0.5236453088626389
PSLS/data/trainStar.hdf5,run_02174,0,856.2532163796365,0.0389603674001093,17.049261865088532,25.135297719461217,0,16.068730044015982,0,1.0,0.0,10.0,5.452562704471101,0.0015630139481491723,1.8248029915790442e-45,0.0,0.0015630139481491723,0.0,1.6094693814063503,3.6553192982061235e-45,287.07045621641447,2.1626862795167794
PSLS/data/trainStar.hdf5,run_02176,0,959.0478090984786,0.05542901091400454,13.590314213656999,32.04094337719773,0,12.955229304759923,0,1.0,0.0,10.0,5.452562704471101,0.002470149570580671,1.148276971098726e-28,0.0,0.002470149570580671,0.0,1.5649157664175501,2.3022408213737413e-28,285.0628095831255,1.9981127392658444
PSLS/data/trainStar.hdf5,run_02178,0,1344.95962268151,0.0478475165641839,6.910214364962171,71.30704757884794,0,9.421096651068337,0,1.0,0.0,10.0,5.452562704471101,0.007540297367193083,0.008733526915809487,0.0,0.007540297367193083,0.0,1.24084174535503,0.01759976126514981,268.996679255902,1.2620054505992835
PSLS/data/trainStar.hdf5,run_02183,0,706.760444416238,0.1139272103787409,25.024507712017055,15.06448856191337,0,17.153751957710075,0,1.0,0.0,10.0,5.452562704471101,0.0008778181991994094,7.465477583973267e-116,0.0,0.0008778181991994094,0.0,1.7971205049401093,1.4944073347501142e-115,295.09518249509387,2.533430677783445
PSLS/data/trainStar.hdf5,run_02188,0,965.4445960295365,0.035615015670725725,13.410818999880023,42.509462900422655,0,12.761979481247728,0,1.0,0.0,10.0,5.452562704471101,0.0033254044285084827,1.1577327301174e-25,0.0,0.0033254044285084827,0.0,1.5291109734071824,2.323191009907417e-25,283.41809263183893,1.9601599951567203
PSLS/data/trainStar.hdf5,run_02189,0,764.9416109914997,0.06486192797622506,21.362567142576367,17.87405182103264,0,15.18041048221396,0,1.0,0.0,10.0,5.452562704471101,0.0011767490175390583,0.15202118589740438,0.0,0.0011767490175390583,0.0,1.1342367787385423,0.304400574872228,263.0230146366906,1.0293316122218361
PSLS/data/trainStar.hdf5,run_02191,0,1031.197374263169,0.10273042875323267,11.755102382052872,35.97059727635875,0,14.097834177251555,0,1.0,0.0,10.0,5.452562704471101,0.0025482458066424796,4.9279187975901325e-08,0.0,0.0025482458066424796,0.0,1.3723167106096676,9.881016854946245e-08,275.85534776395724,1.5895444889591104
PSLS/data/trainStar.hdf5,run_02192,0,891.3034111091677,0.028103402845656905,15.734714809862666,33.301499952253714,0,15.066038462420838,0,1.0,0.0,10.0,5.452562704471101,0.002207927640738405,1.2711788561677864e-15,0.0,0.002207927640738405,0.0,1.492529968962476,2.547983475479228e-15,281.7076136828288,1.796376492862792
PSLS/data/trainStar.hdf5,run_02193,0,1327.7517383960676,0.11036822389669323,7.090490110111161,56.3743689450884,0,8.996428031186017,0,1.0,0.0,10.0,5.452562704471101,0.0062467134282983006,0.40397208891986497,0.0,0.0062467134282983006,0.0,1.0359350251068566,0.8130228988998013,257.1289337655684,0.7691192127160035
PSLS/data/trainStar.hdf5,run_02195,0,889.485191984718,0.05892349920374079,15.799108011672883,23.618410026944485,0,15.526006878893595,0,1.0,0.0,10.0,5.452562704471101,0.0015200595339945888,4.991013763108653e-59,0.0,0.0015200595339945888,0.0,1.6865569593365703,9.9972239017226e-59,290.44778777282403,2.260862224511383
PSLS/data/trainStar.hdf5,run_02197,0,1086.6934268175041,0.11411929108709865,10.585123581607085,35.5946459673876,0,10.519233990053797,0,1.0,0.0,10.0,5.452562704471101,0.0033780493769498543,1.3878780592296406e-06,0.0,0.0033780493769498543,0.0,1.3604682720126524,2.7851645418044264e-06,275.2579836402032,1.5292737549096203
PSLS/data/trainStar.hdf5,run_02201,0,1127.0236294355605,0.10617373973435205,9.84110735977882,37.742415675403954,0,11.176599899836843,0,1.0,0.0,10.0,5.452562704471101,0.0033712185495772262,2.367037564458816e-133,0.0,0.0033712185495772262,0.0,1.82223222476695,4.750088716109518e-133,296.12068841846093,2.594032030642607
PSLS/data/trainStar.hdf5,run_02207,0,1256.1139105623483,0.03273453143737253,7.922312378504884,48.31844695382585,0,9.662363766862185,0,1.0,0.0,10.0,5.452562704471101,0.004988203358661014,0.24837815114968392,0.0,0.004988203358661014,0.0,1.0929443121820674,0.49924664609622527,260.59574980573717,0.941083582114779
PSLS/data/trainStar.hdf5,run_02208,0,1035.6309273870813,0.0704061144302527,11.654670243692408,37.54224576418217,0,10.207296610650179,0,1.0,0.0,10.0,5.452562704471101,0.0036712257828700467,0.06920453362276463,0.0,0.0036712257828700467,0.0,1.1783870138993644,0.13891907051895078,265.5460261609611,1.1200038827462755
PSLS/data/trainStar.hdf5,run_02209,0,777.4866357808396,0.03662480639845605,20.67874356756043,18.702761334583425,0,16.645722748162843,0,1.0,0.0,10.0,5.452562704471101,0.0011229466301648783,8.547445695756153e-80,0.0,0.0011229466301648783,0.0,1.7248273521392208,1.7114109623242e-79,292.08161908857727,2.37917473863012
PSLS/data/trainStar.hdf5,run_02213,0,927.7016985860815,0.08662319231266186,14.524236415980635,20.73891400226567,0,13.722593656784877,0,1.0,0.0,10.0,5.452562704471101,0.0015101555204127814,2.1445110252926349e-78,0.0,0.0015101555204127814,0.0,1.7033912381799408,4.2955089371196434e-78,291.1698629047135,2.3720757875857843
PSLS/data/trainStar.hdf5,run_02215,0,907.9389354061151,0.04151541753520225,15.163404907315119,23.378374845641158,0,12.854019380543138,0,1.0,0.0,10.0,5.452562704471101,0.0018171069462344924,1.7291780223962196e-84,0.0,0.0018171069462344924,0.0,1.719512101094567,3.4646516874399692e-84,291.85633792886546,2.402237672561566
PSLS/data/trainStar.hdf5,run_02217,0,687.7212527790927,0.021487825198928005,26.429267203361107,15.664852715752922,0,17.798419489945697,0,1.0,0.0,10.0,5.452562704471101,0.0008797388568146935,1.2422237004506997e-25,0.0,0.0008797388568146935,0.0,1.5533047092179486,2.4866349903251034e-25,284.5325685991431,1.9597682127267484
PSLS/data/trainStar.hdf5,run_02218,0,944.5250511770721,0.07508293357759036,14.011449021532815,35.331699203585195,0,12.464959522832569,0,1.0,0.0,10.0,5.452562704471101,0.0028304683131554764,1.5705117718126593e-102,0.0,0.0028304683131554764,0.0,1.7686068021612096,3.1499393471357482e-102,293.9176336703804,2.4818841140192194
PSLS/data/trainStar.hdf5,run_02219,0,1021.9640926061659,0.07252530203835066,11.968472860473849,23.095730070444635,0,14.72113603848845,0,1.0,0.0,10.0,5.452562704471101,0.0015676522681201677,2.990621178568568e-46,0.0,0.0015676522681201677,0.0,1.6059726513445094,5.9906335874680075e-46,286.9144068422536,2.16901099222772
PSLS/data/trainStar.hdf5,run_02222,0,720.4911737800284,0.08255572490516916,24.079789333825634,18.990486968462047,0,19.727860159919565,0,1.0,0.0,10.0,5.452562704471101,0.0009621595758184665,7.042302884571734e-47,0.0,0.0009621595758184665,0.0,1.6079927424758527,1.4098170458851974e-46,287.0045889595601,2.174004772683065
PSLS/data/trainStar.hdf5,run_02224,0,812.7523119348784,0.03879442052325595,18.92315670815366,24.177511636128806,0,14.242195070257186,0,1.0,0.0,10.0,5.452562704471101,0.0016961571784142038,9.131732921290271e-08,0.0,0.0016961571784142038,0.0,1.385146901803495,1.829449618360784e-07,276.4978626107261,1.5792625617011273
PSLS/data/trainStar.hdf5,run_02226,0,1079.2681094136108,0.07649630533172744,10.731274990568009,27.08978766841198,0,11.468222735337388,0,1.0,0.0,10.0,5.452562704471101,0.0023593732221285357,0.4856191150663709,0.0,0.0023593732221285357,0.0,0.9541520384722991,0.9735351629269522,251.8965476455218,0.5471168172615299
PSLS/data/trainStar.hdf5,run_02229,0,875.9513517643579,0.10829691151723181,16.29108608889382,26.39076574516503,0,14.34849379373325,0,1.0,0.0,10.0,5.452562704471101,0.0018375803840106064,0.3842806849610947,0.0,0.0018375803840106064,0.0,1.0448206049979019,0.7699762631995988,257.67854047371446,0.7996188862038643
PSLS/data/trainStar.hdf5,run_02245,0,813.8902528528622,0.03439001587232493,18.87027886436292,23.124284968954953,0,19.012895657139268,0,1.0,0.0,10.0,5.452562704471101,0.0012155028208270524,0.12187664402869351,0.0,0.0012155028208270524,0.0,1.1425772886748489,0.24404993143747192,263.5052161061927,1.0589842034080064
PSLS/data/trainStar.hdf5,run_02249,0,1382.0826197380554,0.11754972475284536,6.543980580206021,68.25745833177878,0,8.980242461954896,0,1.0,0.0,10.0,5.452562704471101,0.007572034644616976,0.4961546142912792,0.0,0.007572034644616976,0.0,0.815632453020647,0.9998803572884183,242.20965111176915,0.2219824829318225
PSLS/data/trainStar.hdf5,run_02251,0,1335.9973758109006,0.11991088863277721,7.003236662236692,58.452983980629334,0,9.395938490009062,0,1.0,0.0,10.0,5.452562704471101,0.0062017796141624615,4.304690891074442e-25,0.0,0.0062017796141624615,0.0,1.5357276537590028,8.663108471663725e-25,283.7241939593971,1.9525052782673398
PSLS/data/trainStar.hdf5,run_02255,0,939.5205678137422,0.09900907514230607,14.161114325164515,33.5093431874658,0,13.12067376281182,0,1.0,0.0,10.0,5.452562704471101,0.002550676120830153,5.308376567518203e-85,0.0,0.002550676120830153,0.0,1.7326395869883733,1.0643902282420626e-84,292.4117890611199,2.4046902323736528
PSLS/data/trainStar.hdf5,run_02258,0,901.5053654456447,0.11845655379178185,15.380603670235306,22.327247726756745,0,14.877247462030764,0,1.0,0.0,10.0,5.452562704471101,0.0014996391092683137,3.7442672134667254e-16,0.0,0.0014996391092683137,0.0,1.4781091287502335,7.499781392420487e-16,281.0246687152288,1.8071114850921848
PSLS/data/trainStar.hdf5,run_02259,0,863.8773243803821,0.10109269980185136,16.74965491832762,23.977054266508688,0,13.991584748711656,0,1.0,0.0,10.0,5.452562704471101,0.0017122093005454975,0.4905346583202387,0.0,0.0017122093005454975,0.0,0.9172595576442,0.982751993744296,249.4255170387044,0.5090399990650406
PSLS/data/trainStar.hdf5,run_02262,0,832.29709005999,0.07665518583209813,18.04484934676134,25.057630456348843,0,15.034947037012907,0,1.0,0.0,10.0,5.452562704471101,0.001665237738683878,0.0,0.0,0.001665237738683878,0.0,2.021876401042677,0.0,303.91803356209056,3.025951764831875
PSLS/data/trainStar.hdf5,run_02266,0,729.9420605531867,0.09832833294993212,23.46028234919338,12.346181150561103,0,18.825744501337375,0,1.0,0.0,10.0,5.452562704471101,0.0006555987008730613,4.148373207064292e-27,0.0,0.0006555987008730613,0.0,1.5302404608620006,8.3021893186603e-27,283.4704152808544,1.9788951617705135
PSLS/data/trainStar.hdf5,run_02267,0,815.126682468399,0.043450963875219795,18.813075299134354,17.253995223118217,0,13.120769906506869,0,1.0,0.0,10.0,5.452562704471101,0.0013141496798646513,0.37620479512341104,0.0,0.0013141496798646513,0.0,1.0393422214478976,0.7533996701822021,257.3400981392139,0.8103485065484649
PSLS/data/trainStar.hdf5,run_02271,0,915.8183578843947,0.10075183372422647,14.90360471328296,31.14293783110528,0,16.194629624990384,0,1.0,0.0,10.0,5.452562704471101,0.0019211932080592797,7.966059022814955e-17,0.0,0.0019211932080592797,0.0,1.468456789645236,1.5962785640985076e-16,280.5647545406618,1.8202507548460487
PSLS/data/trainStar.hdf5,run_02274,0,891.4468929295933,0.08320450160989724,15.729650091247747,30.079993144805346,0,15.85788834001954,0,1.0,0.0,10.0,5.452562704471101,0.0018950494512692817,0.0033864708775369584,0.0,0.0018950494512692817,0.0,1.237839365874469,0.006785801183883858,268.83381320915083,1.3073518229387464
PSLS/data/trainStar.hdf5,run_02276,0,1226.863953059224,0.10683755842943496,8.304570953895073,55.655786252985166,0,11.485749302227392,0,1.0,0.0,10.0,5.452562704471101,0.004833917093821305,7.982496521984708e-58,0.0,0.004833917093821305,0.0,1.6778791584738042,1.6042541358872404e-57,290.0734562319094,2.252962435483488
PSLS/data/trainStar.hdf5,run_02280,0,763.0580379131313,0.11926497084813506,21.468162306009653,16.66515804057184,0,15.996674734561703,0,1.0,0.0,10.0,5.452562704471101,0.0010412464179230252,7.950138109466443e-08,0.0,0.0010412464179230252,0.0,1.3839703701686168,1.591684958154429e-07,276.4391301847468,1.5816158050510396
PSLS/data/trainStar.hdf5,run_02281,0,855.8610127930432,0.03645246189149025,17.064891304172086,29.383757884138472,0,14.42068018985713,0,1.0,0.0,10.0,5.452562704471101,0.002035537954130806,6.321277331397753e-235,0.0,0.002035537954130806,0.0,1.9379434563210787,1.2668341552842206e-234,300.7136174740669,2.8523762395339687
PSLS/data/trainStar.hdf5,run_02287,0,1012.5234585420237,0.11495966728118465,12.192698231971475,38.77074760292893,0,14.38965766720085,0,1.0,0.0,10.0,5.452562704471101,0.002690721657881756,3.886968186390981e-18,0.0,0.002690721657881756,0.0,1.489206490785862,7.794910306765622e-18,281.5506600643051,1.8446046007302779
PSLS/data/trainStar.hdf5,run_02291,0,786.0818591288916,0.05922611033183667,20.22900236457733,23.401949479314556,0,19.066355120506927,0,1.0,0.0,10.0,5.452562704471101,0.0012266420869277983,4.02563375085553e-22,0.0,0.0012266420869277983,0.0,1.5201508836732829,8.061155654506153e-22,283.0019928734923,1.9101218610904285
PSLS/data/trainStar.hdf5,run_02299,0,794.5953678874473,0.10094335838445899,19.79784660623257,21.84764023133225,0,17.127075166342067,0,1.0,0.0,10.0,5.452562704471101,0.0012748067780802286,0.0002413919850264949,0.0,0.0012748067780802286,0.0,1.2922796191113757,0.0004834002119196704,271.74211013798276,1.4032390774000312
PSLS/data/trainStar.hdf5,run_02301,0,1161.5136388275212,0.04810011893251043,9.26534052651465,32.84820203601744,0,10.101902813652767,0,1.0,0.0,10.0,5.452562704471101,0.003246403621547156,0.4971440274500609,0.0,0.003246403621547156,0.0,0.8661403852913554,0.997526428309575,245.87529382835382,0.3678270783707418
PSLS/data/trainStar.hdf5,run_02304,0,975.041276860944,0.11508080285425835,13.14813063632514,30.029783382414074,0,14.069483596793066,0,1.0,0.0,10.0,5.452562704471101,0.002132115106459276,0.07065592692685724,0.0,0.002132115106459276,0.0,1.1762109509604382,0.14161379075626887,265.42334883936763,1.1181795979769864
PSLS/data/trainStar.hdf5,run_02313,0,971.4315000642516,0.0556976159598979,13.246027398809938,22.06569795607489,0,13.633683156803345,0,1.0,0.0,10.0,5.452562704471101,0.0016171603083543484,0.4146843896749186,0.0,0.0016171603083543484,0.0,1.0268525464738776,0.8307121741054673,256.56348185973764,0.7551728285204583
PSLS/data/trainStar.hdf5,run_02314,0,1099.7851010736185,0.056982850510663305,10.334616114155303,40.71829033164556,0,10.566902542195347,0,1.0,0.0,10.0,5.452562704471101,0.0038459652030039537,0.4883771771778531,0.0,0.0038459652030039537,0.0,0.9379355931629147,0.9805254210055544,250.81937074785884,0.519543531010427
PSLS/data/trainStar.hdf5,run_02315,0,1039.659256149089,0.05401847594836502,11.56452938722392,28.321026929429955,0,12.567056769928163,0,1.0,0.0,10.0,5.452562704471101,0.0022510552293052433,0.40139426139009915,0.0,0.0022510552293052433,0.0,1.027539405044732,0.8045997211900807,256.60637473691713,0.7754373362370235
PSLS/data/trainStar.hdf5,run_02316,0,953.3357847371772,0.08256770930561105,13.753658056217793,35.362065100088074,0,12.14606803816369,0,1.0,0.0,10.0,5.452562704471101,0.0029071661995569986,0.18678270863174168,0.0,0.0029071661995569986,0.0,1.1232469459456005,0.374654600454433,262.38356669983733,0.9969350683877671
PSLS/data/trainStar.hdf5,run_02318,0,1179.6056957232443,0.08675244646515906,8.983308024488526,43.040210373472526,0,11.268134111581816,0,1.0,0.0,10.0,5.452562704471101,0.0038123539763437186,0.4951321751198159,0.0,0.0038123539763437186,0.0,0.8908233323702655,0.9940540360968461,247.6085948533408,0.42584619526185774
PSLS/data/trainStar.hdf5,run_02321,0,741.4275008939375,0.03689681713308571,22.739066485425393,15.751961412051925,0,14.378890280886358,0,1.0,0.0,10.0,5.452562704471101,0.0010948923163945912,9.120183248975368e-47,0.0,0.0010948923163945912,0.0,1.6305145501331662,1.826035962539919e-46,288.0043115491709,2.17311605133023
PSLS/data/trainStar.hdf5,run_02322,0,923.6924573903086,0.026003744954295898,14.650593497825396,37.289197390050106,0,14.08919810443267,0,1.0,0.0,10.0,5.452562704471101,0.0026431522123314677,0.49808162340849216,0.0,0.0026431522123314677,0.0,0.8528498837322928,0.9988032357993712,244.92660822227805,0.32587028882127883
PSLS/data/trainStar.hdf5,run_02324,0,847.4514443546074,0.029131426374844963,17.40525396475828,17.169777502770312,0,15.624485896297985,0,1.0,0.0,10.0,5.452562704471101,0.001098298345345472,8.714194197150925e-80,0.0,0.001098298345345472,0.0,1.6968394533606403,1.744755101070724e-79,290.8894751674002,2.379132549101172
PSLS/data/trainStar.hdf5,run_02326,0,1008.3043249916732,0.08400686690016786,12.294949603451027,34.077429626048016,0,12.291808950391355,0,1.0,0.0,10.0,5.452562704471101,0.002768529496545269,0.4448899935790798,0.0,0.002768529496545269,0.0,0.993110383229617,0.8922502081777985,254.42934528045512,0.6963426378386626
PSLS/data/trainStar.hdf5,run_02329,0,999.8685031532265,0.047019651835289625,12.503288069711322,35.80716510490742,0,9.001873060032775,0,1.0,0.0,10.0,5.452562704471101,0.00396984530819855,1.2079704321000934e-48,0.0,0.00396984530819855,0.0,1.6243664890307408,2.4255700018919047e-48,287.732437660615,2.187729027798703
PSLS/data/trainStar.hdf5,run_02333,0,850.2456797906831,0.0690243868599231,17.29104118393601,22.06468789194033,0,16.757818967170483,0,1.0,0.0,10.0,5.452562704471101,0.0013158137249218438,1.0371415604174552e-10,0.0,0.0013158137249218438,0.0,1.4080080803121786,2.0770160871092122e-10,277.63173460550826,1.6776485351178443
PSLS/data/trainStar.hdf5,run_02335,0,1648.8595324075632,0.0773942760585499,4.597721852725743,111.36194075142485,0,8.082500506209202,0,1.0,0.0,10.0,5.452562704471101,0.01368367017071015,8.887601997822156e-09,0.0,0.01368367017071015,0.0,1.3660807291794295,1.8021808478747197e-08,275.5414318946777,1.616337529091857
PSLS/data/trainStar.hdf5,run_02336,0,862.4218816589556,0.11600206875140055,16.80623681734193,15.99821001943416,0,14.517857268161782,0,1.0,0.0,10.0,5.452562704471101,0.0011013607728453945,0.22621346881507542,0.0,0.0011013607728453945,0.0,1.1145459841217025,0.45292577230878245,261.8739612057853,0.9618854012935549
PSLS/data/trainStar.hdf5,run_02338,0,931.2514587347566,0.11967756288986556,14.413719989610449,25.345987150415905,0,14.495079604861187,0,1.0,0.0,10.0,5.452562704471101,0.0017470645798498552,0.4855875791808035,0.0,0.0017470645798498552,0.0,0.9346482061896599,0.9728748335238838,250.5993059883876,0.5493996442362772
PSLS/data/trainStar.hdf5,run_02341,0,864.6853861012085,0.024771340255440713,16.71836392861919,27.740608228421486,0,15.27118175305289,0,1.0,0.0,10.0,5.452562704471101,0.0018148842740872695,0.4602390275824582,0.0,0.0018148842740872695,0.0,0.9934932603248234,0.9221516536995393,254.4538644803527,0.6578419441202615
PSLS/data/trainStar.hdf5,run_02342,0,714.0057436566931,0.09318600565317141,24.519217282989715,18.884840415534313,0,16.5146925699217,0,1.0,0.0,10.0,5.452562704471101,0.00114286396051122,0.12512132686682173,0.0,0.00114286396051122,0.0,1.1590332495135613,0.2505289742693998,264.4489173963975,1.0556796054352002
PSLS/data/trainStar.hdf5,run_02343,0,1108.6144778533749,0.10901191732814813,10.170654961419226,34.12675274671104,0,9.21542256107885,0,1.0,0.0,10.0,5.452562704471101,0.0036963732248582737,0.05981933340256385,0.0,0.0036963732248582737,0.0,1.1901763855268164,0.1200825366784791,266.2077237864573,1.1333781377901078
PSLS/data/trainStar.hdf5,run_02346,0,1039.6728535574202,0.09321954343563586,11.564226894763118,35.98883779189405,0,12.346414832279805,0,1.0,0.0,10.0,5.452562704471101,0.0029106778670536793,0.03568418085967306,0.0,0.0029106778670536793,0.0,1.221776271659347,0.07157669843126678,267.95739145355185,1.1753971384778685
PSLS/data/trainStar.hdf5,run_02349,0,994.1608086278094,0.10364513980201834,12.647268418021127,39.1683630634305,0,12.60053528278821,0,1.0,0.0,10.0,5.452562704471101,0.0031036419016640115,0.40922495364219835,0.0,0.0031036419016640115,0.0,1.0178422618927339,0.8209979910506033,255.99880588887746,0.7629519546348603
PSLS/data/trainStar.hdf5,run_02357,0,959.6960646111103,0.1189634637698087,13.57196044324154,38.043778828685845,0,15.644406332333771,0,1.0,0.0,10.0,5.452562704471101,0.00242882717404036,0.00420694968797184,0.0,0.00242882717404036,0.0,1.2558890489912975,0.008434385039523994,269.80850659421395,1.2976837779066517
PSLS/data/trainStar.hdf5,run_02361,0,1034.3390946448649,0.11834749619868605,11.683800509937168,36.22511123951942,0,11.229023586255597,0,1.0,0.0,10.0,5.452562704471101,0.003220827010204652,1.8175624866707804e-13,0.0,0.003220827010204652,0.0,1.4586341631065902,3.646870913683081e-13,280.09439293502663,1.7491544937043688
PSLS/data/trainStar.hdf5,run_02369,0,1111.728085440042,0.07368179360868568,10.113765001523644,44.983334908780996,0,12.869065355008393,0,1.0,0.0,10.0,5.452562704471101,0.0034893604479945273,0.48163813971619635,0.0,0.0034893604479945273,0.0,0.9576128267278536,0.9666492671522767,252.12465002090957,0.5689511983793275
PSLS/data/trainStar.hdf5,run_02370,0,867.4286263520967,0.05846985335186421,16.61278759073987,30.999857841593904,0,15.51583848933033,0,1.0,0.0,10.0,5.452562704471101,0.0019959546759572566,1.4451017316494934e-124,0.0,0.0019959546759572566,0.0,1.8100135075226058,2.8959837155375098e-124,295.6230365964938,2.5645007392560966
PSLS/data/trainStar.hdf5,run_02371,0,684.3599301809866,0.03704376186841318,26.689526336372268,16.587798550151284,0,15.434458525025853,0,1.0,0.0,10.0,5.452562704471101,0.0010741476971607433,0.4968764721873413,0.0,0.0010741476971607433,0.0,0.890394996832517,0.9948215296298204,247.57882500843624,0.41612269580154626
PSLS/data/trainStar.hdf5,run_02373,0,911.6575406511425,0.047159216529146786,15.03995566191185,29.314369413629883,0,15.463335791562075,0,1.0,0.0,10.0,5.452562704471101,0.0018939381021628732,0.0006264119027295857,0.0,0.0018939381021628732,0.0,1.2763677629926813,0.0012552010786078228,270.9017287087994,1.3723589613203362
PSLS/data/trainStar.hdf5,run_02374,0,833.5571272368296,0.0631506944874755,17.99033599648431,19.13982047290689,0,15.588482023644303,0,1.0,0.0,10.0,5.452562704471101,0.0012270646457016587,0.4987869795284228,0.0,0.0012270646457016587,0.0,0.8582316719399433,0.9987995506736199,245.31209087174196,0.32603741375321404
PSLS/data/trainStar.hdf5,run_02375,0,756.7929770055684,0.11929548164525054,21.825079112889355,19.340268546570936,0,17.77111245999174,0,1.0,0.0,10.0,5.452562704471101,0.0010877061533260957,9.384301293324307e-39,0.0,0.0010877061533260957,0.0,1.6022524710974955,1.8789039540571982e-38,286.7481054791878,2.104470898851688
PSLS/data/trainStar.hdf5,run_02376,0,1016.4827332650076,0.020742534831374098,12.097900308733921,34.79706022984949,0,11.480346357194108,0,1.0,0.0,10.0,5.452562704471101,0.0030264224829390507,0.005007902875293304,0.0,0.0030264224829390507,0.0,1.2623665476459096,0.01004620982587195,270.1557335472091,1.2896398590175175
PSLS/data/trainStar.hdf5,run_02378,0,980.4722224301888,0.08123006970165934,13.002876104664,30.93909611572549,0,10.56510824465463,0,1.0,0.0,10.0,5.452562704471101,0.002924138420789091,0.20476725534174461,0.0,0.002924138420789091,0.0,1.1184825953127582,0.4107355583103287,262.1048923099494,0.9807294025749743
PSLS/data/trainStar.hdf5,run_02380,0,846.9527983560164,0.0656906585660188,17.42575478882357,26.785938097145127,0,14.809200720810768,0,1.0,0.0,10.0,5.452562704471101,0.0018071014669649443,1.180445335000386e-22,0.0,0.0018071014669649443,0.0,1.534433045486968,2.3651647627130845e-22,283.66438064220387,1.9180758551817667
PSLS/data/trainStar.hdf5,run_02384,0,765.6467812398081,0.03954830563106653,21.323234881367515,16.49012270678221,0,19.13254398254971,0,1.0,0.0,10.0,5.452562704471101,0.0008615173412438448,1.1185177807822816e-20,0.0,0.0008615173412438448,0.0,1.5325533505107778,2.2389644682804154e-20,283.5774678196212,1.8876850371085974
PSLS/data/trainStar.hdf5,run_02392,0,1094.2828785155118,0.10943432352627284,10.438805474849946,30.11531477938687,0,12.19248251346864,0,1.0,0.0,10.0,5.452562704471101,0.0024669424852202804,0.24296907246474594,0.0,0.0024669424852202804,0.0,1.0946438746753893,0.48713989102290184,260.6969994121585,0.9465466228397084
PSLS/data/trainStar.hdf5,run_02393,0,947.527666795386,0.10302869565231883,13.922788103531516,28.939948018194954,0,14.35701100627087,0,1.0,0.0,10.0,5.452562704471101,0.002013706052196418,0.48469759154977243,0.0,0.002013706052196418,0.0,0.9350040823580468,0.971351198887553,250.62315709866965,0.5544986637131335
PSLS/data/trainStar.hdf5,run_02394,0,758.8810014389671,0.044280747997703596,21.705143036617496,16.829127839973747,0,15.393115354411492,0,1.0,0.0,10.0,5.452562704471101,0.0010926918464485569,0.13960136549754096,0.0,0.0010926918464485569,0.0,1.1457714593005963,0.2795081472686183,263.6891860867664,1.0412843739680604
PSLS/data/trainStar.hdf5,run_02396,0,998.905094306397,0.03198489268584603,12.527417663752594,24.79974697599424,0,12.090379463031681,0,1.0,0.0,10.0,5.452562704471101,0.0020490944765764185,0.09787262674835213,0.0,0.0020490944765764185,0.0,1.1677626300706159,0.19614717759491004,264.9454484040233,1.0847141178364381
PSLS/data/trainStar.hdf5,run_02399,0,831.5803187612181,0.08076109561053312,18.075969862678676,23.482912276933554,0,16.969882502230295,0,1.0,0.0,10.0,5.452562704471101,0.0013828423353271502,0.007822313839412901,0.0,0.0013828423353271502,0.0,1.2334874623732903,0.01566629169021261,268.59721457201545,1.267992946109552
PSLS/data/trainStar.hdf5,run_02415,0,1132.569893542745,0.09754091855280222,9.744958350955777,37.09374585744336,0,10.843197118404944,0,1.0,0.0,10.0,5.452562704471101,0.0034150786258683175,7.915299452383829e-72,0.0,0.0034150786258683175,0.0,1.7179697917257455,1.5884846905911225e-71,291.79087106655055,2.337260678787453
PSLS/data/trainStar.hdf5,run_02419,0,874.0425877355361,0.08076999827490873,16.362317842657347,26.25818804684233,0,15.33720831227462,0,1.0,0.0,10.0,5.452562704471101,0.0017105931253135198,4.4572965093391557e-95,0.0,0.0017105931253135198,0.0,1.7610526626980159,8.929868390156467e-95,293.6032817244346,2.4505398223976274
PSLS/data/trainStar.hdf5,run_02425,0,838.9974966187145,0.08400727453433125,17.75778048180389,25.317502416957616,0,15.570172836541195,0,1.0,0.0,10.0,5.452562704471101,0.0016247045153968687,0.18928549345445658,0.0,0.0016247045153968687,0.0,1.1273709657522883,0.37918705382744666,262.6240722252491,0.9948894232265236
PSLS/data/trainStar.hdf5,run_02426,0,815.4062826697826,0.11356400747677921,18.800175624673788,18.269961595922858,0,15.646966718871496,0,1.0,0.0,10.0,5.452562704471101,0.0011669545760415456,2.6399964270412935e-19,0.0,0.0011669545760415456,0.0,1.4846813897988533,5.286161564509987e-19,281.33653604955464,1.8650316685422834
PSLS/data/trainStar.hdf5,run_02431,0,781.8919738449002,0.03441416017827004,20.446383522679373,27.947427635715172,0,17.014603115662318,0,1.0,0.0,10.0,5.452562704471101,0.0016412071095104341,0.4481448544875655,0.0,0.0016412071095104341,0.0,0.9873020280039767,0.8977631241972198,254.05650950212382,0.6899263073713715
PSLS/data/trainStar.hdf5,run_02433,0,902.6464105163433,0.043618290326718726,15.341742673836821,36.21659620451293,0,15.431777410676641,0,1.0,0.0,10.0,5.452562704471101,0.0023441325252272494,5.670401277067239e-07,0.0,0.0023441325252272494,0.0,1.3729633477414276,1.1367449361912611e-06,275.88783785874006,1.5466303144239515
PSLS/data/trainStar.hdf5,run_02434,0,1221.0665086212248,0.020966289546992894,8.38361592274084,54.46877633225045,0,8.99235815910479,0,1.0,0.0,10.0,5.452562704471101,0.006038921382738649,0.16041205239474995,0.0,0.006038921382738649,0.0,1.1369184483045287,0.32277330741744037,263.1783429432048,1.0206996261583086
PSLS/data/trainStar.hdf5,run_02436,0,918.6026155117071,0.06886097907730257,14.813396850573156,21.775039861800042,0,13.040522790899724,0,1.0,0.0,10.0,5.452562704471101,0.0016684047384882827,2.2466237050871744e-33,0.0,0.0016684047384882827,0.0,1.5916071461427093,4.5007564936351115e-33,286.27062740212347,2.0511982814380083
PSLS/data/trainStar.hdf5,run_02438,0,739.353954813641,0.03442873445327604,22.86679047893298,19.309640985705673,0,15.640064789405566,0,1.0,0.0,10.0,5.452562704471101,0.0012338648241463357,1.240348347227006e-32,0.0,0.0012338648241463357,0.0,1.5968431733835629,2.4837613201785556e-32,286.50577889369316,2.0432820931252493
PSLS/data/trainStar.hdf5,run_02440,0,935.4929904053164,0.11020619441926177,14.283312483914653,21.79512745317927,0,16.84196312259543,0,1.0,0.0,10.0,5.452562704471101,0.0012932596322456913,6.325979049052207e-235,0.0,0.0012932596322456913,0.0,1.9379434563210787,1.2668341552842206e-234,300.7136174740669,2.8523762395339687
PSLS/data/trainStar.hdf5,run_02447,0,954.355129902058,0.08234000953405085,13.724293227178107,27.721611710774503,0,13.295978393429563,0,1.0,0.0,10.0,5.452562704471101,0.002082790127202805,0.3503582792440947,0.0,0.002082790127202805,0.0,1.0534260469209096,0.7021790500812272,258.2074881297652,0.8409017506612919
PSLS/data/trainStar.hdf5,run_02450,0,843.9217025819647,0.07954227259767963,17.551155015452764,21.685138184399076,0,14.859750618300597,0,1.0,0.0,10.0,5.452562704471101,0.0014582561748224254,0.15584048252801233,0.0,0.0014582561748224254,0.0,1.1385374825428587,0.31213613950884866,263.2719880489996,1.0256797966846392
PSLS/data/trainStar.hdf5,run_02453,0,1555.052841563065,0.03628704880074762,5.169156853418334,80.65914001715466,0,8.253915212812437,0,1.0,0.0,10.0,5.452562704471101,0.00972463477603236,2.1192251142381988e-30,0.0,0.00972463477603236,0.0,1.5758106192167383,4.280072369080695e-30,285.5576671983102,2.0184424107946874
PSLS/data/trainStar.hdf5,run_02455,0,750.8495687332944,0.103991261801093,22.171962822140443,16.3993531287661,0,14.002612334522688,0,1.0,0.0,10.0,5.452562704471101,0.0011704782879398135,1.2588698681908893e-17,0.0,0.0011704782879398135,0.0,1.475804089596763,2.52069014947236e-17,280.91504351728634,1.8353293243939683
PSLS/data/trainStar.hdf5,run_02464,0,737.6209048466421,0.08559602504601212,22.97436835529858,15.657332444511903,0,16.37370818415297,0,1.0,0.0,10.0,5.452562704471101,0.0009557913518730698,2.377399358640337e-23,0.0,0.0009557913518730698,0.0,1.549308028547858,4.759347660615247e-23,284.3493648932404,1.928233392661179
PSLS/data/trainStar.hdf5,run_02467,0,676.7925567147473,0.09076861785685818,27.289706541646705,17.383702739906155,0,18.268366659418895,0,1.0,0.0,10.0,5.452562704471101,0.0009511213972714927,0.4932535099526158,0.0,0.0009511213972714927,0.0,0.9062337726944288,0.9874462011157673,248.67256869595343,0.4825984538566573
PSLS/data/trainStar.hdf5,run_02468,0,844.7873034342185,0.08117652570698469,17.5152062946817,31.410123682261858,0,15.453327843160872,0,1.0,0.0,10.0,5.452562704471101,0.0020305156160832505,0.3332490892150442,0.0,0.0020305156160832505,0.0,1.0689025156238199,0.667854266948395,259.15067508744943,0.8596872540763991
PSLS/data/trainStar.hdf5,run_02471,0,924.4206866191895,0.07003836541984793,14.627520046064296,24.617059718530992,0,14.759204798330247,0,1.0,0.0,10.0,5.452562704471101,0.0016665221409234432,2.9811210226533424e-09,0.0,0.0016665221409234432,0.0,1.3967892234261459,5.97219484023785e-09,277.077039489382,1.6326081215902668
PSLS/data/trainStar.hdf5,run_02480,0,931.0541338129138,0.08756786223179372,14.419830241337838,22.866099331816898,0,14.162918823850301,0,1.0,0.0,10.0,5.452562704471101,0.001613202111314993,0.4963474263234558,0.0,0.001613202111314993,0.0,0.886921050620054,0.9942988576633722,247.33698381273402,0.4228637631545385
PSLS/data/trainStar.hdf5,run_02481,0,1271.0560780374788,0.09667033444004373,7.737142392169115,55.4015324976178,0,9.353647187082473,0,1.0,0.0,10.0,5.452562704471101,0.0059054808846953355,0.4329726785122892,0.0,0.0059054808846953355,0.0,1.0115413544895433,0.8710895597686499,255.60169552100558,0.7188727359332824
PSLS/data/trainStar.hdf5,run_02484,0,632.6058399513842,0.05926086951721285,31.235151688110435,11.390149953080074,0,18.7764990786733,0,1.0,0.0,10.0,5.452562704471101,0.0006064333863617932,0.47243759903772253,0.0,0.0006064333863617932,0.0,0.9629100426245745,0.9454485496410348,252.4725978324419,0.6187118041656381
PSLS/data/trainStar.hdf5,run_02485,0,870.5569459786725,0.07511896208398351,16.4936070288791,24.874742650617396,0,14.262645002236077,0,1.0,0.0,10.0,5.452562704471101,0.0017425283931844504,0.38300577716001294,0.0,0.0017425283931844504,0.0,1.049038232310567,0.7673486811844624,257.9381904947636,0.8013522929687371
PSLS/data/trainStar.hdf5,run_02490,0,1005.490362980591,0.04772820496959709,12.363863110018658,23.71020279619948,0,12.64559363313729,0,1.0,0.0,10.0,5.452562704471101,0.001873220769350925,0.21480094098294694,0.0,0.001873220769350925,0.0,1.1254032336043027,0.43040813141696166,262.5094000288524,0.9719406911475966
PSLS/data/trainStar.hdf5,run_02496,0,1113.0539628583317,0.06886975448613639,10.089684181966062,40.84852516081343,0,11.214257173039172,0,1.0,0.0,10.0,5.452562704471101,0.0036359268673135103,0.08857827352139114,0.0,0.0036359268673135103,0.0,1.1749430529267613,0.17780302584152913,265.35179155123694,1.0953477773146634
PSLS/data/trainStar.hdf5,run_02497,0,581.9559801887772,0.11560330637930619,36.90878443780273,11.077571830058806,0,18.884702074509498,0,1.0,0.0,10.0,5.452562704471101,0.000586417695484398,2.7574105842519628e-05,0.0,0.000586417695484398,0.0,1.3358350338956868,5.518057054805556e-05,274.0034474284462,1.462987197035653
PSLS/data/trainStar.hdf5,run_02505,0,966.5028360707657,0.021905242564662336,13.381467619486639,26.50567721066256,0,12.373729004549324,0,1.0,0.0,10.0,5.452562704471101,0.0021398002694993368,2.979707768054603e-09,0.0,0.0021398002694993368,0.0,1.3967892234261459,5.97219484023785e-09,277.077039489382,1.6326081215902668
PSLS/data/trainStar.hdf5,run_02511,0,611.3005009588862,0.0573589981624843,33.45033793482748,12.969662891676085,0,18.88093538553712,0,1.0,0.0,10.0,5.452562704471101,0.0006866825767027906,4.4331276421070724e-98,0.0,0.0006866825767027906,0.0,1.755748151609014,8.872347770842831e-98,293.38193909010624,2.4634098159112794
PSLS/data/trainStar.hdf5,run_02539,0,1206.9282688989852,0.11842870349125881,8.58118162117485,43.38761728698389,0,8.85906755972973,0,1.0,0.0,10.0,5.452562704471101,0.004885564308640178,0.019185690483064455,0.0,0.004885564308640178,0.0,1.2351112987755606,0.038559767188454296,268.6855703101074,1.2174112273276574
PSLS/data/trainStar.hdf5,run_02540,0,970.5331691063043,0.11833869974493472,13.270559942154648,30.281319868572865,0,11.435235498294114,0,1.0,0.0,10.0,5.452562704471101,0.0026445683336897563,0.4615140857180587,0.0,0.0026445683336897563,0.0,0.9762125733662195,0.9254756550470556,253.34008910379927,0.6528817400532806
PSLS/data/trainStar.hdf5,run_02544,0,1167.495325696625,0.056226542651093475,9.170641411717575,40.36270473473436,0,10.534672691539262,0,1.0,0.0,10.0,5.452562704471101,0.0038240846614400192,0.30201407128980784,0.0,0.0038240846614400192,0.0,1.083128366386126,0.6063468643229855,260.0086534797718,0.8909886979529371
PSLS/data/trainStar.hdf5,run_02548,0,978.3400675648742,0.028411869922597314,13.05961375021657,17.74776092448419,0,11.782220753938997,0,1.0,0.0,10.0,5.452562704471101,0.0015051832015187117,9.252044639722666e-20,0.0,0.0015051832015187117,0.0,1.4867953375733154,1.8531983309413486e-19,281.4366271299448,1.8726945277194442
PSLS/data/trainStar.hdf5,run_02552,0,928.2916081170728,0.10650654866101508,14.505782596014624,25.967381471915896,0,13.713425322616178,0,1.0,0.0,10.0,5.452562704471101,0.00189178201632334,0.4450790265604927,0.0,0.00189178201632334,0.0,1.0070407354359994,0.8918452298882317,255.31690978038182,0.6968040170781572
PSLS/data/trainStar.hdf5,run_02554,0,789.4062324721457,0.09690048810303974,20.058983042762485,27.485620806053134,0,14.560677067937279,0,1.0,0.0,10.0,5.452562704471101,0.0018858803905503763,0.2757595541909134,0.0,0.0018858803905503763,0.0,1.0831241521157167,0.5525611726619295,260.0084005669114,0.9166406403683193
PSLS/data/trainStar.hdf5,run_02555,0,1002.5950090367436,0.09400230903851359,12.435376430854252,45.10884286629519,0,14.579319937955614,0,1.0,0.0,10.0,5.452562704471101,0.003089247710672538,2.686446395911097e-10,0.0,0.003089247710672538,0.0,1.398935219034304,5.389542423415302e-10,277.1834019650682,1.6654711672412352
PSLS/data/trainStar.hdf5,run_02557,0,1257.6220897022145,0.10098696986001753,7.903322410052348,49.46602676958832,0,9.02092598437181,0,1.0,0.0,10.0,5.452562704471101,0.0054684687067773075,1.5394058415678254e-36,0.0,0.0054684687067773075,0.0,1.6079272207898694,3.095740643971507e-36,287.00166523493584,2.083336878613564
PSLS/data/trainStar.hdf5,run_02561,0,778.7711796528365,0.08329819437537206,20.610582734028654,12.42943359633324,0,14.942619867157036,0,1.0,0.0,10.0,5.452562704471101,0.0008314650088711018,0.3220992642332205,0.0,0.0008314650088711018,0.0,1.0773014355709076,0.6447346027286183,259.65825213985437,0.8717600988266492
PSLS/data/trainStar.hdf5,run_02571,0,900.5789712958501,0.08899528879741474,15.412262925409397,31.19566600680455,0,14.84762922387015,0,1.0,0.0,10.0,5.452562704471101,0.00209884801083704,0.4544693526275267,0.0,0.00209884801083704,0.0,0.9959024812684533,0.910850441893191,254.60798703761108,0.6735548719051725
PSLS/data/trainStar.hdf5,run_02576,0,997.3063985014932,0.02417309891604298,12.567613098772002,34.42728099028232,0,14.216280975647344,0,1.0,0.0,10.0,5.452562704471101,0.002418749935564013,0.49166475786076275,0.0,0.002418749935564013,0.0,0.9216186178263973,0.9857137106957554,249.72132441891523,0.493181430368132
PSLS/data/trainStar.hdf5,run_02582,0,963.5841236955332,0.03428687019143052,13.462655770697621,23.2227613498047,0,14.056992617179032,0,1.0,0.0,10.0,5.452562704471101,0.00165067949001807,0.19268759474899527,0.0,0.00165067949001807,0.0,1.1333914642346838,0.3860123722036804,262.97399503637155,0.9918153202543909
PSLS/data/trainStar.hdf5,run_02593,0,761.9587531007013,0.09236604329256112,21.53015161546809,21.233194773660685,0,17.598348806209472,0,1.0,0.0,10.0,5.452562704471101,0.0012058171342096413,0.43230624679379676,0.0,0.0012058171342096413,0.0,1.0076323719102438,0.8656563168067359,255.35440119536182,0.724204673878272
PSLS/data/trainStar.hdf5,run_02594,0,940.3499578779976,0.10068729052564342,14.13614509359413,22.80188014208921,0,13.192665718012275,0,1.0,0.0,10.0,5.452562704471101,0.001726882714328748,0.09493202109037728,0.0,0.001726882714328748,0.0,1.1652938545602196,0.19019248229081784,264.8053064747016,1.0881090253150663
PSLS/data/trainStar.hdf5,run_02603,0,1017.2185051311307,0.11315191867050939,12.080405394100175,33.1878499291549,0,10.105935013859256,0,1.0,0.0,10.0,5.452562704471101,0.0032786095601305965,5.834021344796526e-37,0.0,0.0032786095601305965,0.0,1.5836104579741477,1.1706423481534547e-36,285.91037161301165,2.087446364324886
PSLS/data/trainStar.hdf5,run_02605,0,950.5767154387546,0.06089366138223058,13.833614500524467,33.228004482707576,0,13.63964184955563,0,1.0,0.0,10.0,5.452562704471101,0.0024331697084458703,0.0001640753805638034,0.0,0.0024331697084458703,0.0,1.2959913025996666,0.00032895115511378793,271.9370246412716,1.4147904820123849
PSLS/data/trainStar.hdf5,run_02609,0,932.7464827299818,0.05768486999526028,14.367551843855425,23.063978427356606,0,13.365848541258531,0,1.0,0.0,10.0,5.452562704471101,0.0017241023126085553,5.648975129506866e-11,0.0,0.0017241023126085553,0.0,1.4386035724303678,1.1317462722666743e-10,279.1278068857785,1.6851782687706942
PSLS/data/trainStar.hdf5,run_02610,0,924.1992888405832,0.02234627698510056,14.63452911518055,30.00541267506205,0,14.93834846540857,0,1.0,0.0,10.0,5.452562704471101,0.0020066005440781964,0.4724322127359968,0.0,0.0020066005440781964,0.0,0.9619035725741314,0.9467642030369212,252.4065984767663,0.6161287136250894
PSLS/data/trainStar.hdf5,run_02611,0,809.1439581495667,0.0448476453826978,19.092307557020302,16.51586902544076,0,14.664535676629411,0,1.0,0.0,10.0,5.452562704471101,0.0011256116400434335,1.1367452568201409e-32,0.0,0.0011256116400434335,0.0,1.5692394382016632,2.2760524647879967e-32,285.2595043702547,2.0436905639087506
PSLS/data/trainStar.hdf5,run_02614,0,969.7915437553277,0.04945081930783156,13.290864402169463,28.339322756528603,0,11.858942060441223,0,1.0,0.0,10.0,5.452562704471101,0.002386847689993199,9.2883739252089e-111,0.0,0.002386847689993199,0.0,1.7513025791211343,1.8621193803833397e-110,293.19605096898766,2.514337115940005
PSLS/data/trainStar.hdf5,run_02617,0,706.1743161568463,0.047824677245623205,25.066065887925827,15.416300598726883,0,17.55347981810386,0,1.0,0.0,10.0,5.452562704471101,0.0008778620009074478,2.955069700740885e-44,0.0,0.0008778620009074478,0.0,1.6334146930312263,5.915332246884052e-44,288.1322921798294,2.152766071637254
PSLS/data/trainStar.hdf5,run_02620,0,913.2060525699569,0.11954379641818577,14.988992783079265,26.71326193206762,0,14.726049797196334,0,1.0,0.0,10.0,5.452562704471101,0.001812369768319888,1.1490341548548458e-28,0.0,0.001812369768319888,0.0,1.5649157664175501,2.3022408213737413e-28,285.0628095831255,1.9981127392658444
PSLS/data/trainStar.hdf5,run_02621,0,1229.0391437750156,0.027486148461525597,8.275201603701458,47.92686540223817,0,11.587609679458746,0,1.0,0.0,10.0,5.452562704471101,0.00412750251470928,2.083056189440199e-31,0.0,0.00412750251470928,0.0,1.5683983951697942,4.183379287409163e-31,285.22127506204504,2.029848402398202
PSLS/data/trainStar.hdf5,run_02622,0,895.5929933099453,0.05208147655439663,15.584348039842759,26.839284896502107,0,13.317087940223301,0,1.0,0.0,10.0,5.452562704471101,0.0020133723831933237,5.6473382278865526e-11,0.0,0.0020133723831933237,0.0,1.4386035724303678,1.1317462722666743e-10,279.1278068857785,1.6851782687706942
PSLS/data/trainStar.hdf5,run_02625,0,988.3025193676986,0.07214153549375393,12.797649396054034,29.42770507133503,0,13.188252470400302,0,1.0,0.0,10.0,5.452562704471101,0.002228869797531008,3.1379492581013864e-43,0.0,0.002228869797531008,0.0,1.6107393055356727,6.2899179242931786e-43,287.1270664702353,2.1441591321695004
PSLS/data/trainStar.hdf5,run_02631,0,857.3996345061281,0.07208948834591232,17.003699644195347,18.99026424961669,0,13.447487237163124,0,1.0,0.0,10.0,5.452562704471101,0.0014111827283982414,8.114502744117681e-26,0.0,0.0014111827283982414,0.0,1.5576828251918011,1.6251939945188978e-25,284.73285159163754,1.9622125970587778
PSLS/data/trainStar.hdf5,run_02636,0,1036.366148094765,0.10772944388052437,11.638139955647983,29.40907488188295,0,13.162275020795116,0,1.0,0.0,10.0,5.452562704471101,0.0022318515810587636,3.1320542625219674e-279,0.0,0.0022318515810587636,0.0,1.9763865905800915,6.278120357890771e-279,302.19397016023686,2.9360449513069806
PSLS/data/trainStar.hdf5,run_02642,0,822.944120490451,0.037406451884231945,18.457348801474414,24.42661218632633,0,14.771384751175423,0,1.0,0.0,10.0,5.452562704471101,0.0016522775125520361,2.6903187018330737e-10,0.0,0.0016522775125520361,0.0,1.398935219034304,5.389542423415302e-10,277.1834019650682,1.6654711672412352
PSLS/data/trainStar.hdf5,run_02645,0,798.7539917866224,0.0678514142193681,19.592232679505614,16.839175176193514,0,15.480227831142454,0,1.0,0.0,10.0,5.452562704471101,0.0010871945794491689,2.8491275738460204e-72,0.0,0.0010871945794491689,0.0,1.6939540953546242,5.704457002423777e-72,290.76573688324316,2.3397014607761157
PSLS/data/trainStar.hdf5,run_02647,0,1311.376892856775,0.05040276980486891,7.268670117304378,46.68593210765479,0,9.574767590733783,0,1.0,0.0,10.0,5.452562704471101,0.004864065647207982,1.6221646011266482e-16,0.0,0.004864065647207982,0.0,1.4663916328702216,3.2601869656765186e-16,280.46605977012825,1.8142454019923522
PSLS/data/trainStar.hdf5,run_02649,0,719.5609467144158,0.11414000683429007,24.14208885325011,15.627323864443007,0,18.970786433946568,0,1.0,0.0,10.0,5.452562704471101,0.0008234181078775604,2.622795872717168e-66,0.0,0.0008234181078775604,0.0,1.6905672161640701,5.249914620197417e-66,290.62028907335014,2.3058575292307006
PSLS/data/trainStar.hdf5,run_02652,0,1077.176874706877,0.09681413583301306,10.772982901956242,26.299484248022377,0,12.930571777330071,0,1.0,0.0,10.0,5.452562704471101,0.0020318325878315724,1.5927544440155836e-102,0.0,0.0020318325878315724,0.0,1.7537238097093135,3.191994486448913e-102,293.29733665018483,2.4818606401190424
PSLS/data/trainStar.hdf5,run_02654,0,991.7533474324564,0.020733939577037425,12.708744920705087,35.11811946913944,0,11.991957249022853,0,1.0,0.0,10.0,5.452562704471101,0.002924188910309211,0.34992631341604913,0.0,0.002924188910309211,0.0,1.0457800855713757,0.7019051300294195,257.73767800816444,0.8410563414249705
PSLS/data/trainStar.hdf5,run_02655,0,820.7233755277676,0.021903505267632312,18.557369150583114,23.945997766559938,0,15.545203491751902,0,1.0,0.0,10.0,5.452562704471101,0.001539224874743006,4.6461342083115425e-38,0.0,0.001539224874743006,0.0,1.5957027749377424,9.306593356616708e-38,286.4546125850018,2.0979602908544392
PSLS/data/trainStar.hdf5,run_02661,0,835.9844559971269,0.0999435633762121,17.88601572420831,20.89901925785956,0,15.43909571513313,0,1.0,0.0,10.0,5.452562704471101,0.0013527269421064192,0.1860630559894731,0.0,0.0013527269421064192,0.0,1.127843518397264,0.3726301788613338,262.6515885000832,0.9978499477251438
PSLS/data/trainStar.hdf5,run_02666,0,798.2220306002432,0.08756147438711277,19.61835518633463,20.248305382919053,0,16.989319174143283,0,1.0,0.0,10.0,5.452562704471101,0.001191115649979979,8.721761131439344e-154,0.0,0.001191115649979979,0.0,1.8393601622150964,1.746432429286024e-153,296.81409023457843,2.6568673396455265
PSLS/data/trainStar.hdf5,run_02667,0,1026.0074617572352,0.025886527472443226,11.87432617945755,31.41781982672899,0,12.733790787836302,0,1.0,0.0,10.0,5.452562704471101,0.0024642381782249423,0.49869788776268653,0.0,0.0024642381782249423,0.0,0.8096294400190929,0.9998596678918595,241.76275313279842,0.2279631173997783
PSLS/data/trainStar.hdf5,run_02669,0,947.2390408455495,0.04240365257048811,13.931274008329058,26.235546104691363,0,14.952918375011263,0,1.0,0.0,10.0,5.452562704471101,0.0017530052126490947,3.475422093958247e-05,0.0,0.0017530052126490947,0.0,1.3033906604921892,6.963050451654183e-05,272.3243469866034,1.457145018271807
PSLS/data/trainStar.hdf5,run_02670,0,914.6166972449275,0.066375158448687,14.942792364372247,31.010533306361623,0,13.520540447051888,0,1.0,0.0,10.0,5.452562704471101,0.0022909585549194533,4.11629927989857e-06,0.0,0.0022909585549194533,0.0,1.3405946128076536,8.251502409833887e-06,274.2471905020609,1.506824301687624
PSLS/data/trainStar.hdf5,run_02673,0,853.898670747599,0.05998426450010516,17.143414982029334,33.911948320987236,0,17.568462637082707,0,1.0,0.0,10.0,5.452562704471101,0.0019284123142749854,0.48520755069225646,0.0,0.0019284123142749854,0.0,0.9329062483073786,0.9722900775430944,250.48246018939713,0.5513836056330578
PSLS/data/trainStar.hdf5,run_02676,0,932.3756821039664,0.07392055999305679,14.3789819072479,25.593339431667523,0,13.450131882767728,0,1.0,0.0,10.0,5.452562704471101,0.0019010226205197212,0.4823186869840984,0.0,0.0019010226205197212,0.0,0.9554388022909278,0.9664746641669374,251.981431280074,0.5694550863441662
PSLS/data/trainStar.hdf5,run_02683,0,1348.8369285857189,0.11134790903951368,6.870543882352472,57.443549277569986,0,8.870649501478313,0,1.0,0.0,10.0,5.452562704471101,0.006454764882261932,0.0013773448006202307,0.0,0.006454764882261932,0.0,1.2684928854040012,0.0027725859919342497,270.4829090662637,1.3437784045106185
PSLS/data/trainStar.hdf5,run_02688,0,1048.8963235485853,0.1138250067627455,11.361741043920208,39.7824935183367,0,11.775608933591027,0,1.0,0.0,10.0,5.452562704471101,0.0033726806948359833,3.9056862938902666e-73,0.0,0.0033726806948359833,0.0,1.6795926948271258,7.837807008166828e-73,290.1474873633812,2.344396081642761
PSLS/data/trainStar.hdf5,run_02689,0,899.4611833279297,0.06981271818328796,15.450593310389324,28.671991826471878,0,13.86044233341859,0,1.0,0.0,10.0,5.452562704471101,0.0020664821398997946,0.37150802854404397,0.0,0.0020664821398997946,0.0,1.042007395299209,0.7445546660075716,257.5049133334163,0.8158858416504527
PSLS/data/trainStar.hdf5,run_02697,0,1046.8884963209766,0.10479006824812509,11.40536419779446,25.31345158695745,0,12.635951477903367,0,1.0,0.0,10.0,5.452562704471101,0.00200128288600554,4.1873360950385753e-11,0.0,0.00200128288600554,0.0,1.433990445391505,8.391465887145594e-11,278.903769603384,1.6888269063553427
PSLS/data/trainStar.hdf5,run_02710,0,841.3520414312903,0.046740371586366986,17.658528367093158,24.026270449097822,0,14.758927031786053,0,1.0,0.0,10.0,5.452562704471101,0.0016265901070442457,4.56440807935925e-26,0.0,0.0016265901070442457,0.0,1.5542407754572412,9.143689193101887e-26,284.5754257992871,1.9654941718564443
PSLS/data/trainStar.hdf5,run_02713,0,643.7610219149961,0.11908988287162031,30.162036249575344,12.603592740242922,0,18.373218611725576,0,1.0,0.0,10.0,5.452562704471101,0.0006857410838984057,8.512342229795774e-69,0.0,0.0006857410838984057,0.0,1.6973991056216222,1.7036366996361324e-68,290.9134575218984,2.3202817546542898
PSLS/data/trainStar.hdf5,run_02714,0,974.1344310783954,0.04891401176094429,13.172621869352058,31.16364558365282,0,11.787845188560716,0,1.0,0.0,10.0,5.452562704471101,0.0026402185930322064,0.341807851091582,0.0,0.0026402185930322064,0.0,1.0536187946564763,0.6854253750023814,258.21929852079353,0.8502125204282053
PSLS/data/trainStar.hdf5,run_02715,0,845.0852294630516,0.06012137807708416,17.50285886307074,27.362722863019496,0,14.56176406858446,0,1.0,0.0,10.0,5.452562704471101,0.0018773158563566428,0.4887477284700236,0.0,0.0018773158563566428,0.0,0.9234016693187187,0.9793339761421277,249.84202057520966,0.5247638835154319
PSLS/data/trainStar.hdf5,run_02721,0,984.1301690854982,0.08984489494485574,12.90639408866609,35.45349387799743,0,13.762376839208189,0,1.0,0.0,10.0,5.452562704471101,0.0025728017263941805,1.8738455082857755e-13,0.0,0.0025728017263941805,0.0,1.4367876609099237,3.757357953601257e-13,279.03968123468513,1.7488505519984552
PSLS/data/trainStar.hdf5,run_02722,0,968.0668902861092,0.04289763856002463,13.338263097493678,31.551720465125545,0,11.50335221005485,0,1.0,0.0,10.0,5.452562704471101,0.002739070224684226,0.40205865891227605,0.0,0.002739070224684226,0.0,1.0316355861040407,0.8063259010916238,256.8617271138705,0.7741581116142159
PSLS/data/trainStar.hdf5,run_02724,0,1019.267650155871,0.03981516260267612,12.031881104593031,30.644137365278873,0,12.484304590276434,0,1.0,0.0,10.0,5.452562704471101,0.002451602982554202,0.32907560430311,0.0,0.002451602982554202,0.0,1.0827275564906027,0.6597686995177536,259.9845961959857,0.8639572014489966
PSLS/data/trainStar.hdf5,run_02725,0,1217.9611858787616,0.08754269158466363,8.426420277291522,63.31462361163157,0,10.131683612908168,0,1.0,0.0,10.0,5.452562704471101,0.006229685560646625,1.2869231565754302e-113,0.0,0.006229685560646625,0.0,1.7936607853405497,2.5899810808928466e-113,294.9530545097445,2.5251303315149323
PSLS/data/trainStar.hdf5,run_02728,0,1002.2963123295499,0.038185571399261375,12.442789327452578,31.122725165478275,0,14.474930652627716,0,1.0,0.0,10.0,5.452562704471101,0.002147802376600172,0.49210478676246366,0.0,0.002147802376600172,0.0,0.9109686696732735,0.9863280111714287,248.9967507878526,0.48955662301278874
PSLS/data/trainStar.hdf5,run_02731,0,1043.9722650736128,0.05293772400258749,11.469172664269081,41.28451753166273,0,10.743462717890544,0,1.0,0.0,10.0,5.452562704471101,0.0038353831475450573,0.39367271580190255,0.0,0.0038353831475450573,0.0,1.0296571313277416,0.7903768295761716,256.7384870858008,0.7856941834266873
PSLS/data/trainStar.hdf5,run_02732,0,903.9004729558625,0.10593086053339341,15.299202244945674,25.79679946597768,0,13.190816208957575,0,1.0,0.0,10.0,5.452562704471101,0.0019537525625644703,0.4859952126115896,0.0,0.0019537525625644703,0.0,0.9361457399151247,0.9738931715026666,250.69962599009912,0.5458596161127661
PSLS/data/trainStar.hdf5,run_02734,0,882.1876374196646,0.06906090694420824,16.061573078800855,25.913544247057892,0,15.080317358651085,0,1.0,0.0,10.0,5.452562704471101,0.0017168930777754499,1.4340820514555243e-120,0.0,0.0017168930777754499,0.0,1.7810746109598117,2.8730969030957516e-120,294.4342636427945,2.550483327811207
PSLS/data/trainStar.hdf5,run_02736,0,661.8948142461194,0.028120360870050792,28.531989527773053,18.929166455958,0,17.5946667624628,0,1.0,0.0,10.0,5.452562704471101,0.001075268313979194,0.43923899518008025,0.0,0.001075268313979194,0.0,1.0065869881334328,0.8794236066990092,255.288145070391,0.7103582370423274
PSLS/data/trainStar.hdf5,run_02737,0,992.1246213065613,0.026628209327344925,12.699234941830378,29.571823655651507,0,10.980179814664128,0,1.0,0.0,10.0,5.452562704471101,0.0026895768973557166,9.815266396677351e-57,0.0,0.0026895768973557166,0.0,1.680319184919577,1.968347300761571e-56,290.17885733386396,2.245705547078768
PSLS/data/trainStar.hdf5,run_02740,0,923.1126901543237,0.09692322486609349,14.669002087643493,34.323953882652575,0,10.873319408455519,0,1.0,0.0,10.0,5.452562704471101,0.0031517362924743386,5.257280345666983e-65,0.0,0.0031517362924743386,0.0,1.7018857200101158,1.0547804589865775e-64,291.1055049823987,2.2981219807387245
PSLS/data/trainStar.hdf5,run_02745,0,997.6154499841095,0.04714427029477532,12.559827658314923,28.29788265142126,0,10.887821230913548,0,1.0,0.0,10.0,5.452562704471101,0.0025956653976905164,1.1795127931893367e-22,0.0,0.0025956653976905164,0.0,1.534433045486968,2.3651647627130845e-22,283.66438064220387,1.9180758551817667
PSLS/data/trainStar.hdf5,run_02747,0,960.8331890301996,0.11795956069309017,13.539855233923822,26.131661912120904,0,14.560545012360594,0,1.0,0.0,10.0,5.452562704471101,0.0017930803275437723,2.959800154972924e-52,0.0,0.0017930803275437723,0.0,1.6463661439434947,5.9302336953226685e-52,288.7017566230903,2.2145509023421703
PSLS/data/trainStar.hdf5,run_02748,0,1278.796594339428,0.11516242536867594,7.6437605009373755,34.471447187520575,0,11.97525708196579,0,1.0,0.0,10.0,5.452562704471101,0.002874416852098771,1.2682904233133555e-06,0.0,0.002874416852098771,0.0,1.3325453453469138,2.5438930556959403e-06,273.83459805685453,1.5310739804876554
PSLS/data/trainStar.hdf5,run_02749,0,846.2171941506093,0.028306507384020355,17.45606386323794,20.219477271420338,0,16.406797918557526,0,1.0,0.0,10.0,5.452562704471101,0.0012316250499877501,0.481528491199564,0.0,0.0012316250499877501,0.0,0.9478385799881702,0.9642445701660591,251.47882076474968,0.5757103919660856
PSLS/data/trainStar.hdf5,run_02750,0,1260.8536206304593,0.05110769666939128,7.862862357486081,58.661052463314014,0,8.945735128521815,0,1.0,0.0,10.0,5.452562704471101,0.006535979256973801,0.4805270858439903,0.0,0.006535979256973801,0.0,0.9374091783277099,0.9673769272179522,250.7841703468527,0.56682785318927
PSLS/data/trainStar.hdf5,run_02752,0,1095.4580863705094,0.08030961128245384,10.416419979847905,49.50161014784661,0,14.26672315200096,0,1.0,0.0,10.0,5.452562704471101,0.0034637127507023413,0.38612472082305876,0.0,0.0034637127507023413,0.0,1.043007487555539,0.7749335889992819,257.5666777782409,0.7963129333728973
PSLS/data/trainStar.hdf5,run_02753,0,932.1484639702875,0.11413906895283003,14.385992729573795,27.959614097733247,0,14.634637647937575,0,1.0,0.0,10.0,5.452562704471101,0.0019086856276558928,8.701752249029868e-10,0.0,0.0019086856276558928,0.0,1.4139489160363548,1.7436785840586177e-09,277.92412661240894,1.6498375400931566
PSLS/data/trainStar.hdf5,run_02755,0,1080.532932696656,0.06993519582519332,10.706166598245916,36.23719212610676,0,10.617599344789095,0,1.0,0.0,10.0,5.452562704471101,0.003407119031639483,1.1785531824185407e-22,0.0,0.003407119031639483,0.0,1.534433045486968,2.3651647627130845e-22,283.66438064220387,1.9180758551817667
PSLS/data/trainStar.hdf5,run_02756,0,739.0276465106617,0.0775553822412182,22.886988020726523,16.589581697999137,0,14.897769317652216,0,1.0,0.0,10.0,5.452562704471101,0.0011129416768849154,0.4805795966930464,0.0,0.0011129416768849154,0.0,0.9643418560868146,0.9622300993664308,252.56640001799013,0.5810942680096974
PSLS/data/trainStar.hdf5,run_02758,0,1027.4682084011229,0.07431120371577446,11.840586834434715,27.534868004194617,0,13.345379886751378,0,1.0,0.0,10.0,5.452562704471101,0.002061123931426767,2.484115348217963e-26,0.0,0.002061123931426767,0.0,1.5428881283346403,4.97849198540947e-26,284.054339950111,1.9689333004134029
PSLS/data/trainStar.hdf5,run_02764,0,1008.6416673805737,0.024570473312002777,12.286726833727009,30.90786513986733,0,14.589966063105935,0,1.0,0.0,10.0,5.452562704471101,0.002116190674580687,2.35393278244554e-55,0.0,0.002116190674580687,0.0,1.6551873458265511,4.7178494338671055e-55,289.0876968176603,2.2363386894874773
PSLS/data/trainStar.hdf5,run_02766,0,672.9019317616281,0.058315827179551735,27.60618937477078,14.09052784498636,0,17.539487152666094,0,1.0,0.0,10.0,5.452562704471101,0.0008030377030021629,0.30002500475004523,0.0,0.0008030377030021629,0.0,1.085220661986433,0.6005322595463752,260.1341282945099,0.8938260882227433
PSLS/data/trainStar.hdf5,run_02770,0,846.4304785318195,0.02063827215468427,17.4472677794533,24.14812407533136,0,16.85616838256726,0,1.0,0.0,10.0,5.452562704471101,0.0014315729707810032,9.453717759174482e-51,0.0,0.0014315729707810032,0.0,1.6104238312836658,1.8934541696455735e-50,287.11300649016465,2.2035781859035906
PSLS/data/trainStar.hdf5,run_02772,0,1271.13038872264,0.028486295367463648,7.736237787021596,46.67335921751087,0,7.949396470334509,0,1.0,0.0,10.0,5.452562704471101,0.005854106070604992,7.443675496557534e-15,0.0,0.005854106070604992,0.0,1.4785896786095778,1.497501632710297e-14,281.0475069991401,1.7802386066976972
PSLS/data/trainStar.hdf5,run_02773,0,832.7492542014174,0.037882087183381805,18.025258771013444,26.476131842197773,0,14.672969213508047,0,1.0,0.0,10.0,5.452562704471101,0.0018027884368818636,1.021169490869672e-08,0.0,0.0018027884368818636,0.0,1.372100124118684,2.046027536523731e-08,275.84446287169317,1.6144146563457158
PSLS/data/trainStar.hdf5,run_02781,0,1096.561106934741,0.07836303490801613,10.395474960427247,42.362567568694246,0,12.909252003684436,0,1.0,0.0,10.0,5.452562704471101,0.0032761879415382777,4.646839855200879e-15,0.0,0.0032761879415382777,0.0,1.4512436721919382,9.32422763253563e-15,279.7389268606642,1.7846274025284068
PSLS/data/trainStar.hdf5,run_02783,0,833.2999075897078,0.038187969700893026,18.00144407900899,15.553401176682971,0,14.693240152328794,0,1.0,0.0,10.0,5.452562704471101,0.0010579812186293225,1.690275165962534e-29,0.0,0.0010579812186293225,0.0,1.5418929637782208,3.38413067862444e-29,284.00852502592784,2.0080226085125217
PSLS/data/trainStar.hdf5,run_02786,0,950.573551540884,0.09443913695222665,13.833706588540654,22.72231167759689,0,13.248310433587749,0,1.0,0.0,10.0,5.452562704471101,0.00171364018777731,5.079714880184065e-19,0.0,0.00171364018777731,0.0,1.4892992206021283,1.0176869252504979e-18,281.555042856672,1.8601618817494348
PSLS/data/trainStar.hdf5,run_02788,0,627.3624280027425,0.0411524933413976,31.7594520951625,17.282208768137625,0,21.16061896420535,0,1.0,0.0,10.0,5.452562704471101,0.0008163822331010984,6.24020150071965e-155,0.0,0.0008163822331010984,0.0,1.840719003329737,1.2490600105446158e-154,296.8688934633538,2.6601777603666767
PSLS/data/trainStar.hdf5,run_02790,0,1078.4952821614818,0.09245412623589894,10.746660117135846,53.6429658432487,0,9.337712864461446,0,1.0,0.0,10.0,5.452562704471101,0.005728295369296199,0.33775525152583047,0.0,0.005728295369296199,0.0,1.0776546915667717,0.6794023202164459,259.6795355417074,0.8534919166637747
PSLS/data/trainStar.hdf5,run_02793,0,811.2388405855459,0.04752688903460153,18.993829781433313,20.71271804900442,0,13.037416981117605,0,1.0,0.0,10.0,5.452562704471101,0.0015874519855543223,5.622614152950002e-37,0.0,0.0015874519855543223,0.0,1.573307562381509,1.126310794897712e-36,285.444202862142,2.08760866952853
PSLS/data/trainStar.hdf5,run_02796,0,761.5083263374737,0.07496735858077917,21.55562901143469,23.451747042202506,0,16.466131207191324,0,1.0,0.0,10.0,5.452562704471101,0.001423227727118892,0.2967120573451457,0.0,0.001423227727118892,0.0,1.0756511959411386,0.59426989608379,259.55875707551445,0.8968625680376999
PSLS/data/trainStar.hdf5,run_02797,0,705.7383668106057,0.09729932434482357,25.097043118679235,17.757211234456484,0,16.38796030064694,0,1.0,0.0,10.0,5.452562704471101,0.0010829654178794446,2.3567610650492138e-07,0.0,0.0010829654178794446,0.0,1.3548499990845113,4.7186322456401466e-07,274.97336194025075,1.5627622666718874
PSLS/data/trainStar.hdf5,run_02799,0,794.5464191287327,0.04134524033961086,19.800286010259317,14.603388135778289,0,15.80223658702218,0,1.0,0.0,10.0,5.452562704471101,0.0009237073744539082,0.47176103198509056,0.0,0.0009237073744539082,0.0,0.9586085288947858,0.9443944080492893,252.19016272808796,0.6207457519784386
PSLS/data/trainStar.hdf5,run_02800,0,776.0141954805166,0.11082050309986026,20.75729136319576,20.736165272029073,0,17.97064312616682,0,1.0,0.0,10.0,5.452562704471101,0.0011532256296250543,6.274487917565036e-08,0.0,0.0011532256296250543,0.0,1.371642351438263,1.2563464344208693e-07,275.82145255009357,1.5855750565283742
PSLS/data/trainStar.hdf5,run_02802,0,865.5794127472027,0.11634481743659378,16.683846139338492,25.272252527297667,0,14.86034473506134,0,1.0,0.0,10.0,5.452562704471101,0.0016992052015027959,5.483227906574616e-102,0.0,0.0016992052015027959,0.0,1.7744696104310418,1.0985121789232639e-101,294.16091057872035,2.4796683266114505
PSLS/data/trainStar.hdf5,run_02804,0,985.9588519970371,0.09294184186425694,12.858562853247784,36.24969419573911,0,14.099399937363641,0,1.0,0.0,10.0,5.452562704471101,0.002567707498801197,0.4910287176456096,0.0,0.002567707498801197,0.0,0.9234323527148263,0.984585563024609,249.84409602796612,0.4995160279537937
PSLS/data/trainStar.hdf5,run_02807,0,1433.170884677582,0.11177537347819475,6.085749323794332,74.75499423777977,0,9.046528871035045,0,1.0,0.0,10.0,5.452562704471101,0.008229341825299552,2.4999533868018105e-10,0.0,0.008229341825299552,0.0,1.4231568247877224,5.041394129168608e-10,278.3754997305721,1.6663385882985111
PSLS/data/trainStar.hdf5,run_02813,0,1083.0917454802357,0.06685245958479641,10.655639548201448,33.73436161505844,0,12.723888061076714,0,1.0,0.0,10.0,5.452562704471101,0.00264775056425981,0.0016665768301421687,0.0,0.00264775056425981,0.0,1.255685920644596,0.0033420024491548446,269.7975961797255,1.3365776370295401
PSLS/data/trainStar.hdf5,run_02816,0,775.3789018246347,0.07908892466622072,20.79131957249713,20.81865320067627,0,15.639375343540962,0,1.0,0.0,10.0,5.452562704471101,0.0013302834874272529,0.1788875658328068,0.0,0.0013302834874272529,0.0,1.1384365898672613,0.35825170799710476,263.2661553253461,1.0043718454189579
PSLS/data/trainStar.hdf5,run_02818,0,1248.1874527077468,0.0998416895597956,8.023251165714889,58.50292647737916,0,9.313570920214467,0,1.0,0.0,10.0,5.452562704471101,0.0062617838932810255,3.480579536575706e-19,0.0,0.0062617838932810255,0.0,1.5100976737413632,7.005023013428965e-19,282.53293391754477,1.8629463900636343
PSLS/data/trainStar.hdf5,run_02820,0,1313.8062727831582,0.06426742891691864,7.241813745154833,39.14451394757048,0,10.86224320177424,0,1.0,0.0,10.0,5.452562704471101,0.0035972372265139496,3.3692562763458884e-13,0.0,0.0035972372265139496,0.0,1.4682904632882536,6.762840092830668e-13,280.5568095851003,1.7428109364057847
PSLS/data/trainStar.hdf5,run_02826,0,900.628051228228,0.11630225624364529,15.410583181568095,27.644391296839423,0,12.549047417436633,0,1.0,0.0,10.0,5.452562704471101,0.002200482929549441,9.88900025593174e-91,0.0,0.002200482929549441,0.0,1.7429680370638982,1.982161764312323e-90,292.84659279286626,2.431291306336295
PSLS/data/trainStar.hdf5,run_02828,0,1197.2719199066657,0.0239666452203845,8.720159308438475,38.558818693588165,0,9.9428624029772,0,1.0,0.0,10.0,5.452562704471101,0.003870530172037534,0.02583445288377137,0.0,0.003870530172037534,0.0,1.20073177554062,0.05186966888597952,266.7960040668753,1.1981872015842239
PSLS/data/trainStar.hdf5,run_02835,0,833.1982462457172,0.04451792941759528,18.005837181496798,21.229209782346306,0,18.60115355003646,0,1.0,0.0,10.0,5.452562704471101,0.0011406335659587263,0.003912818924359536,0.0,0.0011406335659587263,0.0,1.2572501373483527,0.00783457422705745,269.88157914461647,1.3010035451270272
PSLS/data/trainStar.hdf5,run_02849,0,773.1467578857317,0.09822740811056617,20.911545677763748,13.809385637729791,0,17.68485236907217,0,1.0,0.0,10.0,5.452562704471101,0.0007805547458070716,2.1050564323953435e-12,0.0,0.0007805547458070716,0.0,1.459510446910842,4.213401655448839e-12,280.1364505858853,1.7233104379560222
PSLS/data/trainStar.hdf5,run_02851,0,606.2742478420511,0.087007421420514,34.00727004078296,13.455943716931397,0,15.658611862153,0,1.0,0.0,10.0,5.452562704471101,0.0008589627184484305,5.882925592939368e-29,0.0,0.0008589627184484305,0.0,1.529326686376362,1.1775966301905778e-28,283.42808761019074,2.0016056644567097
PSLS/data/trainStar.hdf5,run_02853,0,927.0850215168634,0.03950668077920223,14.543565263413571,28.6684154631497,0,14.55154170500894,0,1.0,0.0,10.0,5.452562704471101,0.00196818964895773,7.489036693348302e-05,0.0,0.00196818964895773,0.0,1.3153630758223964,0.00015007611211739132,272.9475694379463,1.4369766050983093
PSLS/data/trainStar.hdf5,run_02855,0,913.2511559748915,0.023422112383417265,14.987512274870253,36.00729984519456,0,13.073368566832531,0,1.0,0.0,10.0,5.452562704471101,0.0027504585858592057,7.8091577846234e-05,0.0,0.0027504585858592057,0.0,1.301529432625708,0.00015661391578179507,272.2270758220064,1.435814336805856
PSLS/data/trainStar.hdf5,run_02857,0,964.6690853478418,0.10171879157550294,13.43238994889808,43.485244711318714,0,14.669077547118867,0,1.0,0.0,10.0,5.452562704471101,0.0029600262212728934,0.47848209175478634,0.0,0.0029600262212728934,0.0,0.956731454906402,0.9598052321640933,252.06661709428863,0.5872746465041537
PSLS/data/trainStar.hdf5,run_02859,0,692.8885983181574,0.07777713679330392,26.03653477457265,12.62149950550145,0,15.285670602076454,0,1.0,0.0,10.0,5.452562704471101,0.0008253671318519951,2.610958054156713e-10,0.0,0.0008253671318519951,0.0,1.414732202917317,5.226229666503668e-10,277.96260910473586,1.6658711443964027
PSLS/data/trainStar.hdf5,run_02861,0,804.9825158264642,0.04605402649589679,19.290217205271954,23.01166392306445,0,17.130186302519103,0,1.0,0.0,10.0,5.452562704471101,0.0013424380909631273,0.4958418422682936,0.0,0.0013424380909631273,0.0,0.888694179810074,0.993016748044126,247.46051003309034,0.4374513449005326
PSLS/data/trainStar.hdf5,run_02863,0,759.6119406969596,0.10453326729891081,21.66339143385213,18.146841467229535,0,14.854976821723772,0,1.0,0.0,10.0,5.452562704471101,0.0012208542702615288,2.8152354200681807e-24,0.0,0.0012208542702615288,0.0,1.5250916095974385,5.6373532268963905e-24,283.23166322086905,1.9413466624560247
PSLS/data/trainStar.hdf5,run_02867,0,1089.0589964316578,0.09895451284263072,10.539189152011055,50.204453671006114,0,11.534303967714955,0,1.0,0.0,10.0,5.452562704471101,0.004343162073962792,5.650504999782254e-25,0.0,0.004343162073962792,0.0,1.5340506644626801,1.1350306219063006e-24,283.64670668527435,1.9509152285183662
PSLS/data/trainStar.hdf5,run_02872,0,817.4006651468019,0.08480561207717133,18.708546144622677,22.07518882081628,0,15.79398270250329,0,1.0,0.0,10.0,5.452562704471101,0.0013967198279321025,0.013208300549993337,0.0,0.0013967198279321025,0.0,1.2139522660725657,0.026453549296808706,267.5273713158564,1.2398379130980814
PSLS/data/trainStar.hdf5,run_02883,0,1054.2522571709494,0.09395512975071986,11.246591837588918,22.556846147155568,0,11.568299148992226,0,1.0,0.0,10.0,5.452562704471101,0.0019479846192042016,0.3837104972883533,0.0,0.0019479846192042016,0.0,1.0453381443721674,0.7689188366439054,257.71044404296975,0.8003180121815496
PSLS/data/trainStar.hdf5,run_02890,0,699.22699134166,0.034317892421943844,25.56663928529474,16.250007131351506,0,18.26456549781094,0,1.0,0.0,10.0,5.452562704471101,0.0008893056038292713,1.2948559443253089e-85,0.0,0.0008893056038292713,0.0,1.7381635306891334,2.5920169838796027e-85,292.64457531167926,2.4076092656263413
PSLS/data/trainStar.hdf5,run_02898,0,968.7271495292952,0.10170348303113404,13.320087266890335,32.850131134730184,0,14.176401512781302,0,1.0,0.0,10.0,5.452562704471101,0.0023145577289385155,0.41643664161463273,0.0,0.0023145577289385155,0.0,1.0168787093831277,0.834805488725355,255.93819828878534,0.7517997890431598
PSLS/data/trainStar.hdf5,run_02899,0,1052.860128994109,0.0960061371912771,11.276352767598947,42.47382450479255,0,11.878868609652752,0,1.0,0.0,10.0,5.452562704471101,0.0035691935047089673,2.657782338232165e-10,0.0,0.0035691935047089673,0.0,1.3988856532171234,5.334604913672399e-10,277.1809467040619,1.6656044016170597
PSLS/data/trainStar.hdf5,run_02900,0,764.1577033140861,0.08019647616423206,21.40641900683725,26.366283523973017,0,16.09461444971453,0,1.0,0.0,10.0,5.452562704471101,0.0016368642256913146,0.49504058106509813,0.0,0.0016368642256913146,0.0,0.9102932036738849,0.9917044476630349,248.9505813555857,0.4502380072544199
PSLS/data/trainStar.hdf5,run_02901,0,1275.8510309688309,0.060012855305045354,7.679095615854309,52.875691633647925,0,9.108006312594963,0,1.0,0.0,10.0,5.452562704471101,0.005788589063795313,4.57407276060694e-06,0.0,0.005788589063795313,0.0,1.3141344021695265,9.20140869495702e-06,272.883807380464,1.5044773790110402
PSLS/data/trainStar.hdf5,run_02903,0,938.6381379642364,0.0680954938835569,14.187753055083196,28.085093736670594,0,13.543120482459512,0,1.0,0.0,10.0,5.452562704471101,0.0020716047761214496,0.24778142020488622,0.0,0.0020716047761214496,0.0,1.0898151992525378,0.49659158190262365,260.4090270103564,0.9422837451234547
PSLS/data/trainStar.hdf5,run_02904,0,740.0062408709387,0.07306368658883203,22.82649591386555,14.87820293160368,0,14.054813227613131,0,1.0,0.0,10.0,5.452562704471101,0.0010580240771385085,9.900322947204486e-91,0.0,0.0010580240771385085,0.0,1.7429680370638982,1.982161764312323e-90,292.84659279286626,2.431291306336295
PSLS/data/trainStar.hdf5,run_02906,0,1103.244072865519,0.0335460930332632,10.269914008865143,38.31922057558068,0,11.647243494379763,0,1.0,0.0,10.0,5.452562704471101,0.0032845758649616696,0.060825618815377236,0.0,0.0032845758649616696,0.0,1.182325375407326,0.12205212710169995,265.7676231516139,1.13192359542166
PSLS/data/trainStar.hdf5,run_02907,0,890.1761197877986,0.08703331479212932,15.774591949299978,26.06959185678085,0,13.517608753264575,0,1.0,0.0,10.0,5.452562704471101,0.0019267068628032735,0.4939528615986744,0.0,0.0019267068628032735,0.0,0.9032607684627676,0.9898128023164625,248.4683675612687,0.4659929902952568
PSLS/data/trainStar.hdf5,run_02918,0,753.0027085005152,0.05293146365828784,22.04534685839077,19.68060788334002,0,18.5228011323619,0,1.0,0.0,10.0,5.452562704471101,0.0010619428482699922,1.5931339288438673e-45,0.0,0.0010619428482699922,0.0,1.6170757410583185,3.18965508909805e-45,287.40903083836315,2.1631660600419376
PSLS/data/trainStar.hdf5,run_02920,0,1026.9904471312211,0.058183326772131325,11.851606001448287,32.15864088430705,0,12.820008532347334,0,1.0,0.0,10.0,5.452562704471101,0.0025053290699813546,1.0282587371922623e-93,0.0,0.0025053290699813546,0.0,1.7480839521953713,2.061682667905505e-93,293.0612456250937,2.4445830615040074
PSLS/data/trainStar.hdf5,run_02923,0,1128.2464684192964,0.02603327405819425,9.819786542840925,34.60108662212492,0,12.752186983123462,0,1.0,0.0,10.0,5.452562704471101,0.0027096675062963094,0.41243332916956665,0.0,0.0027096675062963094,0.0,1.0193527460146956,0.8271078455925381,256.09372902741484,0.7580951752926378
PSLS/data/trainStar.hdf5,run_02924,0,1176.706719578329,0.08504906716242792,9.027625737158079,39.800538693538385,0,12.502419322744506,0,1.0,0.0,10.0,5.452562704471101,0.0031783652255515937,3.555690217412729e-80,0.0,0.0031783652255515937,0.0,1.7268912660243338,7.134055067368754e-80,292.16895551003995,2.3810840000107514
PSLS/data/trainStar.hdf5,run_02929,0,771.4149103883789,0.06414468275175383,21.005545054942218,21.25579676350252,0,17.29607184550433,0,1.0,0.0,10.0,5.452562704471101,0.0012281829814176914,0.4964333254623964,0.0,0.0012281829814176914,0.0,0.8888450091357251,0.9940875723632081,247.4710091247433,0.4254437486458046
PSLS/data/trainStar.hdf5,run_02932,0,898.6963679218092,0.03024245616463506,15.47690226289637,31.125947043145377,0,14.04638586474783,0,1.0,0.0,10.0,5.452562704471101,0.0022134865286829175,5.992663390601128e-06,0.0,0.0022134865286829175,0.0,1.3456281252676834,1.201191499322344e-05,274.50425688746645,1.49865788452173
PSLS/data/trainStar.hdf5,run_02934,0,654.3664047323645,0.07305970127996685,29.192280542898295,13.53666419160554,0,19.657750498577652,0,1.0,0.0,10.0,5.452562704471101,0.0006883801110738608,0.0002688573285051577,0.0,0.0006883801110738608,0.0,1.3225561461762152,0.0005380850640664846,273.3199604755529,1.399936710021837
PSLS/data/trainStar.hdf5,run_02936,0,723.5570778229712,0.06038520193827272,23.876156711514408,14.233319406028045,0,16.405016462519367,0,1.0,0.0,10.0,5.452562704471101,0.0008672436670820183,0.010187396951805882,0.0,0.0008672436670820183,0.0,1.2373129749529956,0.02039247915201245,268.805228270176,1.2542181868183728
PSLS/data/trainStar.hdf5,run_02938,0,1464.2833204219944,0.10659110361806236,5.829882238441566,71.89922354087307,0,9.502995577616046,0,1.0,0.0,10.0,5.452562704471101,0.007537403814232291,1.137368144543357e-113,0.0,0.007537403814232291,0.0,1.776898741212712,2.2920121099061874e-113,294.2615306166876,2.525328707216447
PSLS/data/trainStar.hdf5,run_02941,0,857.5427787792611,0.06660301823810391,16.99802347469891,21.8634769233992,0,14.246224813587173,0,1.0,0.0,10.0,5.452562704471101,0.001533508631661018,1.727527202147965e-82,0.0,0.001533508631661018,0.0,1.726883534113976,3.460360897601063e-82,292.16862847324114,2.3925487544842943
PSLS/data/trainStar.hdf5,run_02945,0,1167.0989135070304,0.09133502472648886,9.17687219710328,46.41713844719952,0,11.843485312798743,0,1.0,0.0,10.0,5.452562704471101,0.003911542642807353,0.4278563751304623,0.0,0.003911542642807353,0.0,1.0218348298149795,0.8590730511337208,256.2494814170415,0.7304552092687802
PSLS/data/trainStar.hdf5,run_02947,0,1264.9197590644585,0.03207240719886681,7.812392594876573,48.65578569300468,0,10.394366724079076,0,1.0,0.0,10.0,5.452562704471101,0.00467003773946939,0.0026388260543128146,0.0,0.00467003773946939,0.0,1.2705143017296934,0.005302414584847179,270.59060224761384,1.3179014180086321
PSLS/data/trainStar.hdf5,run_02953,0,1216.1703698547324,0.11847174875689001,8.45125442717808,57.84631884226218,0,11.718518140590408,0,1.0,0.0,10.0,5.452562704471101,0.004924153285093769,0.49748004454129585,0.0,0.004924153285093769,0.0,0.8128119486740719,0.9998836695386621,241.9999852700972,0.22094615698036738
PSLS/data/trainStar.hdf5,run_02955,0,866.1056322432505,0.08117455307083479,16.66357910090127,26.700234095016185,0,15.146289114633282,0,1.0,0.0,10.0,5.452562704471101,0.0017612706198810724,0.4546890426473288,0.0,0.0017612706198810724,0.0,0.9992521332003034,0.9109825721341812,254.82180680674,0.6733803745812152
PSLS/data/trainStar.hdf5,run_02957,0,1113.394767351896,0.11562291747889522,10.083508324959768,41.278215386728924,0,12.856171291939233,0,1.0,0.0,10.0,5.452562704471101,0.00320562147775294,1.258248633370152e-33,0.0,0.00320562147775294,0.0,1.6012050584270063,2.5245901471384946e-33,286.7012312725121,2.0538435107861726
PSLS/data/trainStar.hdf5,run_02959,0,1068.593213922633,0.11551185294842611,10.946749732741926,29.39422741238081,0,10.684821207701296,0,1.0,0.0,10.0,5.452562704471101,0.002747245998983683,2.8350082629094862e-80,0.0,0.002747245998983683,0.0,1.7293679897737202,5.685636367581487e-80,292.2736570836137,2.381577917914024
PSLS/data/trainStar.hdf5,run_02960,0,1056.2363764852694,0.0631197236019493,11.20437851899648,31.53218201530777,0,12.744095249866866,0,1.0,0.0,10.0,5.452562704471101,0.002471199733780738,0.3445172141001161,0.0,0.002471199733780738,0.0,1.0686707404521067,0.690741388134702,259.13662572934635,0.8472891047146246
PSLS/data/trainStar.hdf5,run_02964,0,998.7771541563804,0.05180674095735935,12.530627313358092,31.125989549290715,0,11.374095692199589,0,1.0,0.0,10.0,5.452562704471101,0.0027328272959343813,0.3743380836085602,0.0,0.0027328272959343813,0.0,1.051874351224098,0.7507277765767655,258.1123507079493,0.8120342656454228
PSLS/data/trainStar.hdf5,run_02965,0,593.6800263675915,0.09426165777679908,35.46542244269674,12.918599107150518,0,21.245314250067278,0,1.0,0.0,10.0,5.452562704471101,0.0006078833222581403,0.3719151593139391,0.0,0.0006078833222581403,0.0,1.0515879709027827,0.7442827557021138,258.0947806802558,0.8160541424536756
PSLS/data/trainStar.hdf5,run_02967,0,746.7877206038285,0.06027994673217492,22.413809502997054,14.959265455189865,0,19.853463328813127,0,1.0,0.0,10.0,5.452562704471101,0.0007532001263322874,0.4901131325456391,0.0,0.0007532001263322874,0.0,0.9204260085157078,0.9809651281497281,249.64049797906006,0.5175505187334624
PSLS/data/trainStar.hdf5,run_02969,0,1175.7165558835973,0.08556252787317449,9.042837892257424,36.57466682887558,0,10.051322442485715,0,1.0,0.0,10.0,5.452562704471101,0.0036321791369965384,0.3853800345814446,0.0,0.0036321791369965384,0.0,1.0429790068462612,0.7735698132997669,257.56491945989836,0.7972271396461811
PSLS/data/trainStar.hdf5,run_02970,0,864.5465811765521,0.06823593610129378,16.723732702457696,26.44970622554147,0,15.527869751907645,0,1.0,0.0,10.0,5.452562704471101,0.0017019200067922569,6.054360685447276e-14,0.0,0.0017019200067922569,0.0,1.4445153880169366,1.212936457914147e-13,279.41412886081196,1.7601845111956262
PSLS/data/trainStar.hdf5,run_02971,0,993.4980973396285,0.04293100828223251,12.664146725078856,28.966322846255835,0,13.323968377858124,0,1.0,0.0,10.0,5.452562704471101,0.0021716397412969712,0.00044224081886929057,0.0,0.0021716397412969712,0.0,1.2944978651682242,0.0008864065935240256,271.85864900969773,1.3840190680825883
PSLS/data/trainStar.hdf5,run_02972,0,901.3594126528202,0.08481744299787915,15.385585087809073,29.70646206138101,0,15.04718034681508,0,1.0,0.0,10.0,5.452562704471101,0.001972273681958847,0.49628562267262905,0.0,0.001972273681958847,0.0,0.90149010164156,0.994532736086488,248.34650948403248,0.419913649854121
PSLS/data/trainStar.hdf5,run_02973,0,1102.6647188664033,0.05556455819132128,10.280708729563644,46.68918189325733,0,12.352081064398647,0,1.0,0.0,10.0,5.452562704471101,0.0037727289314879453,0.02090351189054548,0.0,0.0037727289314879453,0.0,1.213372417247922,0.04196534766233661,267.4954192305091,1.2120783018438093
PSLS/data/trainStar.hdf5,run_02988,0,1357.2335358328803,0.09381249492930376,6.785796772890649,55.545736810601994,0,8.345939375124876,0,1.0,0.0,10.0,5.452562704471101,0.0066333223359790194,0.00014932022268547275,0.0,0.0066333223359790194,0.0,1.2970408845341834,0.0003006346519225124,271.9920662041446,1.4174248347493326
PSLS/data/trainStar.hdf5,run_02990,0,828.6401937465092,0.050829125505133174,18.204469289545123,24.522265337035396,0,17.49814067159527,0,1.0,0.0,10.0,5.452562704471101,0.0014004396701186028,0.014199271733871345,0.0,0.0014004396701186028,0.0,1.231072418542885,0.028438369688808397,268.46564638126796,1.23568751383874
PSLS/data/trainStar.hdf5,run_03004,0,918.8724998771604,0.11359491439285893,14.804696367987203,23.183181049716357,0,13.333834259922368,0,1.0,0.0,10.0,5.452562704471101,0.001737162640921941,5.88037930209319e-14,0.0,0.001737162640921941,0.0,1.4723071231920122,1.1781224507264715e-13,280.74848608308355,1.76047165872042
PSLS/data/trainStar.hdf5,run_03011,0,1018.2729126607363,0.07552429321897812,12.055400161398625,42.32547266265282,0,13.1809189007302,0,1.0,0.0,10.0,5.452562704471101,0.0032059668706371225,9.885069698106089e-18,0.0,0.0032059668706371225,0.0,1.4756856693095743,1.983372566361102e-17,280.9094081078509,1.8372430347099664
PSLS/data/trainStar.hdf5,run_03014,0,1000.8317250660257,0.08899057801694552,12.479232785858212,35.031364450480815,0,11.873358505823568,0,1.0,0.0,10.0,5.452562704471101,0.002946069273099927,0.1716704425073108,0.0,0.002946069273099927,0.0,1.1402274156300105,0.34435537981813047,263.36962748131094,1.0107219689272402
PSLS/data/trainStar.hdf5,run_03016,0,929.533219368059,0.07511779349793467,14.467056676740913,24.76313519890847,0,13.967663299885897,0,1.0,0.0,10.0,5.452562704471101,0.0017713196883997195,0.49898003572589594,0.0,0.0017713196883997195,0.0,0.8212125717174108,0.9997309145037543,242.62285956191846,0.2540922708538428
PSLS/data/trainStar.hdf5,run_03017,0,818.6962146676212,0.021311909726924854,18.649382147249767,21.324037027422683,0,13.864476843823429,0,1.0,0.0,10.0,5.452562704471101,0.0015368518498181105,2.0880112642539394e-64,0.0,0.0015368518498181105,0.0,1.6866674969903461,4.1824503350420604e-64,290.452546673462,2.294526193898246
PSLS/data/trainStar.hdf5,run_03020,0,1158.5429303772291,0.07267667599650049,9.312917381324036,32.9667322112321,0,7.76663067088402,0,1.0,0.0,10.0,5.452562704471101,0.00423566745421089,0.0032987265635556024,0.0,0.00423566745421089,0.0,1.2457814023383211,0.006625516612192804,269.2639922146349,1.3083929233835536
PSLS/data/trainStar.hdf5,run_03022,0,780.3881316842668,0.07089653989133574,20.525261606098013,23.823348879622028,0,17.82523892855005,0,1.0,0.0,10.0,5.452562704471101,0.0013356026344170102,1.6262791860617612e-41,0.0,0.0013356026344170102,0.0,1.5900836974749912,3.2569083074389927e-41,286.20209993362363,2.129391725167398
PSLS/data/trainStar.hdf5,run_03033,0,1006.5608924151217,0.08170999095691997,12.337577882839247,33.15732416998321,0,15.23549710119469,0,1.0,0.0,10.0,5.452562704471101,0.002173953998899525,0.19822905385984768,0.0,0.002173953998899525,0.0,1.124543110660673,0.39732186718170526,262.459227989926,0.9867359612693372
PSLS/data/trainStar.hdf5,run_03034,0,1150.3200619331403,0.09310941815473094,9.446536888866877,43.12251238233782,0,10.645831815331922,0,1.0,0.0,10.0,5.452562704471101,0.004042454726337241,2.2490634510673983e-05,0.0,0.004042454726337241,0.0,1.3473744994615386,4.516384180712071e-05,274.59327739945945,1.4679267855948634
PSLS/data/trainStar.hdf5,run_03038,0,1039.0935381598456,0.06546002254479973,11.577125064103072,45.07591807258098,0,9.382406166143259,0,1.0,0.0,10.0,5.452562704471101,0.0047927803695169136,5.256541028796106e-17,0.0,0.0047927803695169136,0.0,1.4595639639722469,1.0563711607212498e-16,280.1390185485738,1.8236778416803776
PSLS/data/trainStar.hdf5,run_03039,0,982.3719707194409,0.06879889947965692,12.952633818947815,28.662637531461844,0,11.855811865994342,0,1.0,0.0,10.0,5.452562704471101,0.00241468221078478,0.09585151851147802,0.0,0.00241468221078478,0.0,1.1592408729874903,0.1921670594027948,264.46075961813324,1.0869775329279714
PSLS/data/trainStar.hdf5,run_03041,0,980.662627436272,0.060542803417946364,12.997827329920845,37.90080624178395,0,11.114996068210557,0,1.0,0.0,10.0,5.452562704471101,0.003404073270722341,1.6993970357754505e-07,0.0,0.003404073270722341,0.0,1.3776751492191293,3.4104033343838596e-07,276.1242351251471,1.5685147213225157
PSLS/data/trainStar.hdf5,run_03042,0,997.0872122328564,0.07441540898730947,12.57313909681799,42.594807204059734,0,12.529815416765345,0,1.0,0.0,10.0,5.452562704471101,0.003393704356177918,1.9255383955952807e-54,0.0,0.003393704356177918,0.0,1.6239805606000872,3.864190712043124e-54,287.7153457629847,2.2300282461869223
PSLS/data/trainStar.hdf5,run_03058,0,943.5782254827642,0.05818172974662253,14.039582472726917,34.36563382084282,0,11.406163367122282,0,1.0,0.0,10.0,5.452562704471101,0.003008366139830243,0.023150997396942666,0.0,0.003008366139830243,0.0,1.2218214610759843,0.04644170845708349,267.9598691310405,1.2055335231310211
PSLS/data/trainStar.hdf5,run_03061,0,1181.9914405730542,0.07104404702418923,8.947080601947588,33.86420571993169,0,10.79220003598775,0,1.0,0.0,10.0,5.452562704471101,0.0031329229343093346,0.22071281657859113,0.0,0.0031329229343093346,0.0,1.1206989628932673,0.44281293194728866,262.2346416703616,0.9664026242047796
PSLS/data/trainStar.hdf5,run_03064,0,829.9594867815334,0.09921445268767494,18.146640103084813,14.780990419756181,0,16.92185436870343,0,1.0,0.0,10.0,5.452562704471101,0.0008731038861561347,0.39634179012576914,0.0,0.0008731038861561347,0.0,1.0312778996766823,0.7933762801649344,256.8394595848159,0.7835714350053367
PSLS/data/trainStar.hdf5,run_03066,0,991.2312416449524,0.07503814808082135,12.722136461419646,27.783383419274305,0,11.617139844248337,0,1.0,0.0,10.0,5.452562704471101,0.0023887279564610564,1.1786077890217376e-18,0.0,0.0023887279564610564,0.0,1.497123151733181,2.3628598073224243e-18,281.9240991141934,1.853804294002733
PSLS/data/trainStar.hdf5,run_03067,0,790.8710455965451,0.06437135105624205,19.984747296710694,27.20831780809726,0,15.9555504580504,0,1.0,0.0,10.0,5.452562704471101,0.001703804106922946,0.4895692411521029,0.0,0.001703804106922946,0.0,0.923297666725526,0.9808095897112652,249.83498536062262,0.5182597951037791
PSLS/data/trainStar.hdf5,run_03082,0,783.5265957836983,0.03858238722881298,20.361160521847637,16.42530144744069,0,14.194926718760122,0,1.0,0.0,10.0,5.452562704471101,0.0011564555686249811,0.008556572690088539,0.0,0.0011564555686249811,0.0,1.2576447826689154,0.017132958885887686,269.9027553140113,1.2634011507943717
PSLS/data/trainStar.hdf5,run_03084,0,1027.8902098097212,0.11791666786057736,11.830866499391604,27.200306279746883,0,13.080123341196108,0,1.0,0.0,10.0,5.452562704471101,0.002077353817625527,0.04916886228373525,0.0,0.002077353817625527,0.0,1.1994927368773898,0.09854243206491867,266.72715052131184,1.15034836266227
PSLS/data/trainStar.hdf5,run_03086,0,948.3008687827519,0.0443148744918506,13.900093325777817,33.288457389448396,0,13.013164256591155,0,1.0,0.0,10.0,5.452562704471101,0.0025547911389368627,1.6639940883405982e-60,0.0,0.0025547911389368627,0.0,1.6742367459555338,3.3365122686601234e-60,289.9159019185823,2.2703549868233495
PSLS/data/trainStar.hdf5,run_03090,0,755.7141734418146,0.06262485926913833,21.887435436258663,18.40139974736347,0,15.629140423831142,0,1.0,0.0,10.0,5.452562704471101,0.001176684756864943,0.3383225482745273,0.0,0.001176684756864943,0.0,1.0715641857530895,0.6774422324976912,259.31185219054817,0.8545518508634643
PSLS/data/trainStar.hdf5,run_03095,0,671.3467834397387,0.1106673024816476,27.73423480510996,16.121691141118944,0,19.90225175103622,0,1.0,0.0,10.0,5.452562704471101,0.0008097155773775233,0.16986071741456704,0.0,0.0008097155773775233,0.0,1.1211385595996692,0.33999673548211146,262.2603534216397,1.012724808058608
PSLS/data/trainStar.hdf5,run_03098,0,1084.2492704604017,0.08917272579020268,10.632900155288208,31.754207023529915,0,12.80511558457197,0,1.0,0.0,10.0,5.452562704471101,0.00247673417680494,1.0710998815740727e-06,0.0,0.00247673417680494,0.0,1.3435880414666526,2.1475185958498108e-06,274.4001548805317,1.534411084278165
PSLS/data/trainStar.hdf5,run_03100,0,771.7896588785434,0.07670093471519282,20.985151194781395,20.68592817948375,0,16.620242162001464,0,1.0,0.0,10.0,5.452562704471101,0.0012438483284833435,0.46687141767753726,0.0,0.0012438483284833435,0.0,0.9670634594604096,0.9349057162675434,252.74441242871603,0.6377926265141747
PSLS/data/trainStar.hdf5,run_03101,0,925.738366952709,0.0368156237688444,14.585908552458402,30.739320333840315,0,10.624545738128678,0,1.0,0.0,10.0,5.452562704471101,0.002889054825284787,0.18196857408244305,0.0,0.002889054825284787,0.0,1.1163327338688547,0.3649916289918134,261.9788519447486,1.0013091842597148
PSLS/data/trainStar.hdf5,run_03102,0,864.5266484805386,0.10972752253830001,16.724503882672064,28.84894110340919,0,15.536171428859467,0,1.0,0.0,10.0,5.452562704471101,0.0018551657446673753,0.00010198284583174342,0.0,0.0018551657446673753,0.0,1.3146079761367797,0.0002043447851089223,272.90838880962957,1.4284549355472294
PSLS/data/trainStar.hdf5,run_03104,0,1018.802427748131,0.05780346173414075,12.042872006373958,27.458012497572057,0,10.947054016124724,0,1.0,0.0,10.0,5.452562704471101,0.0025051128248689825,0.4890844699124236,0.0,0.0025051128248689825,0.0,0.9203939026720349,0.9806255173848417,249.63832099156448,0.5190931110792214
PSLS/data/trainStar.hdf5,run_03107,0,1039.4957329342126,0.040311274444171055,11.56816810878126,29.269791600350267,0,11.165652148644059,0,1.0,0.0,10.0,5.452562704471101,0.002617980624699534,0.384437777534885,0.0,0.002617980624699534,0.0,1.0471331411474893,0.7708937399446473,257.82100440128164,0.7990105851703359
PSLS/data/trainStar.hdf5,run_03108,0,916.9966163716623,0.08795603718288307,14.865329725729527,41.655487373954344,0,12.483325259887115,0,1.0,0.0,10.0,5.452562704471101,0.0033313291011567436,6.141752342879607e-05,0.0,0.0033313291011567436,0.0,1.33999511969037,0.00012324561857333556,274.2165255867972,1.4422851247701047
PSLS/data/trainStar.hdf5,run_03114,0,1136.9290637286385,0.08826200906897748,9.670374112080964,60.14167818665198,0,10.512745630962058,0,1.0,0.0,10.0,5.452562704471101,0.005704501714481003,2.2525340241711676e-79,0.0,0.005704501714481003,0.0,1.708982589819396,4.5309146587815216e-79,291.40850933048,2.3770413319341923
PSLS/data/trainStar.hdf5,run_03117,0,672.0632861564311,0.034294294768516365,27.67513006848876,18.070314810105828,0,16.07609971726289,0,1.0,0.0,10.0,5.452562704471101,0.001123416934290189,1.2608769899075285e-33,0.0,0.001123416934290189,0.0,1.6012050584270063,2.5245901471384946e-33,286.7012312725121,2.0538435107861726
PSLS/data/trainStar.hdf5,run_03118,0,821.3986311455348,0.036855527331437876,18.526870397446196,24.246602075890976,0,16.840186981723082,0,1.0,0.0,10.0,5.452562704471101,0.0014387699658617858,1.322838051289944e-08,0.0,0.0014387699658617858,0.0,1.3957215117584794,2.6494881064924174e-08,277.0240745854213,1.6104624951477051
PSLS/data/trainStar.hdf5,run_03120,0,753.2711950902539,0.04148886335312335,22.029634522089303,17.87079092741825,0,17.201038152238972,0,1.0,0.0,10.0,5.452562704471101,0.0010383972567568067,4.9325215035641994e-15,0.0,0.0010383972567568067,0.0,1.4647326389233697,9.875297488950582e-15,280.386700167747,1.7840983506158155
PSLS/data/trainStar.hdf5,run_03122,0,920.5673627592624,0.022027353659788477,14.750232495148477,19.43082577066523,0,13.962683480989764,0,1.0,0.0,10.0,5.452562704471101,0.0013906575946324162,0.43710398253797556,0.0,0.0013906575946324162,0.0,1.0022031436311987,0.8754253820320079,255.00973496547724,0.7144962527402676
PSLS/data/trainStar.hdf5,run_03124,0,766.6497849232297,0.10814319280371584,21.267477237873592,18.86906504467405,0,18.420305520887617,0,1.0,0.0,10.0,5.452562704471101,0.0010238377394833353,0.3733176156942154,0.0,0.0010238377394833353,0.0,1.0537780817766118,0.7474004481737778,258.2290574290923,0.8141176441309959
PSLS/data/trainStar.hdf5,run_03126,0,709.5939649065017,0.025386215822494833,24.825053132241624,19.684466823085717,0,15.921021190960907,0,1.0,0.0,10.0,5.452562704471101,0.001235618170386199,9.570421578729068e-05,0.0,0.001235618170386199,0.0,1.293403107767509,0.00019164523190539154,271.80115302827676,1.4302473427416496
PSLS/data/trainStar.hdf5,run_03132,0,795.2021282292505,0.027376678379910084,19.767645567274425,17.864677939144347,0,17.135541830201795,0,1.0,0.0,10.0,5.452562704471101,0.0010420078297880275,1.0070739137007831e-26,0.0,0.0010420078297880275,0.0,1.5325749583102926,2.0162487744113034e-26,283.5784673692735,1.973991762376987
PSLS/data/trainStar.hdf5,run_03134,0,769.5676107309013,0.11965904216025239,21.10651112574064,18.146171963814606,0,16.189837654851747,0,1.0,0.0,10.0,5.452562704471101,0.0011202092755174808,0.0070824500114881755,0.0,0.0011202092755174808,0.0,1.230016968673255,0.01418078547039441,268.4080861656035,1.2730086288972466
PSLS/data/trainStar.hdf5,run_03136,0,1031.3794227061653,0.11387987267406072,11.750952969773307,43.50260483348732,0,12.802791557211002,0,1.0,0.0,10.0,5.452562704471101,0.003392133624171345,9.618633806585583e-122,0.0,0.003392133624171345,0.0,1.7887025010607578,1.9302745103876835e-121,294.74900539676804,2.5546365218920313
PSLS/data/trainStar.hdf5,run_03137,0,997.066453158632,0.08315966209473503,12.573662651580092,35.905364381172404,0,13.08682013089403,0,1.0,0.0,10.0,5.452562704471101,0.002739867558259168,0.3821470667576068,0.0,0.002739867558259168,0.0,1.038200557646636,0.766393951439609,257.2694003059955,0.8019789648739284
PSLS/data/trainStar.hdf5,run_03139,0,963.8389783950993,0.03721283427528942,13.455537221728731,22.80885304355037,0,15.421299674285356,0,1.0,0.0,10.0,5.452562704471101,0.0014779554340970114,0.20214356948304102,0.0,0.0014779554340970114,0.0,1.1404898424319836,0.40488554175270275,263.38478000346873,0.9833470448973082
PSLS/data/trainStar.hdf5,run_03147,0,1055.0211747861447,0.0640417200762543,11.230204391565861,44.1941883314355,0,11.718659842138782,0,1.0,0.0,10.0,5.452562704471101,0.003764164124231084,4.1380964707206413e-32,0.0,0.003764164124231084,0.0,1.5761236767366595,8.307463597879777e-32,285.57184867970835,2.0375925985127257
PSLS/data/trainStar.hdf5,run_03151,0,876.4794963020022,0.049199385782131594,16.27145880525571,29.133796155318933,0,12.00260632495638,0,1.0,0.0,10.0,5.452562704471101,0.002424345669976624,6.445447483447792e-05,0.0,0.002424345669976624,0.0,1.335639420601696,0.00012922222902034605,273.99341593894985,1.4410177439176075
PSLS/data/trainStar.hdf5,run_03153,0,938.6289082222036,0.05886628061109686,14.188032078973045,33.48095921492729,0,14.109507289670534,0,1.0,0.0,10.0,5.452562704471101,0.0023701229137376156,9.42661307993725e-94,0.0,0.0023701229137376156,0.0,1.7414170640156756,1.8898016782474842e-93,292.7814239538784,2.444749220042951
PSLS/data/trainStar.hdf5,run_03157,0,763.5926497525975,0.06292957859140605,21.43811194861446,19.11111616156269,0,13.585605812478438,0,1.0,0.0,10.0,5.452562704471101,0.0014057290304514414,0.2564571158881624,0.0,0.0014057290304514414,0.0,1.096992526190299,0.5136362651853885,260.83672393586687,0.9345555231629522
PSLS/data/trainStar.hdf5,run_03159,0,1005.596955744522,0.06032732443088053,12.361242122582375,42.045906241796345,0,11.98897693401725,0,1.0,0.0,10.0,5.452562704471101,0.0035009045476707135,1.0003968724119538e-54,0.0,0.0035009045476707135,0.0,1.6473998382123973,2.0078229412899872e-54,288.7470623275894,2.232002390401253
PSLS/data/trainStar.hdf5,run_03164,0,797.4254477213213,0.06013791566806691,19.657570015671904,20.560703072355217,0,15.213648031035643,0,1.0,0.0,10.0,5.452562704471101,0.0013505515415175307,1.0882040608707719e-16,0.0,0.0013505515415175307,0.0,1.502789932116653,2.179351448199418e-16,282.1904999247425,1.8176446069357515
PSLS/data/trainStar.hdf5,run_03168,0,1514.6766810140314,0.04622811197872489,5.448414427869945,84.53897774904605,0,7.990369261321908,0,1.0,0.0,10.0,5.452562704471101,0.010524336514803112,8.631963556255682e-80,0.0,0.010524336514803112,0.0,1.6968394533606403,1.744755101070724e-79,290.8894751674002,2.379132549101172
PSLS/data/trainStar.hdf5,run_03171,0,864.5394562473815,0.07831751174062532,16.724008354195995,21.708161344507864,0,14.177991982092596,0,1.0,0.0,10.0,5.452562704471101,0.0015299452126565916,2.0335531529417295e-12,0.0,0.0015299452126565916,0.0,1.4554374494504825,4.0733382903002345e-12,279.94080432480536,1.7236809564747402
PSLS/data/trainStar.hdf5,run_03172,0,834.3421276299431,0.11775640954141091,17.95649909255499,30.056288464825794,0,13.591271077286624,0,1.0,0.0,10.0,5.452562704471101,0.0022089971519744234,0.49740147338957713,0.0,0.0022089971519744234,0.0,0.8663273992732854,0.9970053287107797,245.8885648857642,0.3797519763362517
PSLS/data/trainStar.hdf5,run_03175,0,784.4915289581375,0.11476796258626401,20.31110242581406,21.054864779597985,0,14.827048733178296,0,1.0,0.0,10.0,5.452562704471101,0.001419022959619043,3.110081024089057e-37,0.0,0.001419022959619043,0.0,1.5885857274551263,6.229001143816683e-37,286.1346705104687,2.0900910367694427
PSLS/data/trainStar.hdf5,run_03178,0,1257.6804840454345,0.026794370529819037,7.902588521575484,50.438727660014045,0,10.6496640995267,0,1.0,0.0,10.0,5.452562704471101,0.004724982129484245,0.4934166375021075,0.0,0.004724982129484245,0.0,0.8945942353664704,0.9915181806890294,247.87021504336087,0.451914448884987
PSLS/data/trainStar.hdf5,run_03183,0,1036.0975510206829,0.0268890994773399,11.644174861383934,38.30973406068382,0,12.408723401787597,0,1.0,0.0,10.0,5.452562704471101,0.003082561870149103,2.462168013444205e-19,0.0,0.003082561870149103,0.0,1.4799595271186619,4.93956253401097e-19,281.1125789443435,1.8655322283241198
PSLS/data/trainStar.hdf5,run_03185,0,824.6990148005791,0.07038890821738147,18.37888081887623,20.841385607824694,0,14.570147288215518,0,1.0,0.0,10.0,5.452562704471101,0.0014293943887425664,0.000335261194913114,0.0,0.0014293943887425664,0.0,1.2937328664026493,0.000671482202718935,271.81847558780476,1.3929862822661083
PSLS/data/trainStar.hdf5,run_03190,0,893.7588394733699,0.09401958356756446,15.648377440911423,26.48057741125149,0,16.655289806876954,0,1.0,0.0,10.0,5.452562704471101,0.0015886566893182907,6.324107953645857e-235,0.0,0.0015886566893182907,0.0,1.9379434563210787,1.2668341552842206e-234,300.7136174740669,2.8523762395339687
PSLS/data/trainStar.hdf5,run_03191,0,1110.9485013950919,0.08786165345986711,10.127964212771802,38.82364095623125,0,12.157745761428565,0,1.0,0.0,10.0,5.452562704471101,0.003188232373299571,0.3911843652917493,0.0,0.003188232373299571,0.0,1.044098501324477,0.7848710819759209,257.6340067844842,0.7895380325417879
PSLS/data/trainStar.hdf5,run_03200,0,991.5182825796237,0.11979717409087473,12.714771503218838,34.73819662496328,0,13.43235096212623,0,1.0,0.0,10.0,5.452562704471101,0.0025828178677689273,0.2384993348945015,0.0,0.0025828178677689273,0.0,1.110643291496921,0.478233860749519,261.64441519672084,0.9505513640666235
PSLS/data/trainStar.hdf5,run_03201,0,634.3428133818062,0.0211364408621349,31.064328131065622,12.136312834572887,0,19.76721517377494,0,1.0,0.0,10.0,5.452562704471101,0.0006137732540820728,0.23387801506249664,0.0,0.0006137732540820728,0.0,1.1051269576600844,0.46804330258587273,261.31892500232243,0.9551219776412654
PSLS/data/realPlanet.hdf5,run_03204,0,1317.9679692794941,0.033725806615298885,7.19615156150769,62.388898969383376,0,8.614006441569627,1,1.3503004816445934,-0.07590564373391318,548.605821506001,1.212955414502417,0.007216561883607087,0.9775741935319452,0.0,0.007216561883607087,0.9696216363933852,0.6514724133125341,0.9997387618555941,228.9769821866854,-0.25284180804765466
PSLS/data/realPlanet.hdf5,run_03205,0,973.4262134723623,0.10498649578025526,13.191796361039128,27.325951043586123,0,13.580347140604289,1,0.932258013964492,0.3157057488433761,302.7563234233723,2.85476457770137,0.0020101457626996444,4.0021369094885154e-78,0.0,0.0020101457626996444,8.0203959839794e-78,2.0716274390844074,0.0,305.770605596509,3.2229218687142445
PSLS/data/realPlanet.hdf5,run_03210,0,762.1580790876455,0.030249749172805932,21.518891595636184,17.70565113785245,0,16.35635426058159,1,0.771851416838196,0.3415966728459874,236.02803309619682,1.2885179874118486,0.0010819080575414919,0.45015212234179103,0.0,0.0010819080575414919,0.9012793460701911,2.3817407130022907,0.0,316.6222566041059,4.190749629357754
PSLS/data/realPlanet.hdf5,run_03211,0,1206.9282688989852,0.11842870349125881,8.58118162117485,43.38761728698389,0,8.85906755972973,1,0.5415309627305589,0.01396927300244366,144.41845180572616,1.8024293997314729,0.004885564308640178,0.0009907815112132235,0.0,0.004885564308640178,0.0019912916056229733,3.6880214003123566,0.0,353.1963264068137,7.669736219249377
PSLS/data/realPlanet.hdf5,run_03212,0,970.5331691063043,0.11833869974493472,13.270559942154648,30.281319868572865,0,11.435235498294114,1,1.0375627432763939,0.005947156579993562,374.06611848030076,2.9704109669244794,0.0026445683336897563,0.2576427671295335,0.0,0.0026445683336897563,6.338063822959477e-99,1.101082813529084,0.5166518553953877,261.0795260933851,0.9331819123672447
PSLS/data/realPlanet.hdf5,run_03213,0,890.647390391693,0.0789736813365998,15.75790266296411,26.161942252666314,0,12.639742266865255,1,0.9149312501111532,0.47512251971920116,318.11409957082134,1.6809650563364957,0.002067675524278001,0.01989678838685426,0.0,0.002067675524278001,0.03973782116124927,1.2760440589584672,0.0001382062984430903,270.8845509943926,1.4392092235034464
PSLS/data/realPlanet.hdf5,run_03219,0,1364.0278653635078,0.10970938372126716,6.718363966838369,84.0822863487021,0,7.549164755180982,1,1.723618016425069,0.15571470616616945,763.5521339666582,1.6680703862623918,0.011076161425413567,0.5102070825624734,0.0,0.011076161425413567,0.05038826814803653,0.5793890959360722,0.9814547568878954,222.3619116953388,-0.515286195608218
PSLS/data/realPlanet.hdf5,run_03220,0,942.7856843405292,0.059942140021835316,14.063196797338557,25.3381578294094,0,15.783383803013294,1,1.2037230176602962,0.3473533078753649,488.5907948504581,1.197578608925131,0.0016040812588663522,0.9871048765782238,0.0,0.0016040812588663522,0.9774006103128191,0.6716089252421392,0.9999810236643178,230.72621118471702,-0.16331876198330258
PSLS/data/realPlanet.hdf5,run_03221,0,978.3400675648742,0.028411869922597314,13.05961375021657,17.74776092448419,0,11.782220753938997,1,1.575734999610442,0.30968449378092133,732.1485076020653,2.1728825818875155,0.0015051832015187117,0.20762283879840948,0.0,0.0015051832015187117,4.698605805426053e-13,0.36029624199283966,0.41587164060377463,197.4616459622428,-0.9784331866831198
PSLS/data/realPlanet.hdf5,run_03224,0,841.2811357462358,0.10034439004828138,17.661505119483436,21.033914037969893,0,13.281393740917153,1,1.5018550774563282,0.4460541079741711,681.5863749611548,2.885203240261766,0.0015824594464338704,0.2963568928371359,0.0,0.0015824594464338704,5.21612550592899e-83,0.39300425084713453,0.5936532178167118,201.79812732215947,-0.897160528667483
PSLS/data/realPlanet.hdf5,run_03225,0,1132.0909853924406,0.07877255811830802,9.753204909167211,46.86206627562772,0,10.89327570139009,1,1.3662906447496537,-0.20773269358131807,561.5810072816854,2.6816154463247477,0.004292685999462642,0.4978500276836159,0.0,0.004292685999462642,8.065769241408376e-53,0.6999033903836073,0.9999927100733284,233.11882425070476,-0.13924751615637102
PSLS/data/realPlanet.hdf5,run_03226,0,928.2916081170728,0.10650654866101508,14.505782596014624,25.967381471915896,0,13.713425322616178,1,0.7663089179993824,-0.24446493617889498,233.63887155947793,2.160695029476086,0.00189178201632334,7.491914754603677e-13,0.0,0.00189178201632334,1.5012229374763452e-12,2.449815482330059,0.0,318.86082355742815,4.259070132739307
PSLS/data/realPlanet.hdf5,run_03227,0,995.1943047322306,0.034526002609531814,12.62101401604186,28.89454087148338,0,13.337227893845425,1,1.3457721279323518,0.28264021770224246,522.619423821109,0.9807882674194927,0.0021641126844925695,0.9913154145528986,0.0,0.0021641126844925695,0.9999979565832614,0.979676634925069,0.9869328146076786,253.56453312262065,0.4858540805330124
PSLS/data/realPlanet.hdf5,run_03230,0,944.9573504054417,0.08560070264770524,13.9986320344224,29.74025211241119,0,12.95387980801602,1,0.9356705802485846,0.1938683746196881,310.49881342994377,1.5028103949900453,0.002293223264792865,0.19124510932274452,0.0,0.002293223264792865,0.38336937020425044,1.8309400682758077,9.981832940995643e-162,296.4738218739975,2.6802416343640605
PSLS/data/realPlanet.hdf5,run_03232,0,828.6239089861269,0.10543436819041477,18.205184833304205,24.8662420687595,0,12.278595006548269,1,1.0276801353873137,0.12574916491431554,375.0482806780764,1.0781349112339162,0.002023120712161486,0.7236123206194301,0.0,0.002023120712161486,0.9994410790931039,1.0968577308422258,0.45071740781654007,260.8287108463549,0.9628721868536242
PSLS/data/realPlanet.hdf5,run_03233,0,940.1495763865312,0.05650967457227142,14.142171631877199,26.867247473012508,0,13.53042014785445,1,1.1801386188983085,-0.11181882470840876,481.5968814828717,1.7458001908061638,0.001983721849541764,0.503766216912589,0.0,0.001983721849541764,0.00965117417561555,0.6444724725935469,0.9998838964269957,228.35941024007812,-0.2208742729596848
PSLS/data/realPlanet.hdf5,run_03234,0,1144.3881405619704,0.0646757113476372,9.54472271115138,39.18515383052273,0,9.724317736548286,1,1.5906008498254225,-0.38960950128143845,690.0089003402852,0.8206082887873641,0.004021496468412544,0.9872873246108473,0.0,0.004021496468412544,0.9845854157547926,0.6314221133063557,0.9979620410629549,227.19447539184813,-0.3561282211498063
PSLS/data/realPlanet.hdf5,run_03236,0,778.7711796528365,0.08329819437537206,20.610582734028654,12.42943359633324,0,14.942619867157036,1,0.6875595622531185,0.04776136304768919,201.39317209810287,0.9855146334771053,0.0008314650088711018,0.4995839375685906,0.0,0.0008314650088711018,0.9999993395969503,2.6703293213195263,0.0,325.8059609111564,4.923700654491684
PSLS/data/realPlanet.hdf5,run_03237,0,956.0567656298081,0.07408436015750981,13.675482391939719,31.4729960231541,0,13.362903675090541,1,0.922445106282658,0.4042185906031903,322.22835120820207,2.7048123724342785,0.0023524798547622794,0.13802483663163245,0.0,0.0023524798547622794,9.380556112600718e-56,1.1379033963696654,0.27670060586436135,263.2353243453579,1.0426542948015696
PSLS/data/realPlanet.hdf5,run_03239,0,933.0367825638494,0.1014677417811923,14.358612755629984,28.256394810054022,0,16.006977430870485,1,0.668715482222058,0.1708493467661194,203.70818244125016,2.1813223973781746,0.001763697720656654,1.0267963268471081e-13,0.0,0.001763697720656654,2.0572209696292384e-13,1.9854456326684353,0.0,302.53966352141595,3.333322947028014
PSLS/data/realPlanet.hdf5,run_03241,0,987.268807842496,0.06779355840546906,12.824462769004697,31.31915908076239,0,10.493463592214843,1,0.8181586887727358,-0.4606878149146958,265.36333086013366,2.468215652794166,0.002980185440230154,2.6674858709268915e-31,0.0,0.002980185440230154,5.3509184711734324e-31,1.7444683197169617,2.3955027403074165e-127,292.9095903504856,2.575055998502866
PSLS/data/realPlanet.hdf5,run_03243,0,798.166501524505,0.09020354568853987,19.62108501030934,15.283689223779762,0,14.062481900527905,1,1.5634156236608128,0.15305235328146005,718.2441325150296,2.2205838158668487,0.0010862511230876892,0.3875477473801382,0.0,0.0010862511230876892,3.4732997204594345e-15,0.43590842832274634,0.7759383586738292,207.09358024336896,-0.7956370496172331
PSLS/data/realPlanet.hdf5,run_03246,0,952.3335243906055,0.032188630000284484,13.782622698221582,24.317962686412788,0,11.687230180689237,1,0.9640351347534528,0.3843190062727485,316.9156120334468,1.587785891997953,0.00207856611872248,0.0832671319480869,0.0,0.00207856611872248,0.16688113737417362,2.0852367816225463,0.0,306.27155528319344,3.220135707444804
PSLS/data/realPlanet.hdf5,run_03250,0,981.1884545410688,0.08197809871736514,12.983899773966447,27.70729017264,0,16.10846418075985,1,1.0664260328461472,0.007167450104861528,404.7552341585761,1.2909145431354705,0.0017185669980380736,0.9453098912447973,0.0,0.0017185669980380736,0.8981332992949185,0.8861813889228667,0.9957412334651021,247.2854000401832,0.4027495305707617
PSLS/data/realPlanet.hdf5,run_03251,0,608.2280747999612,0.10865928820946227,33.78913607655548,12.936709163370525,0,20.81037395048207,1,1.197806832918938,0.35672088003311364,451.7444939660703,1.2613358016064689,0.0006214539437493505,0.9318425677674566,0.0,0.0006214539437493505,0.9324255439745229,1.0080511840300774,0.9324185062498797,255.38093092387172,0.6419318997535732
PSLS/data/realPlanet.hdf5,run_03254,0,997.3063985014932,0.02417309891604298,12.567613098772002,34.42728099028232,0,14.216280975647344,1,0.9840961506261262,-0.40474642142291106,337.3757415538389,1.4645064156108467,0.002418749935564013,0.24810711220888793,0.0,0.002418749935564013,0.49741735260734327,1.508684556230052,1.6054928715465935e-18,282.46681362209256,1.8567344930692378
PSLS/data/realPlanet.hdf5,run_03255,0,942.0406709262706,0.056525282973595825,14.08544936787507,31.32825471003453,0,12.763230197598645,1,1.036445660780919,-0.3537526593212905,357.4710263451484,2.276070275931872,0.0024515610039098634,2.6591361550125e-18,0.0,0.0024515610039098634,5.3303373503916706e-18,1.5184797108030053,1.0050708116414735e-21,282.9241814606603,1.9086732727511917
PSLS/data/realPlanet.hdf5,run_03256,0,908.9601708699515,0.07564572276432266,15.12935125292372,27.316023949692017,0,13.376807821561252,1,1.506986765866015,-0.14632323350109666,642.6790456397375,2.0070879746302497,0.0020399599839745486,0.49761159232346225,0.0,0.0020399599839745486,1.990277795977098e-07,0.6172776751440308,0.997257351115153,225.91130394225473,-0.37422064429173196
PSLS/data/realPlanet.hdf5,run_03257,0,869.8034438357057,0.029315564238174645,16.522195904774616,29.829724854253787,0,17.621281204743852,1,0.7863288069919567,-0.1684399379884357,234.3057113408393,1.4103066475970532,0.00169139181846234,0.326288393752365,0.0,0.00169139181846234,0.6536824206028102,2.816033888236958,0.0,330.1621537572439,5.115935727334721
PSLS/data/realPlanet.hdf5,run_03258,0,1036.8231816928617,0.035161862268462775,11.627881989283457,32.72527129519941,0,12.000689541793175,1,1.0856939030018669,-0.2970855041907121,418.3325304774093,1.8765654918763015,0.0027232344971268585,0.4987085585241396,0.0,0.0027232344971268585,0.00014254980378277984,0.7799759660757932,0.9999981849954835,239.51798250811999,0.1104450740464555
PSLS/data/realPlanet.hdf5,run_03262,0,963.5841236955332,0.03428687019143052,13.462655770697621,23.2227613498047,0,14.056992617179032,1,0.947505342547709,-0.22036897486736606,331.7286505516995,2.2312224353533767,0.00165067949001807,0.0001448545991779548,0.0,0.00165067949001807,1.0715318515220808e-15,1.291259525098689,0.00029018820607485275,271.68846760783964,1.4184531998285597
PSLS/data/realPlanet.hdf5,run_03265,0,1041.0487006787373,0.1084680914043772,11.533680591665458,29.29464135861513,0,12.589669340885301,1,1.1797768036930107,0.4187387585045548,452.5466569362061,1.1574819907717127,0.002324174244657806,0.9464342262651798,0.0,0.002324174244657806,0.9908163996228675,1.018912234048069,0.9064616577032839,256.0660568994009,0.6792402399013517
PSLS/data/realPlanet.hdf5,run_03267,0,995.7158900466817,0.11599519320075963,12.607794961365213,34.6281862677391,0,13.890629562494738,1,1.4424946001452232,-0.15192009535787543,609.2348621231728,1.4140287879612101,0.0024898122406902257,0.819115088492713,0.0,0.0024898122406902257,0.6435397971039337,0.6389706443081061,0.9987794464371822,227.87046904039585,-0.32694171487001505
PSLS/data/realPlanet.hdf5,run_03268,0,1362.5967735435456,0.027858375651996496,6.732483543303637,49.461436965332474,0,8.818013471681668,1,0.8900845965034409,-0.05032498484545189,284.87707664989597,1.1012041555433925,0.00559343418552305,0.49642151654836525,0.0,0.00559343418552305,0.9984276725722684,2.099739398198936,0.0,306.80269415696506,3.3508296192267477
PSLS/data/realPlanet.hdf5,run_03275,0,940.3499578779976,0.10068729052564342,14.13614509359413,22.80188014208921,0,13.192665718012275,1,1.31668690906438,-0.10988946734902294,540.2781294767448,2.196531485728258,0.001726882714328748,0.4991365577854043,0.0,0.001726882714328748,4.4382080349673944e-14,0.7390850072220044,0.9999999982821264,236.31507000735994,-0.03460709962719599
PSLS/data/realPlanet.hdf5,run_03276,0,899.6595968161904,0.04346285717697506,15.44377902623894,21.75255872265194,0,11.768874225845558,1,0.8905411714642101,-0.48596199203831947,291.3540067556276,1.1505815068231389,0.0018466055394006364,0.4952425260251984,0.0,0.0018466055394006364,0.9923174709891694,1.8017716939826312,1.655418588349339e-150,295.2859339445134,2.648167473394705
PSLS/data/realPlanet.hdf5,run_03277,0,924.2459617350264,0.09979430582307774,14.633051113404392,29.578423740386622,0,15.179795779051327,1,1.217187252110048,-0.3545382072250901,471.0205988299856,2.533227935595774,0.0019466418074958192,0.49809244517032036,0.0,0.0019466418074958192,1.0000069103193614e-36,0.9076058156265695,0.9981278878162915,248.76663821489603,0.3511207147151999
PSLS/data/realPlanet.hdf5,run_03283,0,768.5969292210652,0.057827183974809016,21.159856739125882,15.963336644309704,0,16.404743728845308,1,0.8482430501732534,0.40619361982018964,291.4233441760833,2.1493332723618854,0.0009726194156653989,4.162637771610144e-06,0.0,0.0009726194156653989,4.291837832966662e-12,1.2930404474740407,8.333376459299142e-06,271.78209828588183,1.5066123895403398
PSLS/data/realPlanet.hdf5,run_03284,0,779.8112573776798,0.10277410143801269,20.555640433066035,25.089055941670466,0,15.945772779761109,1,1.233028902872122,0.19183955904581296,500.05614809778916,2.582141863584881,0.0015721614181557486,0.49874029378907897,0.0,0.0015721614181557486,1.5187263674939682e-41,0.6224040916774194,0.9990512574198334,226.3788917518366,-0.3134914845386148
PSLS/data/realPlanet.hdf5,run_03285,0,1176.8955300439293,0.08000432385082822,9.024729348401234,43.74752825057565,0,11.313609294160708,1,1.0039624356389631,-0.40820303208035436,342.88353958501176,2.4772298048277546,0.003859339176001564,1.6431319645915748e-27,0.0,0.003859339176001564,9.509139964100118e-32,1.572842083230528,3.298900781798409e-27,285.42308762181284,1.9839317863964905
PSLS/data/realPlanet.hdf5,run_03286,0,969.4900276760354,0.07019434293404478,13.299132733709456,32.170375769056044,0,11.83883684123431,1,1.1567837981399893,0.41091664925773297,434.8070848831125,1.6850561752668063,0.002713670821393177,0.49871195765689963,0.0,0.002713670821393177,0.03674823833433972,0.9981247712357024,0.9633897221802757,254.74990352444274,0.5780243597417579
PSLS/data/realPlanet.hdf5,run_03291,0,938.9369151425101,0.11437679823937053,14.17872518043591,25.383389164520956,0,11.052954343347613,1,1.5628036343248546,0.44655768338899693,685.9687128512448,2.718356435484162,0.002293890292013323,0.4939711984154338,0.0,0.002293890292013323,1.5943476802167286e-57,0.5815566141881506,0.9902138387425764,222.5695868230565,-0.4628685646218054
PSLS/data/realPlanet.hdf5,run_03293,0,924.1992888405832,0.02234627698510056,14.63452911518055,30.00541267506205,0,14.93834846540857,1,1.0661693484359587,0.1991139894582813,388.45560487657184,2.364915819559042,0.0020066005440781964,0.43711058587222357,0.0,0.0020066005440781964,2.4551570210312393e-23,1.021928738609288,0.8759789115048738,256.2553686822474,0.7139293680951988
PSLS/data/realPlanet.hdf5,run_03295,0,866.2785765090575,0.1187278299300861,16.656926315382904,25.650373668081844,0,12.832735721971599,1,1.1808566525964717,0.038443338660673954,432.584111975244,2.3612763150564264,0.0019968271777809354,0.01789538800734898,0.0,0.0019968271777809354,4.2684575848057717e-23,1.274472042650747,0.035862387003727104,270.801083696152,1.2218896715508045
PSLS/data/realPlanet.hdf5,run_03298,0,970.3408947299794,0.05282956172244273,13.2758196224394,19.02825753827106,0,11.661231727711359,1,0.9397821549725094,0.07503032743583138,313.13761969004486,1.4265570703869952,0.0016304230726661428,0.3038044407462216,0.0,0.0016304230726661428,0.6086011588639062,1.7700538769271452,8.115577515182272e-131,293.97773611281775,2.5866856020912676
PSLS/data/realPlanet.hdf5,run_03301,0,982.8712096862961,0.04468311623386914,12.939478855861138,33.06883705254735,0,14.096832070403043,1,1.1694840409278684,0.12488456725618746,447.0032949383611,1.2233655164322639,0.0023430853249370998,0.9692634989478943,0.0,0.0023430853249370998,0.9633500773542829,0.9648573236855217,0.9797297223052697,252.60014419977742,0.5230579748367848
PSLS/data/realPlanet.hdf5,run_03304,0,895.5929933099453,0.05208147655439663,15.584348039842759,26.839284896502107,0,13.317087940223301,1,0.741999676804799,-0.11111763226896265,236.3708436441653,1.835747615105378,0.0020133723831933237,0.0003310791430172572,0.0,0.0020133723831933237,0.0006634941468261445,1.6873976668608093,1.0868602705666015e-106,290.4839762940629,2.4997441082728793
PSLS/data/realPlanet.hdf5,run_03306,0,1008.3496009127546,0.04158693803187161,12.293845516792933,30.609648549711128,0,12.59928093229274,1,1.4872114340389901,0.07990453289375277,617.1922073174551,1.5421214403992243,0.0024265270459875588,0.6353186974394701,0.0,0.0024265270459875588,0.2737281412172989,0.7625776005451611,0.9999999894198676,238.17097296800443,-0.0468541989494682
PSLS/data/realPlanet.hdf5,run_03309,0,1168.4848622839984,0.07088663010605026,9.155115591862042,47.98747708903256,0,10.604769938167108,1,1.1563228474469025,-0.280166902347617,419.46696481710467,1.371515888003292,0.00451486145044433,0.37689591768014563,0.0,0.00451486145044433,0.7514432437895758,1.2960965375506601,0.00576729222965904,271.9425448187692,1.314354562151981
PSLS/data/realPlanet.hdf5,run_03313,0,899.0105606049001,0.07376764274071346,15.466086194809705,24.238901174114623,0,11.467464066651061,1,1.2397003299580138,0.26875147545916167,488.3843973258505,1.6932297630254194,0.002111478358318153,0.514554695570355,0.0,0.002111478358318153,0.03129875703785032,0.8083158239314119,0.9999881741392567,241.6646289670252,0.15094053607978342
PSLS/data/realPlanet.hdf5,run_03316,0,926.3377876812062,0.09681850019978866,14.56703796922921,20.607156013996327,0,13.289169117993685,1,1.147718423652461,-0.15726685021310227,446.272722953039,1.2147365123630909,0.0015494713481448708,0.9827792650379876,0.0,0.0015494713481448708,0.968608833073786,0.721336907894196,0.9999999999847183,234.88341805036512,-0.015752949277251523
PSLS/data/realPlanet.hdf5,run_03317,0,765.1839594934851,0.06584201607751215,21.349037412309425,15.687560643130896,0,15.833612172880581,1,1.0501473298448711,-0.11001047408641063,362.7659443033323,1.4863716794807709,0.0009902851989627148,0.21577284157199877,0.0,0.0009902851989627148,0.4319734600678474,1.7572786657883606,5.443476369178798e-84,293.44585465061243,2.401295465163855
PSLS/data/realPlanet.hdf5,run_03318,0,901.0959164414793,0.046341327943967205,15.394584431924445,25.416979847265285,0,13.072652511449835,1,1.088647649157125,-0.4926973075366774,410.0850671411402,1.3720063125567834,0.0019423974505173858,0.8721476376793209,0.0,0.0019423974505173858,0.750308014976315,0.8760083970999061,0.9973819689514027,246.5726410941768,0.3713276752950771
PSLS/data/realPlanet.hdf5,run_03322,0,1086.7147843357368,0.06088965652263721,10.584707520738826,40.210340469987564,0,11.120393342656492,1,1.7421440144260227,-0.22286159254295979,810.4837200170986,1.4298832435614275,0.0036093803783304734,0.6270528977949115,0.0,0.0036093803783304734,0.599137954385983,0.41160055224514036,0.6595107832607123,204.14408782039618,-0.8640925300041605
PSLS/data/realPlanet.hdf5,run_03323,0,663.8042805009203,0.05988997317286203,28.36807822347282,14.220425702531339,0,23.442504663559355,1,1.0251421610896583,-0.4812984202223306,370.2728771637549,1.568556763232852,0.0006064246829446951,0.16353836526063173,0.0,0.0006064246829446951,0.20858173222375542,1.171426639461791,0.11869346605586037,265.15302964983266,1.1344126890154262
PSLS/data/realPlanet.hdf5,run_03325,0,900.6512526960755,0.11163021095655379,15.40978921488283,24.148764756712517,0,16.276007420798123,1,1.0672419353936806,-0.12664629038657937,388.9857885956817,1.7276356776603428,0.0014826030849898197,0.4384676037903031,0.0,0.0014826030849898197,0.014923502204897321,1.0306321754399042,0.8633137826836377,256.79924578316053,0.7264542329763441
PSLS/data/realPlanet.hdf5,run_03330,0,993.4552695365937,0.09194457976306719,12.665238649977967,39.49214413688046,0,13.625998325058305,1,1.6642141105966948,0.43374847068921973,723.517204791014,1.4434868852621314,0.002894097630934178,0.775614621716551,0.0,0.002894097630934178,0.5597589810332625,0.6255550014474721,0.9959727017774312,226.66485922322087,-0.39900802428652227
PSLS/data/realPlanet.hdf5,run_03335,0,956.1444208605297,0.049141304816657655,13.672975087413251,37.39023995909494,0,12.004459618299546,1,1.1244817846033233,0.493358096559411,406.8394142012537,0.8797727550491327,0.0031098501676238843,0.6173408428397021,0.0,0.0031098501676238843,0.9968708781717427,1.1963104038484154,0.2416624606189075,266.5500630764706,1.0602108964982357
PSLS/data/realPlanet.hdf5,run_03340,0,1165.2445800328048,0.11550498647635993,9.206103007079632,38.66135321582975,0,9.885350216414562,1,0.25757134569163476,-0.08944611143976222,47.69433684289804,1.304524175599557,0.003903336659727752,0.4377729925369324,0.0,0.003903336659727752,0.8789769279397469,15.162776223227382,0.0,502.935742587923,38.29129792692699
PSLS/data/realPlanet.hdf5,run_03342,0,1222.6533333727941,0.0950161595909025,8.361868635908824,59.29376940859673,0,10.061150191257695,1,1.571218441595581,0.29569268575137353,705.1539572424249,1.1026030555842574,0.0058760074009858165,0.8706336758992154,0.0,0.0058760074009858165,0.9983389928413131,0.439738488577169,0.7532205357101532,207.54699012598908,-0.8104618882662581
PSLS/data/realPlanet.hdf5,run_03343,0,798.9162998968052,0.06843555342386161,19.584272758702525,21.56919368482528,0,16.364000957867887,1,1.2503905375748663,0.3613133418398967,513.1762614960362,1.404174904747918,0.001317219727368979,0.8328825885996687,0.0,0.001317219727368979,0.6701294510314982,0.5959293467815004,0.9978327989480188,223.93218255061257,-0.3598004523470237
PSLS/data/realPlanet.hdf5,run_03345,0,835.9844559971269,0.0999435633762121,17.88601572420831,20.89901925785956,0,15.43909571513313,1,0.73957948315774,0.3149985691733339,226.75749114872517,2.824258189897452,0.0013527269421064192,3.5560251652034895e-73,0.0,0.0013527269421064192,7.121684024259764e-73,2.3522874896268937,0.0,315.6388260368327,4.164109533931138
PSLS/data/realPlanet.hdf5,run_03346,0,914.443156198523,0.11435822272224222,14.948464524244256,24.290789959563792,0,13.74521509735141,1,0.9567952369387633,0.30535079304140955,338.46816953009403,1.8335068051129753,0.0017656572753828037,0.0007653824879248871,0.0,0.0017656572753828037,0.0007174398095215398,1.2790884319631635,0.0008160327533154074,271.04597504986594,1.3867207596228026
PSLS/data/realPlanet.hdf5,run_03347,0,956.6964510571773,0.10329829545309407,13.657200559378355,32.53613342565366,0,15.061406940692423,1,1.2517482979364396,0.23920993737454654,499.5024545095543,0.7867421590181025,0.0021579003905154437,0.9826007451562283,0.0,0.0021579003905154437,0.9694513710270025,0.760936121653395,0.9999999991662953,238.04270123563353,0.03067858828736032
PSLS/data/realPlanet.hdf5,run_03350,0,1053.2015794853194,0.03016985772251535,11.269042311318495,34.150933597209026,0,11.476526405685608,1,0.6892655790385689,-0.1394086005432963,193.6719285424651,1.12227079576512,0.002971297319436128,0.49684582881523026,0.0,0.002971297319436128,0.996653010047623,3.6517130445450303,0.0,352.32379921219933,7.224352233366674
PSLS/data/realPlanet.hdf5,run_03351,0,634.7755810412727,0.06962604597252922,31.02198543774112,13.906237048012395,0,22.055102713305082,1,1.1424648008311709,0.19204925080720203,432.26144510519526,1.6180997507699906,0.0006303236966421766,0.48279685013089374,0.0,0.0006303236966421766,0.11198368215367145,1.0419545971927067,0.8542190385787538,257.5016513531649,0.7349275055298946
PSLS/data/realPlanet.hdf5,run_03354,0,947.2390408455495,0.04240365257048811,13.931274008329058,26.235546104691363,0,14.952918375011263,1,1.2864058347668794,-0.39060309180645225,532.27610926662,1.0976697088028828,0.0017530052126490947,0.9958518864107383,0.0,0.0017530052126490947,0.9986359369035909,0.5826945640871488,0.9965654343219288,222.6783842295793,-0.3885406391642948
PSLS/data/realPlanet.hdf5,run_03355,0,914.6166972449275,0.066375158448687,14.942792364372247,31.010533306361623,0,13.520540447051888,1,1.075338924815629,-0.3239956341944831,407.88275133596136,1.5095690573843497,0.0022909585549194533,0.6800204289782633,0.0,0.0022909585549194533,0.3637259437374738,0.8445833667899594,0.9994378660107522,244.33093152683244,0.2872942870663778
PSLS/data/realPlanet.hdf5,run_03357,0,1319.6998997894566,0.056301182539226474,7.177275972781352,66.02653411807299,0,9.60939567490684,1,1.0531194654875946,-0.14555797569531792,395.5054236342191,1.2944450626633934,0.006847487556291831,0.9334126156716807,0.0,0.006847487556291831,0.8933758743204432,0.9079885976058698,0.9863205549318292,248.79286334701877,0.48960141856344414
PSLS/data/realPlanet.hdf5,run_03358,0,905.6487289902492,0.11045121749043336,15.240192375482856,29.889365186310908,0,14.663264755013397,1,0.9011800790626974,-0.12901894031904437,286.45591340650356,2.927260551510005,0.002036307968944606,6.659120148558147e-91,0.0,0.002036307968944606,1.3345415673400919e-90,2.3862609572558484,0.0,316.77237710822,3.971727746205695
PSLS/data/realPlanet.hdf5,run_03359,0,853.898670747599,0.05998426450010516,17.143414982029334,33.911948320987236,0,17.568462637082707,1,1.0210813432384926,-0.1320646799410624,363.67573564540413,3.0377188701796656,0.0019284123142749854,0.10387411570577855,0.0,0.0019284123142749854,4.7990171861162086e-113,1.1551007732701777,0.20814962972072232,264.22431968500945,1.0780199506885364
PSLS/data/realPlanet.hdf5,run_03360,0,924.5847074646305,0.03312962445685446,14.622330677528865,26.63382693345919,0,11.771895972008553,1,1.3627420905607872,-0.13231030065713945,582.8907222449002,1.549054731195132,0.0022599350426553144,0.6157808427446111,0.0,0.0022599350426553144,0.2558454052304432,0.539283851658139,0.9785058338789876,218.40982642299448,-0.5282486445231076
PSLS/data/realPlanet.hdf5,run_03362,0,1179.4116320432697,0.04131136628610175,8.986264544829199,47.11933074411538,0,10.19432219058843,1,0.9550470203661148,0.49940649196208253,336.28474393834523,2.2173504462661695,0.004611449585543825,0.009699639845107298,0.0,0.004611449585543825,4.935678631502411e-15,1.2163623431695478,0.01948915293644103,267.66005407100295,1.2566395660157468
PSLS/data/realPlanet.hdf5,run_03363,0,932.3756821039664,0.07392055999305679,14.3789819072479,25.593339431667523,0,13.450131882767728,1,1.2817975447704544,-0.3841465327980733,507.1600782067411,1.245133946915121,0.0019010226205197212,0.9717606839233139,0.0,0.0019010226205197212,0.9472774065579053,0.8459436082395388,0.9999456764166554,244.42924879720272,0.19461069383023794
PSLS/data/realPlanet.hdf5,run_03364,0,739.3353312800002,0.03507661644883569,22.867942502344665,15.791129553660591,0,20.15506474361887,1,1.274233667170507,0.4769720907299674,495.58870681924276,1.5381996889850695,0.0007831751144016241,0.6414506830118853,0.0,0.0007831751144016241,0.28407010558553747,0.8590570094388137,0.9998367843636501,245.37104706638576,0.23377579063914178
PSLS/data/realPlanet.hdf5,run_03365,0,825.4772330102587,0.031974943096224555,18.344243793925777,24.522530917575338,0,15.73457157138758,1,1.2556806486705359,-0.3934557958011279,519.7505724358729,1.1255549722716882,0.0015572989319077024,0.9962984529535535,0.0,0.0015572989319077024,0.9962793592121242,0.6226782425443325,0.9994254556716043,226.40381596172853,-0.2883420988755794
PSLS/data/realPlanet.hdf5,run_03366,0,793.0439531952137,0.060438964498692765,19.875382569270265,20.625939458568453,0,14.791214109722501,1,1.7317905870862775,0.149835701792297,862.820419457107,1.8135991334433825,0.001393500549492499,0.027993132052663648,0.0,0.001393500549492499,0.0013982428335096873,0.27904561744355216,0.054666147029899234,185.24078862376786,-1.1946168963192825
PSLS/data/realPlanet.hdf5,run_03368,0,776.4321036590774,0.049347197943508364,20.734952494781236,23.604489293155233,0,15.722683297553598,1,1.2619953113783484,-0.015997516265977674,490.9398767020343,1.1427499753913204,0.001500175191597397,0.9920435208398208,0.0,0.001500175191597397,0.993790686455478,0.9351181349035754,0.9932773053294567,250.63079955236213,0.43467822459530386
PSLS/data/realPlanet.hdf5,run_03370,0,856.7189227773745,0.1135603966941372,17.030731184685454,26.039145527250085,0,12.277450087031749,1,1.0492949901694528,0.18524495746322145,360.10946012664255,3.2689698286249502,0.0021186444861449605,1.7452724562286635e-23,0.0,0.0021186444861449605,2.1903315471581424e-173,1.5420017764582974,3.4979558373048115e-23,284.01353557330265,1.930153934991407
PSLS/data/realPlanet.hdf5,run_03372,0,1025.9383626592198,0.04339360506748259,11.87592575481174,30.142621360153345,0,12.79300453799121,1,0.8906376511069094,-0.1622164177389499,306.3452350540342,1.7581297465638566,0.002353406381080725,0.0036189658388803233,0.0,0.002353406381080725,0.007046331503817387,1.2818675105212953,0.0002086741505450117,271.193080810558,1.4278668192508894
PSLS/data/realPlanet.hdf5,run_03373,0,1348.8369285857189,0.11134790903951368,6.870543882352472,57.443549277569986,0,8.870649501478313,1,1.4900859040564247,0.45746062471170945,659.9101108146058,2.887175216660503,0.006454764882261932,0.38695545896905187,0.0,0.006454764882261932,2.3579112544716362e-83,0.43872619005270885,0.7789387846506989,207.4274411591898,-0.7936067454080578
PSLS/data/realPlanet.hdf5,run_03374,0,978.834485613806,0.03474761094395748,13.046424026879487,32.6072923921269,0,11.431930479405278,1,0.9615829911882288,-0.23284071115607818,331.71392715834054,1.772803550746512,0.0028482358029361388,0.0023669078811532898,0.0,0.0028482358029361388,0.004747337298251105,1.430714848698801,1.1730071269297234e-13,278.74436131072315,1.7605145436160112
PSLS/data/realPlanet.hdf5,run_03375,0,1320.5131325520965,0.11093666872907405,7.168438501135001,63.59490359589533,0,8.514609453069648,1,0.9623927602265134,-0.14729524391265336,356.77330517123715,1.2386426608625607,0.007441093054671222,0.9662467746669692,0.0,0.007441093054671222,0.9525143718772724,0.8903980586734195,0.9944668458736478,247.57903784824282,0.42075521680375894
PSLS/data/realPlanet.hdf5,run_03376,0,884.0381658665525,0.10582295688554451,15.994401115950602,26.88612302942259,0,16.73756692082201,1,1.2335761371860476,-0.3651984030251316,493.0457054269439,2.2821260776980905,0.0016050445484305786,0.4991973215776994,0.0,0.0016050445484305786,2.4918452945525693e-18,0.7104981305759853,0.9999996872017743,233.9960652512949,-0.08239054799684459
PSLS/data/realPlanet.hdf5,run_03378,0,1120.11556496093,0.0470582202886079,9.962867366212338,42.232821138146825,0,12.205920904698269,1,0.926971380136129,0.034380840350902275,329.1789408124687,1.1267927873890984,0.0034540484328685617,0.8267357793242178,0.0,0.0034540484328685617,0.996130740123589,1.053435976710603,0.6630717844045045,258.2080966055569,0.8622193431555591
PSLS/data/realPlanet.hdf5,run_03379,0,776.6971019447507,0.10828041393870586,20.720805951711732,12.707991633621116,0,14.275960938612592,1,1.2259106586958262,0.3756087057054692,466.0650906239353,1.1970502245766494,0.0008897710807518333,0.8524661560968337,0.0,0.0008897710807518333,0.9776386799005523,1.0805955736850652,0.7288119827434656,259.8565186287307,0.8254527815954853
PSLS/data/realPlanet.hdf5,run_03381,0,899.4611833279297,0.06981271818328796,15.450593310389324,28.671991826471878,0,13.86044233341859,1,1.196972218430465,-0.2948347753110626,466.2942480771148,1.2744907803056327,0.0020664821398997946,0.9572035294427633,0.0,0.0020664821398997946,0.9183713390446588,0.7490916158708983,0.999999999950597,237.1109190113778,0.01915544798704711
PSLS/data/realPlanet.hdf5,run_03382,0,927.8027155458551,0.06769409493468989,14.521073859310171,24.20881192542811,0,14.126936463344391,1,1.0090109943050973,0.3119582194996209,372.42590297355036,1.3522474327230354,0.0017121957726757842,0.839473366376311,0.0,0.0017121957726757842,0.793794080194345,1.008862820849574,0.8880322685229254,255.43232067857437,0.7010848169514015
PSLS/data/realPlanet.hdf5,run_03383,0,936.2615909296572,0.061938684384286055,14.259871053768842,25.37126028624731,0,14.406625896357529,1,0.47269273788201327,-0.03515316871626728,110.5948145467478,2.691226862282852,0.001759532949139886,2.5329426223564478e-54,0.0,0.001759532949139886,5.074814548121089e-54,6.721867195252298,0.0,410.38388798570764,15.308319118102832
PSLS/data/realPlanet.hdf5,run_03384,0,994.5611450035516,0.10588724934913327,12.637088767225954,31.189274328788233,0,12.036834623197013,1,0.6342679134997995,-0.17716057211416503,169.09544337189286,2.2297545478962473,0.0025877983788190617,6.2966895425954e-16,0.0,0.0025877983788190617,1.2626052764064529e-15,4.465844657823963,0.0,370.5047010605883,9.295270982283041
PSLS/data/realPlanet.hdf5,run_03385,0,666.5864726347897,0.03718271145086027,28.131767592536324,12.02067588648608,0,16.65375058916096,1,1.1580503114525162,-0.1895351493439703,455.34497481478195,1.0132724555218622,0.0007215394877140291,0.9992765225454819,0.0,0.0007215394877140291,0.9999995345250945,0.6918880221678352,0.9999965867426389,232.4485132609179,-0.1227048219070663
PSLS/data/realPlanet.hdf5,run_03387,0,926.4637254743845,0.049093853242935206,14.563077930910485,27.96549671299172,0,14.453637991225435,1,1.50696700781134,0.2683599145613029,668.535785656377,1.2162183059605136,0.0019329707697263165,0.9379469638452764,0.0,0.0019329707697263165,0.967747631887187,0.4903436574517226,0.9117793665522607,213.27647798206561,-0.6723238096872292
PSLS/data/realPlanet.hdf5,run_03388,0,940.8768483772091,0.03545330565707853,14.12031706027797,25.868579625658146,0,12.743096372192095,1,0.7335543596428362,0.4527264278507287,220.17055953827042,3.189231619857625,0.0020279483043397217,1.1479098661931693e-150,0.0,0.0020279483043397217,2.300484997035235e-150,2.4062517218348223,0.0,317.4337386391883,4.239821048446233
PSLS/data/realPlanet.hdf5,run_03389,0,676.0008932927135,0.09739039795884526,27.35366182051651,14.6020456095312,0,19.333475491279653,1,1.014849356001954,0.47180628129199553,344.1743997039851,2.2706298780783856,0.0007549875210558499,5.225035367105331e-18,0.0,0.0007549875210558499,1.0457966368260729e-17,1.5597911658609476,5.363236544777592e-29,284.82914998150375,2.005664942417742
PSLS/data/realPlanet.hdf5,run_03392,0,851.8840905109229,0.08587620224482272,17.224594153230186,26.29829914843708,0,14.329848034709809,1,0.6301528136190221,0.19134073944277363,183.97643964184044,2.6972974371158043,0.0018335283369479427,4.307947152884793e-55,0.0,0.0018335283369479427,8.63172081047221e-55,2.2547375296291534,0.0,312.31426283026735,4.044463049257551
PSLS/data/realPlanet.hdf5,run_03393,0,1046.8884963209766,0.10479006824812509,11.40536419779446,25.31345158695745,0,12.635951477903367,1,1.4310111311917186,-0.26714072135072975,636.050246414346,2.377794170787234,0.00200128288600554,0.35686982114895627,0.0,0.00200128288600554,3.3465951006999885e-24,0.4186875377048716,0.7151709015838214,205.0172143461183,-0.8334725236490218
PSLS/data/realPlanet.hdf5,run_03394,0,862.7290861713454,0.08166722736318421,16.79427006521638,28.572495058666995,0,11.429986625673695,1,1.2613189846016806,-0.2872315790579201,473.51829471485075,2.4987450004175753,0.0024966619124592304,0.2536760903977945,0.0,0.0024966619124592304,1.3520564365446389e-33,1.1632015764884953,0.5086220380658654,264.68636227661136,0.9368350839966935
PSLS/data/realPlanet.hdf5,run_03395,0,796.9512164875671,0.04677333876541922,19.68097171735064,19.308377718366568,0,15.253400386836248,1,0.6040064803954626,0.14592554846973493,170.36993385199222,2.33874119361328,0.0012650400380869176,5.937225003308851e-22,0.0,0.0012650400380869176,1.1889490688370954e-21,2.8512529634132635,0.0,331.1896507165055,5.605086296871034
PSLS/data/realPlanet.hdf5,run_03396,0,994.1319231757171,0.1116061912496937,12.64800338561418,34.26101773322069,0,12.080389453547738,1,1.18924618070362,0.2491495926765933,486.102113387649,2.4415590530488664,0.0028320676392903366,0.4983470682094747,0.0,0.0028320676392903366,7.373856982759466e-29,0.623219597704925,0.9995248584251616,226.45300867752997,-0.2793536637108675
PSLS/data/realPlanet.hdf5,run_03397,0,707.3948275113379,0.024121474509129853,24.979644487890937,12.83441038854148,0,15.729306432084517,1,0.6056149661742459,0.21020348253119292,161.6387100180081,1.2254375057142604,0.0008156224634212617,0.48060652631368067,0.0,0.0008156224634212617,0.9619976795445571,4.235097965336594,0.0,365.6231491189476,8.75946176963645
PSLS/data/realPlanet.hdf5,run_03399,0,1018.0950047639575,0.042392875087306915,12.059613792289031,37.559499400685326,0,11.65896477884519,1,1.0549893060836393,0.09061190785436302,373.3656413802486,1.9210908410023042,0.003216328879090846,1.0217310233376427e-05,0.0,0.003216328879090846,2.0461804517452894e-05,1.4063508460448348,3.875248281737776e-08,277.55000495346565,1.6045586326120476
PSLS/data/realPlanet.hdf5,run_03400,0,1014.4551100815123,0.0850004123015665,12.14630954304337,26.03689639682923,0,11.7584455913669,1,1.2249969602637973,0.07670397704580934,484.2995209237833,2.23725122385341,0.0022118646994491176,0.4988752566276466,0.0,0.0022118646994491176,5.427963344207785e-16,0.8151421720016543,0.9999622945553999,242.17324452579462,0.1831198296438269
PSLS/data/realPlanet.hdf5,run_03401,0,1001.4360888659886,0.0725502297033486,12.464174968700844,38.47035331886121,0,11.913400454660565,1,0.40118261927893073,-0.10168726160836272,87.60019309461688,1.3190369016125285,0.0032239583217158474,0.42665577014100997,0.0,0.0032239583217158474,0.8560714790508896,8.640351283899673,0.0,436.9690420781477,20.213318951197913
PSLS/data/realPlanet.hdf5,run_03402,0,1303.1479845891508,0.030453364958303922,7.360757999507138,48.72056251147135,0,9.525718904701852,1,1.6549620319253942,0.28110671920876185,714.4547263095541,1.569389880358736,0.005101576188561663,0.5990816545453855,0.0,0.005101576188561663,0.20667006754659448,0.6235486269427448,0.9976371063462222,226.48289176935143,-0.3650280986304979
PSLS/data/realPlanet.hdf5,run_03404,0,919.4622693952623,0.09367465750405628,14.785710143840824,27.856715996370156,0,13.012372277893405,1,1.1015398260270695,0.3183940725059188,397.5133822067434,1.8674944711693018,0.0021384970412954285,0.03975667809872988,0.0,0.0021384970412954285,0.00020450930630223945,1.2191408630756224,0.0794792503754763,267.8127763626263,1.167485142110807
PSLS/data/realPlanet.hdf5,run_03406,0,1111.3951951735733,0.03223171443673434,10.119824552899948,34.38628767860368,0,10.93561550694202,1,0.8030997387371877,0.25717722073753035,262.9321505553895,1.4550299236108413,0.0031394923883693027,0.2620156591410419,0.0,0.0031394923883693027,0.5256816919526743,1.679250202469818,2.2401136946685432e-94,290.1326949531476,2.44880217882574
PSLS/data/realPlanet.hdf5,run_03407,0,676.0896930616316,0.08272984392732365,27.34647685864699,18.688160399975427,0,17.710328558291966,1,0.8223291961168184,0.04852790007530616,257.5539693219444,1.212277417035254,0.0010546559774603503,0.4844889051056411,0.0,0.0010546559774603503,0.9700008273820221,2.09210183162333,0.0,306.523322701258,3.407198789000707
PSLS/data/realPlanet.hdf5,run_03415,0,845.0852294630516,0.06012137807708416,17.50285886307074,27.362722863019496,0,14.56176406858446,1,0.804151648465311,0.17484204476972232,251.49995826486946,2.492453831329121,0.0018773158563566428,2.385451215940517e-33,0.0,0.0018773158563566428,4.779875768452565e-33,2.102231405216293,0.0,306.8936833569697,3.48383183887748
PSLS/data/realPlanet.hdf5,run_03421,0,984.1301690854982,0.08984489494485574,12.90639408866609,35.45349387799743,0,13.762376839208189,1,0.8382337221687586,-0.24253261967109052,282.1176773798919,0.9369012919362281,0.0025728017263941805,0.4985950297136865,0.0,0.0025728017263941805,0.9997622494687901,1.4330735764191835,4.738076314317806e-19,278.8591773347416,1.865839289531007
PSLS/data/realPlanet.hdf5,run_03422,0,968.0668902861092,0.04289763856002463,13.338263097493678,31.551720465125545,0,11.50335221005485,1,1.199112010547461,0.055391671299700795,469.4072929246282,1.626955149167995,0.002739070224684226,0.5477507587781838,0.0,0.002739070224684226,0.09851042401666822,0.7245142055687932,0.9999999907081776,235.14164169613736,-0.04585114131965124
PSLS/data/realPlanet.hdf5,run_03423,0,824.2259703256482,0.11735803218803571,18.399983097142105,20.363791984920958,0,18.140332816036263,1,0.8739831825613924,0.09484930229130828,280.8388305324802,1.5759127166294165,0.0011219400755698716,0.0959048347499445,0.0,0.0011219400755698716,0.19202511016650053,1.9054054085883698,2.471094624423824e-242,299.4433468034809,2.8678354799115318
PSLS/data/realPlanet.hdf5,run_03424,0,1459.4347668850203,0.03141807931239054,5.868682807612533,47.49709214352898,0,8.55488259797653,1,1.012368341846091,0.4595480263377898,351.60479568034145,1.30730340824278,0.0055366607650058075,0.43497363725444793,0.0,0.0055366607650058075,0.8747906938203976,1.443368370239777,5.689969496154439e-13,279.3586451233765,1.7445969002271537
PSLS/data/realPlanet.hdf5,run_03425,0,1019.267650155871,0.03981516260267612,12.031881104593031,30.644137365278873,0,12.484304590276434,1,1.3772150490539743,0.4147172139461681,570.5601877110093,2.0387376529769443,0.002451602982554202,0.4986597558710217,0.0,0.002451602982554202,2.6060755605720267e-08,0.6737372167716597,0.999770526148955,230.9087840162939,-0.24743654319548034
PSLS/data/realPlanet.hdf5,run_03428,0,825.0485649025516,0.037465395369657026,18.363310877831054,19.019401974484826,0,15.588620803744464,1,1.0523681320019966,-0.11644319437743167,390.32928559442576,2.1650027580907865,0.001219338407945414,0.45525025036935973,0.0,0.001219338407945414,9.998639547305799e-13,0.9831787574404746,0.9116120643409181,253.79083894809528,0.6725462680835187
PSLS/data/realPlanet.hdf5,run_03429,0,1002.2963123295499,0.038185571399261375,12.442789327452578,31.122725165478275,0,14.474930652627716,1,1.847961464458061,0.33710330480427286,858.5250831115893,1.502282619189842,0.002147802376600172,0.5736227558699779,0.0,0.002147802376600172,0.3849132733825037,0.46553532861902935,0.7648015986921066,210.52611725388536,-0.8030204725407775
PSLS/data/realPlanet.hdf5,run_03431,0,860.451996849327,0.09610728310385765,16.88327597099718,26.597351682131716,0,14.745670229408551,1,0.5766876731870069,0.3293449190981127,160.7659482818477,1.4184006339763755,0.0018021139991707402,0.3151721763542466,0.0,0.0018021139991707402,0.6314823559022941,2.952874846898553,0.0,334.1020033968526,5.908116533421253
PSLS/data/realPlanet.hdf5,run_03433,0,903.9004729558625,0.10593086053339341,15.299202244945674,25.79679946597768,0,13.190816208957575,1,1.2510387146522488,-0.09266947026483474,489.9766286222015,1.8768065885559013,0.0019537525625644703,0.4990262233267592,0.0,0.0019537525625644703,0.00014116710827520796,0.844645815403251,0.9998650442432517,244.33544786749388,0.2264836142613355
PSLS/data/realPlanet.hdf5,run_03436,0,1082.9156460316572,0.035086151407401435,10.65910538568598,33.732575771573295,0,9.909786589436157,1,1.0351265462414823,0.4512610563879017,390.250141662538,0.6758726761996888,0.0033981789906696314,0.9205206655010778,0.0,0.0033981789906696314,0.8474195285667482,0.8198914706202234,0.9998993225443211,242.5252225783887,0.21568785049967382
PSLS/data/realPlanet.hdf5,run_03437,0,661.8948142461194,0.028120360870050792,28.531989527773053,18.929166455958,0,17.5946667624628,1,1.0759074374965296,0.054583479250156164,396.91799570663716,2.133618425921486,0.001075268313979194,0.40158321560615107,0.0,0.001075268313979194,1.7446658415368514e-11,1.0438651796693368,0.8040309802313746,257.61961239764594,0.7758571102986217
PSLS/data/realPlanet.hdf5,run_03439,0,1128.43792981717,0.09775798347925484,9.816454590750238,49.72993590863434,0,11.231926070591294,1,1.3765717673164959,0.45376971498470553,577.2865099190557,2.489234822038304,0.004417764767869037,0.4954271110280939,0.0,0.004417764767869037,9.064821488373898e-33,0.6018575394617192,0.9952510068896109,224.48702578865363,-0.41014661925344764
PSLS/data/realPlanet.hdf5,run_03440,0,852.9256589393432,0.10113486410306764,17.182551475759897,33.25965909192061,0,14.647943415919183,1,0.8617248452041775,0.24869094695317584,269.9299111657186,1.6980843504924836,0.002268026778676213,0.014155454450517626,0.0,0.002268026778676213,0.028375264761366058,2.609779840525379,0.0,323.9431401636798,4.529805890011494
PSLS/data/realPlanet.hdf5,run_03442,0,805.9670438652827,0.09229736541208679,19.243118108161863,20.84554744886826,0,15.427446040240904,1,1.6131230003117882,-0.3621559738389256,735.2544482321407,1.3245494364552197,0.001350286398379641,0.7061190996991542,0.0,0.001350286398379641,0.8466875713843982,0.3959292953477711,0.5674601324236621,202.1725686627477,-0.9096566199994255
PSLS/data/realPlanet.hdf5,run_03445,0,837.7413982698708,0.10511929789138488,17.811071965519513,20.98228434610291,0,13.580895969741173,1,1.2691709922057726,-0.17098287003792612,486.8915634047012,1.5372299031927925,0.0015437924034437112,0.6115983399551257,0.0,0.0015437924034437112,0.2866516216410653,1.0254257526236827,0.9384363397575438,256.47431275421746,0.6316960501547705
PSLS/data/realPlanet.hdf5,run_03446,0,954.7127222861709,0.08761246552661033,13.714014148417274,29.291935613923687,0,11.975612767610901,1,1.1552533098941078,-0.24317481887139492,422.4677467910412,2.909982385377889,0.00244297655907888,0.02449103733402902,0.0,0.00244297655907888,2.0193244473743216e-87,1.2342767042168794,0.049102029775803524,268.6401694704941,1.2018595629502173
PSLS/data/realPlanet.hdf5,run_03450,0,846.2171941506093,0.028306507384020355,17.45606386323794,20.219477271420338,0,16.406797918557526,1,0.9032583067511384,0.30864399838014545,301.32172053191596,2.7991191210166706,0.0012316250499877501,4.481239696726981e-67,0.0,0.0012316250499877501,5.597848893991747e-69,1.6427290093773623,8.917552930597199e-67,288.54217514537737,2.310367938826936
PSLS/data/realPlanet.hdf5,run_03451,0,1260.8536206304593,0.05110769666939128,7.862862357486081,58.661052463314014,0,8.945735128521815,1,0.7775263615065638,0.41988562512969574,235.9263874183949,0.6837302520831142,0.006535979256973801,0.4275071422288955,0.0,0.006535979256973801,0.860639405761583,2.5542887609162377,0.0,322.2072570939053,4.553000353905589
PSLS/data/realPlanet.hdf5,run_03452,0,1099.1917992056292,0.05903799027445884,10.345775589394647,32.80415660143988,0,10.714982336235748,1,1.0343245404430936,0.4681014569718468,397.1083031428591,2.34839181685808,0.0030568405483297756,0.49798528145804116,0.0,0.0030568405483297756,2.9190506348905776e-22,0.8465198374701698,0.9990244212758099,244.47086247959803,0.31495297027921143
PSLS/data/realPlanet.hdf5,run_03453,0,693.2069512221116,0.09529316087299065,26.01262588809401,14.653141357446506,0,18.521259142833816,1,0.7546494571096002,-0.12304893030656816,218.72298157486537,2.0692412328407324,0.000790839669039145,1.5266860443097377e-09,0.0,0.000790839669039145,3.055788727565437e-09,3.543734067510398,0.0,349.68990946961,6.805086276425065
PSLS/data/realPlanet.hdf5,run_03454,0,1095.4580863705094,0.08030961128245384,10.416419979847905,49.50161014784661,0,14.26672315200096,1,0.7169971438528984,-0.06646103378270085,217.99541431214678,1.2855521704723245,0.0034637127507023413,0.4509726507177686,0.0,0.0034637127507023413,0.9050802394011597,2.093853282582095,0.0,306.5874558256185,3.5778821578689928
PSLS/data/realPlanet.hdf5,run_03455,0,932.1484639702875,0.11413906895283003,14.385992729573795,27.959614097733247,0,14.634637647937575,1,1.2450635561722272,-0.11178836976649476,513.6647166425524,1.3111870032156752,0.0019086856276558928,0.9313772650813882,0.0,0.0019086856276558928,0.8687828341221748,0.5955460913344456,0.9975339079829111,223.8961699196575,-0.3676412400037718
PSLS/data/realPlanet.hdf5,run_03456,0,866.4976575071544,0.029288495865153502,16.648504469839793,19.864910547806346,0,15.128044681651104,1,1.3714487420260864,-0.007540981943861547,549.0762243651116,2.542077303098315,0.0013122564207629361,0.4993394684806883,0.0,0.0013122564207629361,1.450947225076158e-37,0.8297381357927786,0.9999911818104136,243.25013083871778,0.1437353390529255
PSLS/data/realPlanet.hdf5,run_03457,0,930.4641739242384,0.04859646085096367,14.438121796560168,22.244414061796448,0,11.157566004657323,1,0.6348134887982353,0.3290394302568308,177.3954258190909,1.3193979183160984,0.0019916758601941087,0.4268823467258534,0.0,0.0019916758601941087,0.855468509431097,3.200462040986062,0.0,340.8952814147045,6.337354057902295
PSLS/data/realPlanet.hdf5,run_03458,0,1080.532932696656,0.06993519582519332,10.706166598245916,36.23719212610676,0,10.617599344789095,1,1.3055061372179801,-0.10047319299725388,557.741820095088,2.3074297374108994,0.003407119031639483,0.458705845000624,0.0,0.003407119031639483,9.229323634722908e-20,0.4822428182875681,0.9205481069760658,212.39009633315717,-0.6601756456075404
PSLS/data/realPlanet.hdf5,run_03459,0,739.0276465106617,0.0775553822412182,22.886988020726523,16.589581697999137,0,14.897769317652216,1,1.358253916644962,-0.4794577063204728,555.1165267847748,2.11133908724038,0.0011129416768849154,0.49944328503953833,0.0,0.0011129416768849154,1.1557080027303954e-10,0.734789763339071,0.9999995110963983,235.97097884256624,-0.08875726075263772
PSLS/data/realPlanet.hdf5,run_03460,0,1021.4837073042999,0.07344191245977079,11.979732619870234,33.11286115452985,0,12.508577254396037,1,0.7628833742532635,0.1832245342379888,234.39838095364485,1.9237201528876104,0.002643711650172187,9.015581649904086e-06,0.0,0.002643711650172187,1.807895885395335e-05,2.274787486050638,0.0,313.0062628753404,3.957336964680068
PSLS/data/realPlanet.hdf5,run_03461,0,1046.7607489921566,0.0941905405719665,11.408148203057888,33.784831565872324,0,13.368936494338461,1,1.0164809855277288,0.18927366765836418,362.12119496727195,2.3754300341051855,0.002523923907543968,0.007303937381109702,0.0,0.002523923907543968,4.845217604552608e-24,1.2337101846878582,0.014644837216993464,268.60933843725735,1.2713982778841884
PSLS/data/realPlanet.hdf5,run_03462,0,1027.4682084011229,0.07431120371577446,11.840586834434715,27.534868004194617,0,13.345379886751378,1,1.7196145528108178,-0.43048986295798564,841.084545140722,1.721723199649975,0.002061123931426767,0.09272472132565762,0.0,0.002061123931426767,0.017080667481355942,0.3155322599076226,0.16875179891368217,191.01996524581253,-1.1008021418256018
PSLS/data/realPlanet.hdf5,run_03463,0,766.7161265713102,0.11265032874071038,21.26379697499594,15.478265688070108,0,14.546057949311056,1,1.1247988681433079,0.2062293963210352,432.9936429048758,1.3012416205285116,0.0010635206840521327,0.9408132938214789,0.0,0.0010635206840521327,0.883800476726489,0.8229151930165143,0.9998293902410872,242.7485194927696,0.2355086266419353
PSLS/data/realPlanet.hdf5,run_03467,0,981.5352034892248,0.0668254488449687,12.974727696732577,32.745486931555966,0,13.902903338375406,1,1.543092217177768,0.241648331559289,683.7573385114025,1.1389541334004434,0.0023525269287755224,0.9125929545845073,0.0,0.0023525269287755224,0.9944234783852732,0.46064930268425625,0.8350663548824246,209.97153552249353,-0.751582811045007
PSLS/data/realPlanet.hdf5,run_03468,0,875.3360263696165,0.10190557469426864,16.31399807245047,28.35677941794813,0,13.980297688607045,1,1.1288471169026955,0.46896677779111184,408.918677515422,1.1670299039006686,0.0020262830524764297,0.8017512593753713,0.0,0.0020262830524764297,0.9883925882427301,1.0963510004719985,0.6183656775514177,260.7985809741566,0.8850652688550342
PSLS/data/realPlanet.hdf5,run_03469,0,1302.8260680935896,0.10388365045687295,7.364396001885182,50.579869990158116,0,9.811020825521025,1,0.5765256986598905,0.2942368351521323,148.10545711084944,1.1879192783293242,0.00514214724226858,0.48821060053077386,0.0,0.00514214724226858,0.9814680543103946,4.894483229945723,0.0,379.09192261270056,10.477122261931886
PSLS/data/realPlanet.hdf5,run_03471,0,1068.40191273866,0.03316700783106677,10.950670193085456,39.39215425191263,0,12.272924354360876,1,1.3902029559047948,-0.4991343385184991,614.5664273143697,2.046380027089251,0.0032045340297767178,0.38252210909782114,0.0,0.0032045340297767178,1.549952032561587e-08,0.4261146376404187,0.7675036944526435,205.92042836179172,-0.8012503865220915
PSLS/data/realPlanet.hdf5,run_03472,0,672.9019317616281,0.058315827179551735,27.60618937477078,14.09052784498636,0,17.539487152666094,1,0.9478423208166241,0.19596675922733897,325.77642823324356,2.0618755365968755,0.0008030377030021629,2.60594950217943e-09,0.0,0.0008030377030021629,5.215983461305912e-09,1.4456275235167062,1.042581538416023e-13,279.4678937251532,1.7616742325390178
PSLS/data/realPlanet.hdf5,run_03474,0,899.7825480536285,0.031471212993706005,15.439558668747681,24.030268137886495,0,13.560144639052277,1,0.5647919334273382,0.15737869843540886,149.84043205066484,2.5000260753730963,0.0017705554794803513,5.207987244725064e-34,0.0,0.0017705554794803513,1.0434449260764133e-33,4.042684826687683,0.0,361.39762221896046,8.371201054438227
PSLS/data/realPlanet.hdf5,run_03475,0,826.7495325680386,0.056799185726592025,18.287826672028913,19.203209235488433,0,16.60077020271343,1,1.0522300937852984,-0.28597484241384685,397.2824512363005,1.5162368848705479,0.0011560973660397211,0.6715031630052128,0.0,0.0011560973660397211,0.3446113847671905,0.8053232526731553,0.9999493844069579,241.44064323701656,0.19233096921623166
PSLS/data/realPlanet.hdf5,run_03478,0,759.9717903807955,0.07650874558695119,21.64288088585172,15.854559929748305,0,17.651055994699487,1,0.5454528402676697,-0.469500319913269,152.82036257197782,2.515081504594848,0.0008978183294966469,2.3597594412595503e-35,0.0,0.0008978183294966469,4.723759960796046e-35,2.8624514119493165,0.0,331.51436412596337,5.729304251529159
PSLS/data/realPlanet.hdf5,run_03480,0,1125.8148416858924,0.08550355951316638,9.86225150506176,37.709353557407205,0,9.261317242977679,1,0.8761785409526344,0.47234150764594796,278.3657686626307,2.252420874197113,0.004063427045476353,4.66978267504386e-17,0.0,0.004063427045476353,9.377670831367473e-17,2.1637298872882584,0.0,309.1139328729156,3.4909525299283612
PSLS/data/realPlanet.hdf5,run_03482,0,999.3164196580284,0.11442292169721259,12.517107047612337,32.24320354293474,0,13.300201310082333,1,1.128614244979788,-0.20766712603859971,442.14440195157164,2.2353749777833474,0.002421328168761727,0.49878933591502017,0.0,0.002421328168761727,6.714658648467214e-16,0.741537876007858,0.9999999999987985,236.51089655143397,0.010310634895508708
PSLS/data/realPlanet.hdf5,run_03483,0,822.7662138422216,0.055374559682831434,18.46533172547069,19.676996623539857,0,12.252486295981853,1,1.439764150241416,0.25930378987481995,592.106278986925,1.2115024832035497,0.0016046706255083976,0.9836340361693227,0.0,0.0016046706255083976,0.9704299847368295,0.7604730249354202,0.9999999786837386,238.00647547443606,-0.05265648200038991
PSLS/data/realPlanet.hdf5,run_03485,0,733.7860351484167,0.02847928062865102,23.21513044680301,14.327349805365026,0,15.540904499699774,1,0.7248673843484554,0.43401907350270985,223.15686912054727,2.047898066098671,0.0009214873918854671,6.973799961077947e-09,0.0,0.0009214873918854671,1.3960464314006118e-08,1.9424860545786633,0.0,300.88968324644327,3.1460304847249136
PSLS/data/realStar.hdf5,run_03487,0,851.8840905109229,0.08587620224482272,17.224594153230186,26.29829914843708,0,14.329848034709809,0,1.0,0.0,10.0,5.452562704471101,0.0018335283369479427,0.4958864427857125,0.0,0.0018335283369479427,0.0,0.8953395169607746,0.9935946695534917,247.9218237552276,0.43117743798524116
PSLS/data/realStar.hdf5,run_03488,0,1046.8884963209766,0.10479006824812509,11.40536419779446,25.31345158695745,0,12.635951477903367,0,1.0,0.0,10.0,5.452562704471101,0.00200128288600554,0.4983070069757131,0.0,0.00200128288600554,0.0,0.8573853492759066,0.9986125200976486,245.2515914728435,0.3340063271410686
PSLS/data/realStar.hdf5,run_03489,0,862.7290861713454,0.08166722736318421,16.79427006521638,28.572495058666995,0,11.429986625673695,0,1.0,0.0,10.0,5.452562704471101,0.0024966619124592304,8.965188198334972e-156,0.0,0.0024966619124592304,0.0,1.8505671437980815,1.7975254530021808e-155,297.2651732780352,2.662597608955772
PSLS/data/realStar.hdf5,run_03490,0,796.9512164875671,0.04677333876541922,19.68097171735064,19.308377718366568,0,15.253400386836248,0,1.0,0.0,10.0,5.452562704471101,0.0012650400380869176,0.37985677787612804,0.0,0.0012650400380869176,0.0,1.040205021734407,0.7606758411473129,257.3934886442264,0.805697935852569
PSLS/data/realStar.hdf5,run_03491,0,994.1319231757171,0.1116061912496937,12.64800338561418,34.26101773322069,0,12.080389453547738,0,1.0,0.0,10.0,5.452562704471101,0.0028320676392903366,0.49620250586616904,0.0,0.0028320676392903366,0.0,0.881423514448905,0.9952235521482367,246.95281317384632,0.4105418016438232
PSLS/data/realStar.hdf5,run_03492,0,707.3948275113379,0.024121474509129853,24.979644487890937,12.83441038854148,0,15.729306432084517,0,1.0,0.0,10.0,5.452562704471101,0.0008156224634212617,1.2423034174843326e-25,0.0,0.0008156224634212617,0.0,1.5533047092179486,2.4866349903251034e-25,284.5325685991431,1.9597682127267484
PSLS/data/realStar.hdf5,run_03494,0,1018.0950047639575,0.042392875087306915,12.059613792289031,37.559499400685326,0,11.65896477884519,0,1.0,0.0,10.0,5.452562704471101,0.003216328879090846,1.335169951349176e-29,0.0,0.003216328879090846,0.0,1.565271917449424,2.678956307235135e-29,285.0790271892892,2.009213752380243
PSLS/data/realStar.hdf5,run_03495,0,1014.4551100815123,0.0850004123015665,12.14630954304337,26.03689639682923,0,11.7584455913669,0,1.0,0.0,10.0,5.452562704471101,0.0022118646994491176,0.010075826081948012,0.0,0.0022118646994491176,0.0,1.2232166512154465,0.020196323699345254,268.0363318134297,1.2547367025311593
PSLS/data/realStar.hdf5,run_03496,0,1001.4360888659886,0.0725502297033486,12.464174968700844,38.47035331886121,0,11.913400454660565,0,1.0,0.0,10.0,5.452562704471101,0.0032239583217158474,2.7604283658717374e-08,0.0,0.0032239583217158474,0.0,1.3906428865227287,5.538713312619292e-08,276.7717274536812,1.5989125949533554
PSLS/data/realStar.hdf5,run_03497,0,1303.1479845891508,0.030453364958303922,7.360757999507138,48.72056251147135,0,9.525718904701852,0,1.0,0.0,10.0,5.452562704471101,0.005101576188561663,1.2975830823122498e-89,0.0,0.005101576188561663,0.0,1.7078369147567352,2.608473490874037e-89,291.3596581269461,2.42620883673566
PSLS/data/realStar.hdf5,run_03499,0,919.4622693952623,0.09367465750405628,14.785710143840824,27.856715996370156,0,13.012372277893405,0,1.0,0.0,10.0,5.452562704471101,0.0021384970412954285,1.0126067553871633e-17,0.0,0.0021384970412954285,0.0,1.4792933176123317,2.029553705368407e-17,281.08093762382117,1.837059728720511
PSLS/data/realStar.hdf5,run_03501,0,1111.3951951735733,0.03223171443673434,10.119824552899948,34.38628767860368,0,10.93561550694202,0,1.0,0.0,10.0,5.452562704471101,0.0031394923883693027,0.30900837826279737,0.0,0.0031394923883693027,0.0,1.0830646434983864,0.6199631260408697,260.0048291713381,0.8842717326204655
PSLS/data/realStar.hdf5,run_03502,0,676.0896930616316,0.08272984392732365,27.34647685864699,18.688160399975427,0,17.710328558291966,0,1.0,0.0,10.0,5.452562704471101,0.0010546559774603503,2.610358896073155e-10,0.0,0.0010546559774603503,0.0,1.414732202917317,5.226229666503668e-10,277.96260910473586,1.6658711443964027
PSLS/data/realStar.hdf5,run_03510,0,845.0852294630516,0.06012137807708416,17.50285886307074,27.362722863019496,0,14.56176406858446,0,1.0,0.0,10.0,5.452562704471101,0.0018773158563566428,3.032751760838473e-07,0.0,0.0018773158563566428,0.0,1.3594286950473096,6.076911804565337e-07,275.20538522640356,1.5582057683804718
PSLS/data/realStar.hdf5,run_03516,0,984.1301690854982,0.08984489494485574,12.90639408866609,35.45349387799743,0,13.762376839208189,0,1.0,0.0,10.0,5.452562704471101,0.0025728017263941805,0.42769971368441584,0.0,0.0025728017263941805,0.0,1.0069287601057837,0.8576058772503873,255.30981215601523,0.7318187757396806
PSLS/data/realStar.hdf5,run_03517,0,968.0668902861092,0.04289763856002463,13.338263097493678,31.551720465125545,0,11.50335221005485,0,1.0,0.0,10.0,5.452562704471101,0.002739070224684226,0.39093771133389604,0.0,0.002739070224684226,0.0,1.0417569609821966,0.7840229164938304,257.4894398635754,0.7901242979224555
PSLS/data/realStar.hdf5,run_03518,0,824.2259703256482,0.11735803218803571,18.399983097142105,20.363791984920958,0,18.140332816036263,0,1.0,0.0,10.0,5.452562704471101,0.0011219400755698716,2.0343841244154968e-12,0.0,0.0011219400755698716,0.0,1.4554374494504825,4.0733382903002345e-12,279.94080432480536,1.7236809564747402
PSLS/data/realStar.hdf5,run_03519,0,1459.4347668850203,0.03141807931239054,5.868682807612533,47.49709214352898,0,8.55488259797653,0,1.0,0.0,10.0,5.452562704471101,0.0055366607650058075,1.0091583774987108e-17,0.0,0.0055366607650058075,0.0,1.4792933176123317,2.029553705368407e-17,281.08093762382117,1.837059728720511
PSLS/data/realStar.hdf5,run_03520,0,1019.267650155871,0.03981516260267612,12.031881104593031,30.644137365278873,0,12.484304590276434,0,1.0,0.0,10.0,5.452562704471101,0.002451602982554202,0.003995138488085887,0.0,0.002451602982554202,0.0,1.2778917238194587,0.008009914105482779,270.9825555118245,1.300011950815617
PSLS/data/realStar.hdf5,run_03523,0,825.0485649025516,0.037465395369657026,18.363310877831054,19.019401974484826,0,15.588620803744464,0,1.0,0.0,10.0,5.452562704471101,0.001219338407945414,0.23490464598044328,0.0,0.001219338407945414,0.0,1.0888495176592206,0.4703828478336889,260.35132094049663,0.9540736225461639
PSLS/data/realStar.hdf5,run_03524,0,1002.2963123295499,0.038185571399261375,12.442789327452578,31.122725165478275,0,14.474930652627716,0,1.0,0.0,10.0,5.452562704471101,0.002147802376600172,2.736869053725929e-32,0.0,0.002147802376600172,0.0,1.5897852586302343,5.485519920173293e-32,286.18866984869624,2.0395573494320973
PSLS/data/realStar.hdf5,run_03526,0,860.451996849327,0.09610728310385765,16.88327597099718,26.597351682131716,0,14.745670229408551,0,1.0,0.0,10.0,5.452562704471101,0.0018021139991707402,0.4578384949880369,0.0,0.0018021139991707402,0.0,0.9820336676136618,0.9173301234333742,253.7169102960399,0.664749913616676
PSLS/data/realStar.hdf5,run_03528,0,903.9004729558625,0.10593086053339341,15.299202244945674,25.79679946597768,0,13.190816208957575,0,1.0,0.0,10.0,5.452562704471101,0.0019537525625644703,2.531454250506164e-05,0.0,0.0019537525625644703,0.0,1.3219533628407587,5.0728195351786105e-05,273.28881229254716,1.4650719024318262
PSLS/data/realStar.hdf5,run_03531,0,1082.9156460316572,0.035086151407401435,10.65910538568598,33.732575771573295,0,9.909786589436157,0,1.0,0.0,10.0,5.452562704471101,0.0033981789906696314,0.4970098438165743,0.0,0.0033981789906696314,0.0,0.8785030249057938,0.9974090621532613,246.7479964868184,0.3706835979234263
PSLS/data/realStar.hdf5,run_03532,0,661.8948142461194,0.028120360870050792,28.531989527773053,18.929166455958,0,17.5946667624628,0,1.0,0.0,10.0,5.452562704471101,0.001075268313979194,0.02274483506562931,0.0,0.001075268313979194,0.0,1.2083541289901645,0.04553863638402418,267.2184111037128,1.20681546687071
PSLS/data/realStar.hdf5,run_03534,0,1128.43792981717,0.09775798347925484,9.816454590750238,49.72993590863434,0,11.231926070591294,0,1.0,0.0,10.0,5.452562704471101,0.004417764767869037,0.20154842633566405,0.0,0.004417764767869037,0.0,1.1404898424319836,0.40488554175270275,263.38478000346873,0.9833470448973082
PSLS/data/realStar.hdf5,run_03535,0,852.9256589393432,0.10113486410306764,17.182551475759897,33.25965909192061,0,14.647943415919183,0,1.0,0.0,10.0,5.452562704471101,0.002268026778676213,6.319804707479472e-235,0.0,0.002268026778676213,0.0,1.9379434563210787,1.2668341552842206e-234,300.7136174740669,2.8523762395339687
PSLS/data/realStar.hdf5,run_03537,0,805.9670438652827,0.09229736541208679,19.243118108161863,20.84554744886826,0,15.427446040240904,0,1.0,0.0,10.0,5.452562704471101,0.001350286398379641,0.40935500489429033,0.0,0.001350286398379641,0.0,1.0302736771684922,0.8198169975295052,256.77691140940686,0.7638772149286127
PSLS/data/realStar.hdf5,run_03540,0,837.7413982698708,0.10511929789138488,17.811071965519513,20.98228434610291,0,13.580895969741173,0,1.0,0.0,10.0,5.452562704471101,0.0015437924034437112,1.0077332621391428e-53,0.0,0.0015437924034437112,0.0,1.6517506828436395,2.0185827970661185e-53,288.9375217520059,2.2250039464866793
PSLS/data/realStar.hdf5,run_03541,0,954.7127222861709,0.08761246552661033,13.714014148417274,29.291935613923687,0,11.975612767610901,0,1.0,0.0,10.0,5.452562704471101,0.00244297655907888,1.9250863155511162e-59,0.0,0.00244297655907888,0.0,1.6472782914392767,3.8596015472094495e-59,288.7417361699772,2.2635396184998573
PSLS/data/realStar.hdf5,run_03545,0,846.2171941506093,0.028306507384020355,17.45606386323794,20.219477271420338,0,16.406797918557526,0,1.0,0.0,10.0,5.452562704471101,0.0012316250499877501,1.8610241135462778e-06,0.0,0.0012316250499877501,0.0,1.340262464770275,3.726638047864543e-06,274.23020193412844,1.5234154613801003
PSLS/data/realStar.hdf5,run_03546,0,1260.8536206304593,0.05110769666939128,7.862862357486081,58.661052463314014,0,8.945735128521815,0,1.0,0.0,10.0,5.452562704471101,0.006535979256973801,1.504824107024586e-26,0.0,0.006535979256973801,0.0,1.544188227823073,3.029448627438176e-26,284.11415994901796,1.9717212883161097
PSLS/data/realStar.hdf5,run_03547,0,1099.1917992056292,0.05903799027445884,10.345775589394647,32.80415660143988,0,10.714982336235748,0,1.0,0.0,10.0,5.452562704471101,0.0030568405483297756,0.49293662079260264,0.0,0.0030568405483297756,0.0,0.9056299939922815,0.9888961394022168,248.63113878783645,0.47276944527763615
PSLS/data/realStar.hdf5,run_03548,0,693.2069512221116,0.09529316087299065,26.01262588809401,14.653141357446506,0,18.521259142833816,0,1.0,0.0,10.0,5.452562704471101,0.000790839669039145,0.0,0.0,0.000790839669039145,0.0,2.0181416788057054,0.0,303.7775901952168,3.019184630667055
PSLS/data/realStar.hdf5,run_03549,0,1095.4580863705094,0.08030961128245384,10.416419979847905,49.50161014784661,0,14.26672315200096,0,1.0,0.0,10.0,5.452562704471101,0.0034637127507023413,0.30291221549542174,0.0,0.0034637127507023413,0.0,1.076418364380248,0.6079301263209174,259.60502487412566,0.8902129900301684
PSLS/data/realStar.hdf5,run_03550,0,932.1484639702875,0.11413906895283003,14.385992729573795,27.959614097733247,0,14.634637647937575,0,1.0,0.0,10.0,5.452562704471101,0.0019086856276558928,0.49107080579078727,0.0,0.0019086856276558928,0.0,0.9232055806948909,0.9840197960235736,249.8287557411147,0.5025500078824804
PSLS/data/realStar.hdf5,run_03551,0,866.4976575071544,0.029288495865153502,16.648504469839793,19.864910547806346,0,15.128044681651104,0,1.0,0.0,10.0,5.452562704471101,0.0013122564207629361,1.1573866266578892e-29,0.0,0.0013122564207629361,0.0,1.5606309382000583,2.317814820696377e-29,284.86747936979543,2.00995012214679
PSLS/data/realStar.hdf5,run_03552,0,930.4641739242384,0.04859646085096367,14.438121796560168,22.244414061796448,0,11.157566004657323,0,1.0,0.0,10.0,5.452562704471101,0.0019916758601941087,0.0004927048054637759,0.0,0.0019916758601941087,0.0,1.2897483268419858,0.0009873761441588046,271.6089414854343,1.380455745048696
PSLS/data/realStar.hdf5,run_03553,0,1080.532932696656,0.06993519582519332,10.706166598245916,36.23719212610676,0,10.617599344789095,0,1.0,0.0,10.0,5.452562704471101,0.003407119031639483,0.4981871568006153,0.0,0.003407119031639483,0.0,0.8219087506630091,0.9997806854019291,242.67426380912795,0.24557596616610644
PSLS/data/realStar.hdf5,run_03554,0,739.0276465106617,0.0775553822412182,22.886988020726523,16.589581697999137,0,14.897769317652216,0,1.0,0.0,10.0,5.452562704471101,0.0011129416768849154,4.966571284812943e-06,0.0,0.0011129416768849154,0.0,1.3555796151475856,9.944209895262014e-06,275.01037424406866,1.5027939825108656
PSLS/data/realStar.hdf5,run_03555,0,1021.4837073042999,0.07344191245977079,11.979732619870234,33.11286115452985,0,12.508577254396037,0,1.0,0.0,10.0,5.452562704471101,0.002643711650172187,1.2272889248807298e-05,0.0,0.002643711650172187,0.0,1.323905940954922,2.4610842468569305e-05,273.38967107803217,1.482410263331694
PSLS/data/realStar.hdf5,run_03556,0,1046.7607489921566,0.0941905405719665,11.408148203057888,33.784831565872324,0,13.368936494338461,0,1.0,0.0,10.0,5.452562704471101,0.002523923907543968,0.0005179996538395923,0.0,0.002523923907543968,0.0,1.274710808004705,0.0010386207073132426,270.81376608000267,1.3787684349110148
PSLS/data/realStar.hdf5,run_03557,0,1027.4682084011229,0.07431120371577446,11.840586834434715,27.534868004194617,0,13.345379886751378,0,1.0,0.0,10.0,5.452562704471101,0.002061123931426767,0.48537450826546774,0.0,0.002061123931426767,0.0,0.9330523082711809,0.9727539830447798,250.49226377666477,0.5498125104043627
PSLS/data/realStar.hdf5,run_03558,0,766.7161265713102,0.11265032874071038,21.26379697499594,15.478265688070108,0,14.546057949311056,0,1.0,0.0,10.0,5.452562704471101,0.0010635206840521327,0.37267351951643796,0.0,0.0010635206840521327,0.0,1.0411296669152457,0.7461405749675645,257.45066928430657,0.8149019881399049
PSLS/data/realStar.hdf5,run_03562,0,981.5352034892248,0.0668254488449687,12.974727696732577,32.745486931555966,0,13.902903338375406,0,1.0,0.0,10.0,5.452562704471101,0.0023525269287755224,0.27652182257566776,0.0,0.0023525269287755224,0.0,1.0968675281607396,0.5543477631921515,260.8292932859289,0.9158073744455979
PSLS/data/realStar.hdf5,run_03563,0,875.3360263696165,0.10190557469426864,16.31399807245047,28.35677941794813,0,13.980297688607045,0,1.0,0.0,10.0,5.452562704471101,0.0020262830524764297,2.4566312573065424e-10,0.0,0.0020262830524764297,0.0,1.3970754898520705,4.923238389124269e-10,277.09123485924226,1.666646110167034
PSLS/data/realStar.hdf5,run_03564,0,1302.8260680935896,0.10388365045687295,7.364396001885182,50.579869990158116,0,9.811020825521025,0,1.0,0.0,10.0,5.452562704471101,0.00514214724226858,1.820025726819029e-45,0.0,0.00514214724226858,0.0,1.6268375435459739,3.658865880736518e-45,287.8418029579503,2.162682863209012
PSLS/data/realStar.hdf5,run_03566,0,1068.40191273866,0.03316700783106677,10.950670193085456,39.39215425191263,0,12.272924354360876,0,1.0,0.0,10.0,5.452562704471101,0.0032045340297767178,0.4982320545684528,0.0,0.0032045340297767178,0.0,0.8235365302366667,0.9996675779087788,242.79432798084733,0.2632047233338344
PSLS/data/realStar.hdf5,run_03567,0,672.9019317616281,0.058315827179551735,27.60618937477078,14.09052784498636,0,17.539487152666094,0,1.0,0.0,10.0,5.452562704471101,0.0008030377030021629,0.00046123181685237447,0.0,0.0008030377030021629,0.0,1.2987590894202568,0.0009232050021290587,272.08209924086043,1.3826808662335186
PSLS/data/realStar.hdf5,run_03569,0,899.7825480536285,0.031471212993706005,15.439558668747681,24.030268137886495,0,13.560144639052277,0,1.0,0.0,10.0,5.452562704471101,0.0017705554794803513,0.0021615181648964948,0.0,0.0017705554794803513,0.0,1.289575742052917,0.004330704081634736,271.59985484362795,1.3262541545217712
PSLS/data/realStar.hdf5,run_03570,0,826.7495325680386,0.056799185726592025,18.287826672028913,19.203209235488433,0,16.60077020271343,0,1.0,0.0,10.0,5.452562704471101,0.0011560973660397211,0.4966170322789145,0.0,0.0011560973660397211,0.0,0.8916443786009964,0.9943836688982752,247.66562857389326,0.42180577643346384
PSLS/data/realStar.hdf5,run_03573,0,759.9717903807955,0.07650874558695119,21.64288088585172,15.854559929748305,0,17.651055994699487,0,1.0,0.0,10.0,5.452562704471101,0.0008978183294966469,0.4987757158770953,0.0,0.0008978183294966469,0.0,0.8516331118781644,0.9984478565408396,244.8392014618739,0.340312723628826
PSLS/data/realStar.hdf5,run_03575,0,1125.8148416858924,0.08550355951316638,9.86225150506176,37.709353557407205,0,9.261317242977679,0,1.0,0.0,10.0,5.452562704471101,0.004063427045476353,5.166029022104299e-53,0.0,0.004063427045476353,0.0,1.6610712777812555,1.0374212901488034e-52,289.34427041988226,2.219972661427469
PSLS/data/realStar.hdf5,run_03577,0,999.3164196580284,0.11442292169721259,12.517107047612337,32.24320354293474,0,13.300201310082333,0,1.0,0.0,10.0,5.452562704471101,0.002421328168761727,0.48553018818858723,0.0,0.002421328168761727,0.0,0.9445487848365626,0.9734173392005419,251.26032554558975,0.5475275324082585
PSLS/data/realStar.hdf5,run_03578,0,822.7662138422216,0.055374559682831434,18.46533172547069,19.676996623539857,0,12.252486295981853,0,1.0,0.0,10.0,5.452562704471101,0.0016046706255083976,4.917660211785338e-30,0.0,0.0016046706255083976,0.0,1.576400357554981,9.851128239685015e-30,285.5843805408101,2.0142739581665934
PSLS/data/realStar.hdf5,run_03580,0,733.7860351484167,0.02847928062865102,23.21513044680301,14.327349805365026,0,15.540904499699774,0,1.0,0.0,10.0,5.452562704471101,0.0009214873918854671,0.4324232305269051,0.0,0.0009214873918854671,0.0,1.0206457407223104,0.8656441412158001,256.17490074330465,0.7242164410500074
PSLS/data/realStar.hdf5,run_03581,0,1272.5795580805427,0.06791293664668006,7.718628302004925,42.62212637085037,0,9.248523484166013,0,1.0,0.0,10.0,5.452562704471101,0.004597930080694201,4.815979753384527e-152,0.0,0.004597930080694201,0.0,1.8461052526421033,9.676451152597952e-152,297.08582747749114,2.651788926418076
PSLS/data/realStar.hdf5,run_03583,0,585.5583423947577,0.03983357330986647,36.45605473213935,6.376876483767342,0,18.94902108094373,0,1.0,0.0,10.0,5.452562704471101,0.00033647139755077493,7.469522547128404e-116,0.0,0.00033647139755077493,0.0,1.7971205049401093,1.4944073347501142e-115,295.09518249509387,2.533430677783445
PSLS/data/realStar.hdf5,run_03585,0,1096.561106934741,0.07836303490801613,10.395474960427247,42.362567568694246,0,12.909252003684436,0,1.0,0.0,10.0,5.452562704471101,0.0032761879415382777,0.4918212619281434,0.0,0.0032761879415382777,0.0,0.9127415974628337,0.9868757141708503,249.1178118778827,0.48620962122081796
PSLS/data/realStar.hdf5,run_03590,0,1036.4379227117638,0.07232903780212317,11.636528100087677,32.06799099999408,0,13.30253061440972,0,1.0,0.0,10.0,5.452562704471101,0.0024077651329672545,4.2705793762477423e-44,0.0,0.0024077651329672545,0.0,1.6355670862079001,8.561773492186334e-44,288.22716517202997,2.151431145191916
PSLS/data/realStar.hdf5,run_03591,0,1053.3252224879066,0.05929842824169415,11.266396867308522,27.41829051493426,0,11.693817652251587,0,1.0,0.0,10.0,5.452562704471101,0.002341935956481911,0.004671461768402487,0.0,0.002341935956481911,0.0,1.2383659380649819,0.009364855428460139,268.86239887163373,1.2929004254019694
PSLS/data/realStar.hdf5,run_03598,0,871.2222013883562,0.06266078689094771,16.468427982569057,26.836039110568823,0,12.975011013536866,0,1.0,0.0,10.0,5.452562704471101,0.0020661489919575615,6.8095508134839216e-99,0.0,0.0020661489919575615,0.0,1.768724392226599,1.364729897999831e-98,293.9225190032922,2.466837150757129
PSLS/data/realStar.hdf5,run_03599,0,761.5083263374737,0.07496735858077917,21.55562901143469,23.451747042202506,0,16.466131207191324,0,1.0,0.0,10.0,5.452562704471101,0.001423227727118892,0.1896981338198188,0.0,0.001423227727118892,0.0,1.1240333197949637,0.37993700451902757,262.42947767008656,0.9945512853852537
PSLS/data/realStar.hdf5,run_03605,0,985.9588519970371,0.09294184186425694,12.858562853247784,36.24969419573911,0,14.099399937363641,0,1.0,0.0,10.0,5.452562704471101,0.002567707498801197,1.2231946414831014e-11,0.0,0.002567707498801197,0.0,1.425641294470487,2.4526870659376234e-11,278.49691347232306,1.7034299810782834
PSLS/data/realStar.hdf5,run_03606,0,901.0087083822334,0.026303178605937685,15.39756464019572,27.19116305983969,0,12.61586357746329,0,1.0,0.0,10.0,5.452562704471101,0.002152994217943016,0.38160319199475307,0.0,0.002152994217943016,0.0,1.0420986116560842,0.7648531083092718,257.5105485834998,0.8029868534450628
PSLS/data/realStar.hdf5,run_03607,0,917.2710802784753,0.111090024352139,14.856435111789656,32.33323878618641,0,12.84878647234124,0,1.0,0.0,10.0,5.452562704471101,0.0025132794122608715,3.916062534128652e-39,0.0,0.0025132794122608715,0.0,1.5872595948309711,7.851858983789238e-39,286.0749363458725,2.1079792328630624
PSLS/data/realStar.hdf5,run_03608,0,845.4945224828543,0.07721208172852864,17.485917147145706,23.992348229414276,0,17.256249958264586,0,1.0,0.0,10.0,5.452562704471101,0.0013893909192178588,0.07365197797190394,0.0,0.0013893909192178588,0.0,1.1825194385536415,0.14750890347479956,265.7785280446243,1.1142567729915611
PSLS/data/realStar.hdf5,run_03609,0,1266.0492272527642,0.08580199324916415,7.798459624888768,36.56853750978454,0,9.930405075979508,0,1.0,0.0,10.0,5.452562704471101,0.003675709934660376,6.275304629006423e-05,0.0,0.003675709934660376,0.0,1.3302722162974887,0.0001259691185205348,273.7177427535334,1.441700827440041
PSLS/data/realStar.hdf5,run_03610,0,1433.170884677582,0.11177537347819475,6.085749323794332,74.75499423777977,0,9.046528871035045,0,1.0,0.0,10.0,5.452562704471101,0.008229341825299552,0.4838294475108899,0.0,0.008229341825299552,0.0,0.9400443326994745,0.9756881664584663,250.96022993449657,0.5393349183155848
PSLS/data/realStar.hdf5,run_03612,0,977.7089417629016,0.03036278991235936,13.076479545547693,31.55498902143635,0,12.936124439491932,0,1.0,0.0,10.0,5.452562704471101,0.0024363196660146524,8.860977357325026e-91,0.0,0.0024363196660146524,0.0,1.75307489218163,1.7765236509730107e-90,293.27020122034384,2.431506138511738
PSLS/data/realStar.hdf5,run_03613,0,1075.0022800241786,0.10888809881300435,10.81661176969223,38.66880214440549,0,11.733453903413123,0,1.0,0.0,10.0,5.452562704471101,0.0032901781434098165,0.35116064204728686,0.0,0.0032901781434098165,0.0,1.062756661739273,0.7046396741494396,258.7773604493103,0.8395093713434452
PSLS/data/realStar.hdf5,run_03614,0,1045.4978961910938,0.025976637456910937,11.435724562477533,21.306391044702252,0,11.645936713522621,0,1.0,0.0,10.0,5.452562704471101,0.0018278403266710486,4.656584541000527e-14,0.0,0.0018278403266710486,0.0,1.4455518183563987,9.330223240296511e-14,279.46423483362497,1.7627630986100293
PSLS/data/realStar.hdf5,run_03617,0,940.9352333868951,0.028486892956652115,14.118564783943489,31.8892553274669,0,14.88620771478621,0,1.0,0.0,10.0,5.452562704471101,0.002139908545601643,2.8128664143049943e-46,0.0,0.002139908545601643,0.0,1.6311866949068154,5.637797199014529e-46,288.03398786748033,2.169221685225991
PSLS/data/realStar.hdf5,run_03618,0,1083.0917454802357,0.06685245958479641,10.655639548201448,33.73436161505844,0,12.723888061076714,0,1.0,0.0,10.0,5.452562704471101,0.00264775056425981,0.46811206622719975,0.0,0.00264775056425981,0.0,0.973955963242309,0.9387096013309998,253.19355696944075,0.6312127141423238
PSLS/data/realStar.hdf5,run_03621,0,775.3789018246347,0.07908892466622072,20.79131957249713,20.81865320067627,0,15.639375343540962,0,1.0,0.0,10.0,5.452562704471101,0.0013302834874272529,0.16738225256813805,0.0,0.0013302834874272529,0.0,1.134678577779163,0.3352104300361666,263.04862356334587,1.0149309150110155
PSLS/data/realStar.hdf5,run_03623,0,1248.1874527077468,0.0998416895597956,8.023251165714889,58.50292647737916,0,9.313570920214467,0,1.0,0.0,10.0,5.452562704471101,0.0062617838932810255,0.49332334458541494,0.0,0.0062617838932810255,0.0,0.8933427275550173,0.9928637876445243,247.78347896461906,0.43903957258101717
PSLS/data/realStar.hdf5,run_03625,0,1313.8062727831582,0.06426742891691864,7.241813745154833,39.14451394757048,0,10.86224320177424,0,1.0,0.0,10.0,5.452562704471101,0.0035972372265139496,0.4937675501250456,0.0,0.0035972372265139496,0.0,0.9078375858120009,0.991100323228017,248.78251822811296,0.4555670758683233
PSLS/data/realStar.hdf5,run_03627,0,924.8008050020003,0.04717761467409895,14.615497896992693,22.276799148616377,0,14.975806991777134,0,1.0,0.0,10.0,5.452562704471101,0.0014864133058658524,8.55467387866447e-06,0.0,0.0014864133058658524,0.0,1.3338342419801794,1.7134817177575267e-05,273.9007902780269,1.4907224258461749
PSLS/data/realStar.hdf5,run_03628,0,836.6199212674446,0.040427011947462524,17.85885494317583,21.364855467768887,0,14.353247494733164,0,1.0,0.0,10.0,5.452562704471101,0.0014873959731972475,0.43813256530371353,0.0,0.0014873959731972475,0.0,1.0056826043233724,0.8775704253242513,255.23078383448785,0.7122888179777964
PSLS/data/realStar.hdf5,run_03629,0,855.728575865591,0.11689240981526566,17.0701738124852,23.68168332462829,0,15.555838892734517,0,1.0,0.0,10.0,5.452562704471101,0.001521207987216222,0.3147360753135584,0.0,0.001521207987216222,0.0,1.0813140397509742,0.6304311675545909,259.8997011948584,0.8790332271572655
PSLS/data/realStar.hdf5,run_03630,0,887.0963229595394,0.02464200598275023,15.884313680207507,31.540141918971802,0,13.363861910052867,0,1.0,0.0,10.0,5.452562704471101,0.002357323978778969,5.131501644490411e-13,0.0,0.002357323978778969,0.0,1.455406375455842,1.028725367875353e-12,279.9393101093199,1.7384355551428825
PSLS/data/realStar.hdf5,run_03631,0,734.9164301368146,0.10402367074892231,23.143769720430083,17.36799686692929,0,17.628685961932746,0,1.0,0.0,10.0,5.452562704471101,0.0009847270597490576,0.4663919831304438,0.0,0.0009847270597490576,0.0,0.9727144230397504,0.9337034092737794,253.11282940792958,0.6398088794407533
PSLS/data/realStar.hdf5,run_03632,0,762.3392253649215,0.07871593314110507,21.508666216050333,20.001530634657026,0,17.52958888229998,0,1.0,0.0,10.0,5.452562704471101,0.0011403646760108632,0.4982995053703421,0.0,0.0011403646760108632,0.0,0.8595238900242916,0.9977367945371307,245.4043788582656,0.36241206666934206
PSLS/data/realStar.hdf5,run_03635,0,778.2756084200263,0.10238791266407969,20.63683889238118,17.570171967014577,0,16.19961462069534,0,1.0,0.0,10.0,5.452562704471101,0.001084016347295269,1.469882562962897e-41,0.0,0.001084016347295269,0.0,1.6050079555976164,2.9429553376211353e-41,286.87131029914684,2.12977743290811
PSLS/data/realStar.hdf5,run_03636,0,1197.2719199066657,0.0239666452203845,8.720159308438475,38.558818693588165,0,9.9428624029772,0,1.0,0.0,10.0,5.452562704471101,0.003870530172037534,0.48510898461700486,0.0,0.003870530172037534,0.0,0.929029193124157,0.973987818472605,250.22180927337877,0.5455248943463455
PSLS/data/realStar.hdf5,run_03638,0,1000.4828608383507,0.035195968931849946,12.487937216712666,34.71875160086276,0,13.053793445382572,0,1.0,0.0,10.0,5.452562704471101,0.0026561338266640755,0.06428942112695331,0.0,0.0026561338266640755,0.0,1.172790959453789,0.12892127441184856,265.2301995891761,1.126958385226189
PSLS/data/realStar.hdf5,run_03639,0,667.9009815300433,0.0504580874279108,28.021143204294106,16.500247178049833,0,19.540723793724936,0,1.0,0.0,10.0,5.452562704471101,0.0008440466629011656,3.5484338373033293e-06,0.0,0.0008440466629011656,0.0,1.3608721462534745,7.102862822268839e-06,275.2784099224163,1.5100233751919614
PSLS/data/realStar.hdf5,run_03642,0,866.5420162612339,0.046342925444019384,16.646800021585868,22.80479588165603,0,14.636494303073254,0,1.0,0.0,10.0,5.452562704471101,0.0015568645613296406,0.16440791358207732,0.0,0.0015568645613296406,0.0,1.1314338948189253,0.32932854710818155,262.86037065599334,1.0176523107573636
PSLS/data/realStar.hdf5,run_03645,0,887.8283017204658,0.030163261647205633,15.858132520552497,28.196682444580727,0,18.58389587338603,0,1.0,0.0,10.0,5.452562704471101,0.0015161138730356294,0.03418493235480349,0.0,0.0015161138730356294,0.0,1.2073956538712973,0.0684736786036758,267.16540544674046,1.1786668240121032
PSLS/data/realStar.hdf5,run_03646,0,832.8531632986374,0.023151789638732927,18.020761287882106,28.584830817873534,0,12.903593862737424,0,1.0,0.0,10.0,5.452562704471101,0.002212809319234066,0.12971759953512443,0.0,0.002212809319234066,0.0,1.1482022621931811,0.2600105528446828,263.82893191352304,1.0509039937617612
PSLS/data/realStar.hdf5,run_03647,0,784.7918147346387,0.10753005628932476,20.29556207947109,20.386063689708333,0,16.352362526500343,0,1.0,0.0,10.0,5.452562704471101,0.001245897132531204,1.3525333496507557e-32,0.0,0.001245897132531204,0.0,1.558654117792195,2.70844113834941e-32,284.7772274849194,2.0428766440825155
PSLS/data/realStar.hdf5,run_03651,0,940.116454419231,0.08552223850287745,14.14316815692623,30.715171731113884,0,13.687181306646814,0,1.0,0.0,10.0,5.452562704471101,0.002241566989636512,0.1477722531589826,0.0,0.002241566989636512,0.0,1.1473014658016925,0.296208477463097,263.7771714119958,1.0332294134389675
PSLS/data/realStar.hdf5,run_03652,0,670.5692127154482,0.08198921663846785,27.798591569096764,14.27716835983927,0,22.009265177958884,0,1.0,0.0,10.0,5.452562704471101,0.0006484786531715248,0.4143291080813683,0.0,0.0006484786531715248,0.0,1.0183682596312167,0.8291959320239508,256.03187307200227,0.7564075136051592
PSLS/data/realStar.hdf5,run_03653,0,887.4458758637812,0.07227346779097252,15.871802912800373,32.86866131469404,0,14.306204567891164,0,1.0,0.0,10.0,5.452562704471101,0.0022948736685922677,0.10740974447388495,0.0,0.0022948736685922677,0.0,1.1452532985634263,0.21531360647375616,263.65936849976526,1.074110998340496
PSLS/data/realStar.hdf5,run_03654,0,886.3884172739515,0.09953315185476345,15.909695523971507,19.93072047544945,0,12.83296712938456,0,1.0,0.0,10.0,5.452562704471101,0.0015518820556329471,5.3570163252874795e-101,0.0,0.0015518820556329471,0.0,1.764762078841732,1.0730685408705371e-100,293.75776852219,2.475599820270396
PSLS/data/realStar.hdf5,run_03655,0,1030.9608403843836,0.09330884314439997,11.760496959259871,40.3833738965795,0,13.019629723837442,0,1.0,0.0,10.0,5.452562704471101,0.0030969244361649384,1.7104146659491305e-15,0.0,0.0030969244361649384,0.0,1.4702935862630375,3.4314562927428885e-15,280.65244844574755,1.7937143950415846
PSLS/data/realStar.hdf5,run_03661,0,972.8757765226384,0.06801738843306952,13.206727982266699,18.62978592383965,0,12.943543929387472,0,1.0,0.0,10.0,5.452562704471101,0.0014382757478882402,2.163501881137988e-53,0.0,0.0014382757478882402,0.0,1.657514442061977,4.33323615074146e-53,289.18925337236305,2.222663038705571
PSLS/data/realStar.hdf5,run_03662,0,728.2879345464393,0.09036384316559375,23.56697183485803,22.479034173874428,0,15.64140903826932,0,1.0,0.0,10.0,5.452562704471101,0.0014361167203201797,0.49426718471939146,0.0,0.0014361167203201797,0.0,0.9043646217568947,0.9899560618916479,248.54424460361167,0.4648887507470118
PSLS/data/realStar.hdf5,run_03663,0,773.1467578857317,0.09822740811056617,20.911545677763748,13.809385637729791,0,17.68485236907217,0,1.0,0.0,10.0,5.452562704471101,0.0007805547458070716,0.490144940608193,0.0,0.0007805547458070716,0.0,0.9349318964604079,0.9810556488590038,250.61831969161895,0.5171355361616755
PSLS/data/realStar.hdf5,run_03664,0,1411.4606262139368,0.11797541031275197,6.274403982602291,59.8566739503134,0,10.138755169893262,0,1.0,0.0,10.0,5.452562704471101,0.005886356927832237,0.4969385471772763,0.0,0.005886356927832237,0.0,0.827486453130569,0.9997620506274473,243.08493402824104,0.24893695513606542
PSLS/data/realStar.hdf5,run_03665,0,838.6101793271081,0.10236994103293924,17.774187350954755,29.36416799859124,0,12.639076534247584,0,1.0,0.0,10.0,5.452562704471101,0.0023205875575542656,0.49556780223818386,0.0,0.0023205875575542656,0.0,0.8996025711872458,0.9934409712333765,248.21641096513642,0.4328903983012067
PSLS/data/realStar.hdf5,run_03668,0,1262.9770410417457,0.070285125386764,7.8364452075280635,54.272918014835426,0,9.66040972817968,0,1.0,0.0,10.0,5.452562704471101,0.0056023243261110744,4.656348613907759e-150,0.0,0.0056023243261110744,0.0,1.7959647602219668,9.365163913425721e-150,295.047726442588,2.645945100784695
PSLS/data/realStar.hdf5,run_03671,0,964.6690853478418,0.10171879157550294,13.43238994889808,43.485244711318714,0,14.669077547118867,0,1.0,0.0,10.0,5.452562704471101,0.0029600262212728934,0.0044639555281691294,0.0,0.0029600262212728934,0.0,1.2463376116794997,0.008954416363570623,269.29404204496,1.2949598072941262
PSLS/data/realStar.hdf5,run_03672,0,1095.2386622643226,0.1066545713740034,10.420594125039425,25.490976262882278,0,11.556550786414093,0,1.0,0.0,10.0,5.452562704471101,0.002203328995480147,7.080007055856727e-26,0.0,0.002203328995480147,0.0,1.5302631886229592,1.419128217521314e-25,283.4714678298033,1.9629886634372613
PSLS/data/realStar.hdf5,run_03674,0,1428.8497410459427,0.10218972782622997,6.1226141677608945,61.02688237842698,0,9.11747104234662,0,1.0,0.0,10.0,5.452562704471101,0.006671049279476593,1.235023262882287e-25,0.0,0.006671049279476593,0.0,1.5533047092179486,2.4866349903251034e-25,284.5325685991431,1.9597682127267484
PSLS/data/realStar.hdf5,run_03677,0,759.6119406969596,0.10453326729891081,21.66339143385213,18.146841467229535,0,14.854976821723772,0,1.0,0.0,10.0,5.452562704471101,0.0012208542702615288,0.4979251615626468,0.0,0.0012208542702615288,0.0,0.866100089216239,0.9970675973592691,245.87243401996193,0.3784224188889094
PSLS/data/realStar.hdf5,run_03683,0,822.5032994290542,0.044474496413376155,18.47713855416125,21.60466075967271,0,16.331286314420673,0,1.0,0.0,10.0,5.452562704471101,0.0013220254815979882,0.043386664426351466,0.0,0.0013220254815979882,0.0,1.2133665630853825,0.08688819726353544,267.49509658338246,1.160533961105858
PSLS/data/realStar.hdf5,run_03684,0,914.5732533499769,0.03581011247098617,14.944212017785073,29.08972911924717,0,13.693967388257718,0,1.0,0.0,10.0,5.452562704471101,0.0021220186155387344,5.627978087346105e-05,0.0,0.0021220186155387344,0.0,1.3217231607540583,0.00011279892316168391,273.27691403552757,1.444640815693285
PSLS/data/realStar.hdf5,run_03685,0,843.6405891208664,0.024384652138449273,17.56285357053576,23.967667654926974,0,16.31610777273908,0,1.0,0.0,10.0,5.452562704471101,0.0014678790348404691,6.272511349146432e-08,0.0,0.0014678790348404691,0.0,1.371642351438263,1.2563464344208693e-07,275.82145255009357,1.5855750565283742
PSLS/data/realStar.hdf5,run_03687,0,817.4006651468019,0.08480561207717133,18.708546144622677,22.07518882081628,0,15.79398270250329,0,1.0,0.0,10.0,5.452562704471101,0.0013967198279321025,0.25678387548213316,0.0,0.0013967198279321025,0.0,1.077365555442924,0.5142860645077936,259.66211570156366,0.9342597111067843
PSLS/data/realStar.hdf5,run_03689,0,713.4228565029839,0.0525955303696795,24.559299472973514,16.887390122289446,0,16.324984387601546,0,1.0,0.0,10.0,5.452562704471101,0.001033915754346526,4.2256107991475324e-05,0.0,0.001033915754346526,0.0,1.3014229188699433,8.459968493001254e-05,272.221506063567,1.4521622064723263
PSLS/data/realStar.hdf5,run_03693,0,1192.9241391357066,0.052019607863803136,8.783838850132625,54.62648430067236,0,9.292997143672512,0,1.0,0.0,10.0,5.452562704471101,0.005860998744156021,0.1423465773969217,0.0,0.005860998744156021,0.0,1.1503581977337212,0.2863715782543541,263.9526901841216,1.037955166817343
PSLS/data/realStar.hdf5,run_03694,0,1121.1864801179167,0.02697447042961988,9.943844143295038,39.57385182074894,0,11.765508247730812,0,1.0,0.0,10.0,5.452562704471101,0.003357897616530825,2.1735022971541617e-68,0.0,0.003357897616530825,0.0,1.7039495962353206,4.361650570362684e-68,291.1937207616634,2.317946118220391
PSLS/data/realStar.hdf5,run_03696,0,1114.9224725427455,0.0713617030746698,10.055893716028544,40.83877761930704,0,12.23421768594508,0,1.0,0.0,10.0,5.452562704471101,0.003332513195780429,2.1387826101782553e-71,0.0,0.003332513195780429,0.0,1.7049847603151533,4.291867926857309e-71,291.2379363643069,2.3348795667573587
PSLS/data/realStar.hdf5,run_03697,0,821.9398233220157,0.09539487293142557,18.5024810294928,22.01818766314137,0,13.181808619703064,0,1.0,0.0,10.0,5.452562704471101,0.0016689522303861004,5.257475708190952e-89,0.0,0.0016689522303861004,0.0,1.7425063188693612,1.0532529705325215e-88,292.8271968499751,2.4234339669038674
PSLS/data/realStar.hdf5,run_03701,0,1276.4293837525584,0.03983935045617516,7.67213836429295,48.45279982833836,0,9.263729585064741,0,1.0,0.0,10.0,5.452562704471101,0.005216722574425736,3.5638743889771816e-77,0.0,0.005216722574425736,0.0,1.7044529891595226,7.165127259075415e-77,291.2152250101308,2.3657887763635643
PSLS/data/realStar.hdf5,run_03702,0,887.3674895654156,0.09531611217054808,15.874607132797237,25.985144367493394,0,13.469365512034965,0,1.0,0.0,10.0,5.452562704471101,0.0019273435814118889,4.165115637905584e-11,0.0,0.0019273435814118889,0.0,1.426382799923727,8.346317497267954e-11,278.5331194090591,1.6888923483235108
PSLS/data/realStar.hdf5,run_03704,0,925.5432586754301,0.10306875286824042,14.592058738135748,31.83700717920946,0,11.928862417567236,0,1.0,0.0,10.0,5.452562704471101,0.002665347193597345,3.049387161359551e-120,0.0,0.002665347193597345,0.0,1.8037197202582094,6.11507311568664e-120,295.3657153740991,2.549315467230154
PSLS/data/realStar.hdf5,run_03708,0,965.5809781222447,0.025724587936131388,13.407030883844909,30.21158785653374,0,10.44694168686103,0,1.0,0.0,10.0,5.452562704471101,0.002887729852798504,3.332926607271289e-29,0.0,0.002887729852798504,0.0,1.5611337841827229,6.68515814528941e-29,284.8904231612227,2.0045319461620466
PSLS/data/realStar.hdf5,run_03712,0,798.6406422648938,0.07248796502972306,19.59779444954609,14.264807016761544,0,16.619162984980264,0,1.0,0.0,10.0,5.452562704471101,0.0008579666009800313,0.4978862065272141,0.0,0.0008579666009800313,0.0,0.873842166104916,0.9966274861511646,246.42006569493176,0.38735977291326895
PSLS/data/realStar.hdf5,run_03715,0,1163.678012307568,0.04751995864470308,9.230906588967223,42.46500374077254,0,10.227976967895762,0,1.0,0.0,10.0,5.452562704471101,0.004143240802337078,3.2812686178340946e-23,0.0,0.004143240802337078,0.0,1.52916305178908,6.589840531840606e-23,283.4205057606791,1.9261933387820989
PSLS/data/realStar.hdf5,run_03718,0,1052.860128994109,0.0960061371912771,11.276352767598947,42.47382450479255,0,11.878868609652752,0,1.0,0.0,10.0,5.452562704471101,0.0035691935047089673,0.3958593258058379,0.0,0.0035691935047089673,0.0,1.0322919326468596,0.7945545706242848,256.90257247174395,0.7827318399306185
PSLS/data/realStar.hdf5,run_03719,0,764.1577033140861,0.08019647616423206,21.40641900683725,26.366283523973017,0,16.09461444971453,0,1.0,0.0,10.0,5.452562704471101,0.0016368642256913146,1.5229646299898085e-10,0.0,0.0016368642256913146,0.0,1.4262854722123242,3.05092320703254e-10,278.52836793477945,1.672791218012971
PSLS/data/realStar.hdf5,run_03721,0,698.7794581859487,0.11200916780720588,25.599398069524653,16.132313628979357,0,16.639910538972444,0,1.0,0.0,10.0,5.452562704471101,0.0009690254053564828,9.366180034056788e-127,0.0,0.0009690254053564828,0.0,1.8131269173456084,1.875052980786129e-126,295.7500802023066,2.572018170790177
PSLS/data/realStar.hdf5,run_03722,0,938.6381379642364,0.0680954938835569,14.187753055083196,28.085093736670594,0,13.543120482459512,0,1.0,0.0,10.0,5.452562704471101,0.0020716047761214496,0.0007279354398668167,0.0,0.0020716047761214496,0.0,1.2678018840312308,0.0014588931297089892,270.4460656877553,1.3671611852922108
PSLS/data/realStar.hdf5,run_03724,0,1003.4002098439892,0.08158037094625742,12.415426350168454,32.05268011987567,0,13.232386220879146,0,1.0,0.0,10.0,5.452562704471101,0.0024193588717902337,1.4716590965589913e-27,0.0,0.0024193588717902337,0.0,1.553947121838152,2.9504564059996684e-27,284.5619831386531,1.9845366574487568
PSLS/data/realStar.hdf5,run_03725,0,1103.244072865519,0.0335460930332632,10.269914008865143,38.31922057558068,0,11.647243494379763,0,1.0,0.0,10.0,5.452562704471101,0.0032845758649616696,0.49103733170506136,0.0,0.0032845758649616696,0.0,0.9112370809485157,0.9853109921143028,249.01509009917334,0.495488568876909
PSLS/data/realStar.hdf5,run_03726,0,890.1761197877986,0.08703331479212932,15.774591949299978,26.06959185678085,0,13.517608753264575,0,1.0,0.0,10.0,5.452562704471101,0.0019267068628032735,2.5404968469837096e-18,0.0,0.0019267068628032735,0.0,1.4767950382823867,5.090802177459905e-18,280.9621877027348,1.8479146130865738
PSLS/data/realStar.hdf5,run_03727,0,999.1428926970016,0.11335580852714888,12.52145526282652,21.955969516512955,0,15.790228062687664,0,1.0,0.0,10.0,5.452562704471101,0.001389512035696372,0.4975665349014638,0.0,0.001389512035696372,0.0,0.8700153998458559,0.9965177432008903,246.14983824602768,0.3894362214876795
PSLS/data/realStar.hdf5,run_03728,0,1227.6325483821286,0.024995503331742712,8.29417556919172,44.13700176797265,0,10.755806101411764,0,1.0,0.0,10.0,5.452562704471101,0.004095143206598095,6.30823143999661e-235,0.0,0.004095143206598095,0.0,1.9379434563210787,1.2668341552842206e-234,300.7136174740669,2.8523762395339687
PSLS/data/realStar.hdf5,run_03733,0,1261.5430638227447,0.0875780625254761,7.854270473830325,59.29066220326599,0,8.595381821310047,0,1.0,0.0,10.0,5.452562704471101,0.006874230871115383,1.973945571427115e-24,0.0,0.006874230871115383,0.0,1.5355364515305021,3.975217707136029e-24,283.7153624405066,1.9434523688203755
PSLS/data/realStar.hdf5,run_03734,0,993.9960964869254,0.02223289603322637,12.651460247872066,30.47200180384812,0,11.602928486110372,0,1.0,0.0,10.0,5.452562704471101,0.002622788164761025,0.1752437039085977,0.0,0.002622788164761025,0.0,1.1328930015908267,0.3514090793916133,262.9450764453096,1.0074922981468728
PSLS/data/realStar.hdf5,run_03735,0,1371.7383015562286,0.10992553246394847,6.643049410930227,70.23539052768714,0,7.787713460239042,0,1.0,0.0,10.0,5.452562704471101,0.008978196666511007,0.4902168323441187,0.0,0.008978196666511007,0.0,0.9156200626262473,0.9893159377426043,249.31398746410838,0.46972585964660657
PSLS/data/realStar.hdf5,run_03737,0,871.1464921635131,0.061485350479006565,16.471290569072842,24.333956179250304,0,14.301170780763885,0,1.0,0.0,10.0,5.452562704471101,0.0017000891562255482,0.34030773243016654,0.0,0.0017000891562255482,0.0,1.067783153608247,0.6817745423668016,259.08280233855453,0.8522043770259199
PSLS/data/realStar.hdf5,run_03739,0,927.2319997585572,0.06956663706553338,14.538954943162944,23.38774365788508,0,15.574038657691908,0,1.0,0.0,10.0,5.452562704471101,0.0015005864640407207,1.7618995059512667e-07,0.0,0.0015005864640407207,0.0,1.3470465481697975,3.529094723675198e-07,274.5765668559458,1.5679135678390237
PSLS/data/realStar.hdf5,run_03740,0,920.2987072139873,0.11709730014822395,14.75884559028241,24.94743782059461,0,14.238800641437056,0,1.0,0.0,10.0,5.452562704471101,0.0017505403947382092,0.34406499700099485,0.0,0.0017505403947382092,0.0,1.0642918969190482,0.6893367057509826,258.870765903133,0.8480642834519386
PSLS/data/realStar.hdf5,run_03742,0,947.0319986331663,0.08839727528434276,13.937366045533539,30.520371370574875,0,14.484020356782779,0,1.0,0.0,10.0,5.452562704471101,0.0021049568632082183,0.26068798865730486,0.0,0.0021049568632082183,0.0,1.0887836869044718,0.5224757662646685,260.34738570604196,0.9305230839752693
PSLS/data/realStar.hdf5,run_03750,0,1016.235805012981,0.10057308804418973,12.103780196640267,30.941590199759677,0,13.00004315842802,0,1.0,0.0,10.0,5.452562704471101,0.0023772841949032397,0.15129450218652066,0.0,0.0023772841949032397,0.0,1.1571089437899327,0.3033100585814622,264.33908497743045,1.0298486146992125
PSLS/data/realStar.hdf5,run_03751,0,771.4149103883789,0.06414468275175383,21.005545054942218,21.25579676350252,0,17.29607184550433,0,1.0,0.0,10.0,5.452562704471101,0.0012281829814176914,1.4080802434689666e-07,0.0,0.0012281829814176914,0.0,1.3831839682377933,2.819623500535296e-07,276.39985213942117,1.5718365602050168
PSLS/data/realStar.hdf5,run_03752,0,992.8631030045509,0.06576514130569747,12.680350838138034,28.680178981617892,0,12.432032865898018,0,1.0,0.0,10.0,5.452562704471101,0.002304299122265152,8.235668486621079e-05,0.0,0.002304299122265152,0.0,1.314312080377435,0.00016509379521983809,272.8930307612045,1.434370534197706
PSLS/data/realStar.hdf5,run_03753,0,875.532850643649,0.11231157826229651,16.306663956086442,12.37185751627251,0,15.86044484441267,0,1.0,0.0,10.0,5.452562704471101,0.000779740643496396,1.643499835225319e-60,0.0,0.000779740643496396,0.0,1.670301617180412,3.289564677729274e-60,289.74539685960394,2.270394138943782
PSLS/data/realStar.hdf5,run_03754,0,1093.9849125853777,0.0848397552865333,10.44449263183737,31.096469802202922,0,12.444376594053752,0,1.0,0.0,10.0,5.452562704471101,0.002495717596074698,3.915746703999593e-16,0.0,0.002495717596074698,0.0,1.4689236486918593,7.851087505234322e-16,280.58705151621143,1.8067153707385244
PSLS/data/realStar.hdf5,run_03757,0,654.3664047323645,0.07305970127996685,29.192280542898295,13.53666419160554,0,19.657750498577652,0,1.0,0.0,10.0,5.452562704471101,0.0006883801110738608,0.4729845534018492,0.0,0.0006883801110738608,0.0,0.9820407517707107,0.9466207416950112,253.71736785814699,0.6164128434091827
PSLS/data/realStar.hdf5,run_03758,0,785.1867101669885,0.033077518051832025,20.275152642446166,22.66916893641676,0,16.673991195531045,0,1.0,0.0,10.0,5.452562704471101,0.0013586288782079237,4.991820692313904e-59,0.0,0.0013586288782079237,0.0,1.6865569593365703,9.9972239017226e-59,290.44778777282403,2.260862224511383
PSLS/data/realStar.hdf5,run_03759,0,620.4819483016577,0.11249489632145204,32.46771393521724,9.001737067041368,0,21.393007571506047,0,1.0,0.0,10.0,5.452562704471101,0.0004206908930297626,0.49882544615256674,0.0,0.0004206908930297626,0.0,0.8557841003696484,0.9980707715893403,245.13700350609489,0.3528855041706396
PSLS/data/realStar.hdf5,run_03760,0,723.5570778229712,0.06038520193827272,23.876156711514408,14.233319406028045,0,16.405016462519367,0,1.0,0.0,10.0,5.452562704471101,0.0008672436670820183,0.14201887242071662,0.0,0.0008672436670820183,0.0,1.145546009634614,0.28428428859036414,263.67621381696637,1.038964745110168
PSLS/data/realStar.hdf5,run_03761,0,995.198864180261,0.06957939651563058,12.620898371364701,35.88440781659429,0,13.575787248481173,0,1.0,0.0,10.0,5.452562704471101,0.0026397749842391738,0.4986655438926643,0.0,0.0026397749842391738,0.0,0.790079115509394,0.9999707856502582,240.28987153843013,0.17549594845146052
PSLS/data/realStar.hdf5,run_03763,0,969.066460998786,0.11500907268422214,13.310761039425802,25.899049940417925,0,13.02260214829448,0,1.0,0.0,10.0,5.452562704471101,0.0019868005636938246,2.4895992884667354e-44,0.0,0.0019868005636938246,0.0,1.6145050181226204,4.989110945372067e-44,287.2947365843735,2.1533794721958426
PSLS/data/realStar.hdf5,run_03764,0,831.9276447339911,0.04921413658625177,18.060879744481426,14.830247804202022,0,15.595017020998322,0,1.0,0.0,10.0,5.452562704471101,0.0009505086482279879,0.04008643513192463,0.0,0.0009505086482279879,0.0,1.2035257360327016,0.08024914777282025,266.9510694933585,1.166743206938728
PSLS/data/realStar.hdf5,run_03768,0,870.7500094186997,0.06032450572672286,16.486293886271554,27.54877611275883,0,14.287235679706145,0,1.0,0.0,10.0,5.452562704471101,0.0019263511776400621,0.44022300994144725,0.0,0.0019263511776400621,0.0,0.9974408129741674,0.8821453416005364,254.7062508926711,0.7074819456234668
PSLS/data/realStar.hdf5,run_03769,0,713.7431055416419,0.09225509773239715,24.537265417602157,10.577224053197714,0,18.53236837565017,0,1.0,0.0,10.0,5.452562704471101,0.0005705804014598526,2.7485329709127344e-92,0.0,0.0005705804014598526,0.0,1.7335997738145297,5.500204250574873e-92,292.4522925247617,2.438273349017494
PSLS/data/realStar.hdf5,run_03772,0,1264.9197590644585,0.03207240719886681,7.812392594876573,48.65578569300468,0,10.394366724079076,0,1.0,0.0,10.0,5.452562704471101,0.00467003773946939,0.3742769765667907,0.0,0.00467003773946939,0.0,1.059438757177303,0.7520661303448687,258.5751491510934,0.8111913083640345
PSLS/data/realStar.hdf5,run_03776,0,999.0417304388325,0.06631661000531816,12.523991218600662,22.973049538331217,0,11.274038530089815,0,1.0,0.0,10.0,5.452562704471101,0.0020356200961580972,0.3233860091983385,0.0,0.0020356200961580972,0.0,1.0714783060615816,0.6480912860426904,259.3066564469122,0.8700326059358374
PSLS/data/realStar.hdf5,run_03778,0,1321.6838942464574,0.1130894477387192,7.1557443673193415,63.72585596908659,0,10.668476953740171,0,1.0,0.0,10.0,5.452562704471101,0.005955480644486921,0.014486800577816778,0.0,0.005955480644486921,0.0,1.2222014428452548,0.02914718666163819,267.9807003236427,1.234259169814496
PSLS/data/realStar.hdf5,run_03779,0,1216.1703698547324,0.11847174875689001,8.45125442717808,57.84631884226218,0,11.718518140590408,0,1.0,0.0,10.0,5.452562704471101,0.004924153285093769,0.0,0.0,0.004924153285093769,0.0,2.021876401042677,0.0,303.91803356209056,3.025951764831875
PSLS/data/realStar.hdf5,run_03780,0,1292.8514363941695,0.04321398611716126,7.4784702174937765,50.64556505882009,0,9.615811596247903,0,1.0,0.0,10.0,5.452562704471101,0.005253059059238674,4.914396613117932e-05,0.0,0.005253059059238674,0.0,1.3168218991580154,9.880697111710126e-05,273.0232171420451,1.4481277428090076
PSLS/data/realStar.hdf5,run_03782,0,939.0067619583168,0.06841727628326162,14.17661592624599,19.666764079650385,0,11.774303027002473,0,1.0,0.0,10.0,5.452562704471101,0.0016689181818997367,0.47298688471464423,0.0,0.0016689181818997367,0.0,0.9674273498090341,0.947555161466613,252.7681849838064,0.6145510970890247
PSLS/data/realStar.hdf5,run_03784,0,739.570519927042,0.026042231470387926,22.853400480597486,18.762770716871078,0,16.576827298943613,0,1.0,0.0,10.0,5.452562704471101,0.0011312270978866001,5.563694824192114e-67,0.0,0.0011312270978866001,0.0,1.7066881905829738,1.1139991508649038e-66,291.31065222759986,2.309804201522541
PSLS/data/realStar.hdf5,run_03785,0,1007.5471902437578,0.05967994125240027,12.313434953457135,35.24916162237476,0,11.974289879994362,0,1.0,0.0,10.0,5.452562704471101,0.002939408575707847,1.981766459058684e-24,0.0,0.002939408575707847,0.0,1.5355364515305021,3.975217707136029e-24,283.7153624405066,1.9434523688203755
PSLS/data/realStar.hdf5,run_03790,0,998.7771541563804,0.05180674095735935,12.530627313358092,31.125989549290715,0,11.374095692199589,0,1.0,0.0,10.0,5.452562704471101,0.0027328272959343813,0.039018674157114644,0.0,0.0027328272959343813,0.0,1.196082899632294,0.07825119531673035,266.5373896122858,1.168678643674569
PSLS/data/realStar.hdf5,run_03791,0,593.6800263675915,0.09426165777679908,35.46542244269674,12.918599107150518,0,21.245314250067278,0,1.0,0.0,10.0,5.452562704471101,0.0006078833222581403,0.07579302685306098,0.0,0.0006078833222581403,0.0,1.1814294586347849,0.15167825638852975,265.71726193844756,1.1115355938175013
PSLS/data/realStar.hdf5,run_03793,0,746.7877206038285,0.06027994673217492,22.413809502997054,14.959265455189865,0,19.853463328813127,0,1.0,0.0,10.0,5.452562704471101,0.0007532001263322874,1.5319242668109546e-08,0.0,0.0007532001263322874,0.0,1.3740465767119137,3.06615796418789e-08,275.94223867737327,1.6082075103456943
PSLS/data/realStar.hdf5,run_03794,0,618.2276198311256,0.02624758810393693,32.70492863156394,9.907468350460878,0,18.843011079598767,0,1.0,0.0,10.0,5.452562704471101,0.0005256518791372233,0.09131782856071281,0.0,0.0005256518791372233,0.0,1.1667521552559965,0.18273171038836925,264.88811491588416,1.0924383142846232
PSLS/data/realStar.hdf5,run_03795,0,1358.2887948983853,0.022168642796258103,6.775257052657663,69.61550881846317,0,9.63260771284995,0,1.0,0.0,10.0,5.452562704471101,0.007201015322277571,1.5446231199588582e-15,0.0,0.007201015322277571,0.0,1.4690487804822536,3.1116533030304543e-15,280.5930268503638,1.794591448138738
PSLS/data/realStar.hdf5,run_03796,0,1175.7165558835973,0.08556252787317449,9.042837892257424,36.57466682887558,0,10.051322442485715,0,1.0,0.0,10.0,5.452562704471101,0.0036321791369965384,0.2822271504191963,0.0,0.0036321791369965384,0.0,1.0946039177611844,0.566511973810526,260.6946203758186,0.9101035469949676
PSLS/data/realStar.hdf5,run_03797,0,864.5465811765521,0.06823593610129378,16.723732702457696,26.44970622554147,0,15.527869751907645,0,1.0,0.0,10.0,5.452562704471101,0.0017019200067922569,0.4939984893440626,0.0,0.0017019200067922569,0.0,0.9051921886874718,0.9896813371561802,248.60108463464633,0.46699507186541445
PSLS/data/realStar.hdf5,run_03798,0,993.4980973396285,0.04293100828223251,12.664146725078856,28.966322846255835,0,13.323968377858124,0,1.0,0.0,10.0,5.452562704471101,0.0021716397412969712,0.08966702168675417,0.0,0.0021716397412969712,0.0,1.1642337829047482,0.17972433989249725,264.74506235445176,1.0942087325537644
PSLS/data/realStar.hdf5,run_03799,0,901.3594126528202,0.08481744299787915,15.385585087809073,29.70646206138101,0,15.04718034681508,0,1.0,0.0,10.0,5.452562704471101,0.001972273681958847,5.602902873396493e-17,0.0,0.001972273681958847,0.0,1.5054299117694576,1.1227950337746464e-16,282.31435071986596,1.8231736371875003
PSLS/data/realStar.hdf5,run_03800,0,1102.6647188664033,0.05556455819132128,10.280708729563644,46.68918189325733,0,12.352081064398647,0,1.0,0.0,10.0,5.452562704471101,0.0037727289314879453,0.08969067298044324,0.0,0.0037727289314879453,0.0,1.1534211086451067,0.18006066604509782,264.1282132529121,1.094009989128583
PSLS/data/realStar.hdf5,run_03801,0,1124.3429798397558,0.04993265338216555,9.888089480183602,37.3962080305209,0,12.215741598725296,0,1.0,0.0,10.0,5.452562704471101,0.0030566319160083566,5.127904665415489e-13,0.0,0.0030566319160083566,0.0,1.455406375455842,1.028725367875353e-12,279.9393101093199,1.7384355551428825
PSLS/data/realStar.hdf5,run_03802,0,817.0379985409171,0.10505733802821393,18.72515851956149,25.151019847242576,0,13.325216026212011,0,1.0,0.0,10.0,5.452562704471101,0.0018856954181133423,1.9606798282692803e-26,0.0,0.0018856954181133423,0.0,1.5666761065695645,3.9287681165748155e-26,285.14294104801394,1.9702648065878898
PSLS/data/realStar.hdf5,run_03806,0,1039.8100112786124,0.08154400936837987,11.561176302095134,28.982692408244336,0,11.917782928326876,0,1.0,0.0,10.0,5.452562704471101,0.002428931608088769,0.44564030352586614,0.0,0.002428931608088769,0.0,0.9888152684577278,0.8934507377890183,254.15380187243105,0.6949671004574828
PSLS/data/realStar.hdf5,run_03807,0,823.8351592631027,0.025432158939329378,18.417444412013992,24.549013471321988,0,17.126071999940766,0,1.0,0.0,10.0,5.452562704471101,0.0014324024351664022,0.008787275662127631,0.0,0.0014324024351664022,0.0,1.24084174535503,0.01759976126514981,268.996679255902,1.2620054505992835
PSLS/data/realStar.hdf5,run_03810,0,814.0408670807151,0.05396445229805745,18.863296734425475,22.11401873391464,0,14.693974350408206,0,1.0,0.0,10.0,5.452562704471101,0.001503840013808766,6.313618126758377e-13,0.0,0.001503840013808766,0.0,1.4235791791834784,1.2646254196602402e-12,278.3961510093886,1.736261654649195
PSLS/data/realStar.hdf5,run_03811,0,732.7953552079327,0.11167586819785712,23.277942827144905,14.707848206300827,0,16.168003081827642,0,1.0,0.0,10.0,5.452562704471101,0.0009092749660548627,0.44631917269987176,0.0,0.0009092749660548627,0.0,0.9888152684577278,0.8934507377890183,254.15380187243105,0.6949671004574828
PSLS/data/realStar.hdf5,run_03813,0,855.1960919154745,0.08897390170026365,17.09143776227126,15.394748829643033,0,13.961125125402448,0,1.0,0.0,10.0,5.452562704471101,0.001102079095844144,4.917798113244769e-130,0.0,0.001102079095844144,0.0,1.8177034629872884,9.846447790768065e-130,295.93653081013343,2.5830808749230743
PSLS/data/realStar.hdf5,run_03817,0,729.9305332683167,0.08055820430028304,23.4610233388652,14.163007724114781,0,20.274787809700864,0,1.0,0.0,10.0,5.452562704471101,0.0006983087667816745,3.359128402372435e-108,0.0,0.0006983087667816745,0.0,1.7834315148185356,6.722951500716468e-108,294.53162188184103,2.5044736563836456
PSLS/data/realStar.hdf5,run_03819,0,1357.2335358328803,0.09381249492930376,6.785796772890649,55.545736810601994,0,8.345939375124876,0,1.0,0.0,10.0,5.452562704471101,0.0066333223359790194,0.47622000784596275,0.0,0.0066333223359790194,0.0,0.9533325047558943,0.958800045449141,251.84244090181826,0.5897484125160567
PSLS/data/realStar.hdf5,run_03821,0,828.6401937465092,0.050829125505133174,18.204469289545123,24.522265337035396,0,17.49814067159527,0,1.0,0.0,10.0,5.452562704471101,0.0014004396701186028,0.467104892887065,0.0,0.0014004396701186028,0.0,0.9736418781785118,0.9355199249892714,253.17314179249874,0.6367511980611051
PSLS/data/realStar.hdf5,run_03822,0,962.2863297006669,0.033221516168432975,13.498993261887653,39.32723002720485,0,12.544414010183159,0,1.0,0.0,10.0,5.452562704471101,0.0031301301249710978,1.1762089215139167e-67,0.0,0.0031301301249710978,0.0,1.6724866733063672,2.359804337674225e-67,289.8401102337272,2.3137217330083235
PSLS/data/realStar.hdf5,run_03823,0,1263.1252682981099,0.09761635478910177,7.83460610788096,54.023603160647724,0,8.194914307994223,0,1.0,0.0,10.0,5.452562704471101,0.006570651138671835,8.937875994199044e-12,0.0,0.006570651138671835,0.0,1.4203678204421861,1.7993984181046523e-11,278.23901412218913,1.7070103734224975
PSLS/data/realStar.hdf5,run_03824,0,1032.6173570876308,0.065674952505772,11.722795029275554,32.31677845784107,0,12.304777894337,0,1.0,0.0,10.0,5.452562704471101,0.0026229142950106032,0.0002475121608729934,0.0,0.0026229142950106032,0.0,1.3144033682315173,0.0004963261426806112,272.89776920398185,1.40242955484318
PSLS/data/realStar.hdf5,run_03825,0,908.4055543461398,0.049969538227222846,15.147830993981563,24.693310517877684,0,12.5575934228879,0,1.0,0.0,10.0,5.452562704471101,0.001964472576263643,1.8390006451657333e-11,0.0,0.001964472576263643,0.0,1.401047486740787,3.685240844908215e-11,277.28797334207195,1.6986654553607274
PSLS/data/realStar.hdf5,run_03827,0,809.117059217418,0.0730103257820246,19.093577017888364,27.365274876810208,0,14.561347828889177,0,1.0,0.0,10.0,5.452562704471101,0.0018775443998921837,6.188662538351272e-60,0.0,0.0018775443998921837,0.0,1.6645355344429476,1.2400607768373312e-59,289.4950134750964,2.2667131010922605
PSLS/data/realStar.hdf5,run_03830,0,924.6273867844727,0.035347272916440166,14.620980821935825,28.9940912463474,0,12.60666699901113,0,1.0,0.0,10.0,5.452562704471101,0.002297258666318802,0.4928353274195381,0.0,0.002297258666318802,0.0,0.9078516596843877,0.9879402090461122,248.78348241849056,0.4793601903993002
PSLS/data/realStar.hdf5,run_03831,0,928.9771552007948,0.10416436678506513,14.484381149011613,35.08473678275428,0,12.086862668841897,0,1.0,0.0,10.0,5.452562704471101,0.0028985077809206006,8.916815298194126e-94,0.0,0.0028985077809206006,0.0,1.736801694551645,1.788547177549496e-93,292.58723733720575,2.4448543028456204
PSLS/data/realStar.hdf5,run_03832,0,933.8992080574401,0.035433640708390494,14.332105578346145,32.68413342792198,0,14.070861508577977,0,1.0,0.0,10.0,5.452562704471101,0.002320128233730512,1.0510978833129261e-67,0.0,0.002320128233730512,0.0,1.6958308146612726,2.1070844728020557e-67,290.84623775242113,2.314006367681294
PSLS/data/realStar.hdf5,run_03833,0,933.8568420653954,0.08125201097710476,14.333406008169547,30.797770455749962,0,13.543651960410378,0,1.0,0.0,10.0,5.452562704471101,0.002271380021389491,0.19644764185211716,0.0,0.002271380021389491,0.0,1.1149319706277234,0.39378972982919674,261.89663112974154,0.9883206092913823
PSLS/data/realStar.hdf5,run_03834,0,903.5123177186487,0.08326597378250072,15.312350358066709,35.742650266362425,0,14.307687068537613,0,1.0,0.0,10.0,5.452562704471101,0.002495025374859683,0.2506013427377179,0.0,0.002495025374859683,0.0,1.0989983213346841,0.5024563267604619,260.95587394658446,0.939631009878982
PSLS/data/realStar.hdf5,run_03836,0,993.9315631647453,0.1085695045085744,12.653103152263355,30.110973466656166,0,11.77381438616035,0,1.0,0.0,10.0,5.452562704471101,0.0025541852103198037,6.317992131104328e-235,0.0,0.0025541852103198037,0.0,1.9379434563210787,1.2668341552842206e-234,300.7136174740669,2.8523762395339687
PSLS/data/realStar.hdf5,run_03837,0,1326.6482440526975,0.026163999934863527,7.1022906305005415,61.219070851826245,0,9.279497443331604,0,1.0,0.0,10.0,5.452562704471101,0.006575525897079881,0.4955472529997533,0.0,0.006575525897079881,0.0,0.8606624654245386,0.9976546097220752,245.48560775211928,0.3645755046905035
PSLS/data/realStar.hdf5,run_03838,0,1126.1724718928294,0.024328910369576556,9.855988736068785,43.799797125972425,0,10.637149089457129,0,1.0,0.0,10.0,5.452562704471101,0.004109159777534677,0.44598785023564097,0.0,0.004109159777534677,0.0,1.0079578483690514,0.8956560944691785,255.37501927572177,0.692409131097299
PSLS/data/realStar.hdf5,run_03841,0,1017.8906278794926,0.10943041894750347,12.064457050817769,30.47918777319221,0,12.570978104340783,0,1.0,0.0,10.0,5.452562704471101,0.0024216308339007897,5.613045315809997e-146,0.0,0.0024216308339007897,0.0,1.8258247337345686,1.1253342071765415e-145,296.2665302367549,2.6337325921280383
PSLS/data/realStar.hdf5,run_03842,0,918.8724998771604,0.11359491439285893,14.804696367987203,23.183181049716357,0,13.333834259922368,0,1.0,0.0,10.0,5.452562704471101,0.001737162640921941,0.45467052318113743,0.0,0.001737162640921941,0.0,0.9858804006986782,0.9109234685806322,253.9650053710472,0.6734584542916587
PSLS/data/realStar.hdf5,run_03844,0,1081.2900478123688,0.10418321867481403,10.69117901419455,44.21389920702959,0,9.280157629885512,0,1.0,0.0,10.0,5.452562704471101,0.004753016364332563,0.437589853805423,0.0,0.004753016364332563,0.0,1.00060228353282,0.8793593168338857,254.9078395378945,0.7104255841547519
PSLS/data/realStar.hdf5,run_03845,0,715.8998740156997,0.10205340985522597,24.389642864748662,18.106435360021067,0,17.980197704523427,0,1.0,0.0,10.0,5.452562704471101,0.0010065140515835846,0.43566685011458367,0.0,0.0010065140515835846,0.0,1.0050938462329284,0.8722115934539328,255.19342060747528,0.7177508559263464
PSLS/data/realStar.hdf5,run_03846,0,957.7213859900274,0.11503335982877437,13.627984856176264,23.212743877072725,0,12.448029054780019,0,1.0,0.0,10.0,5.452562704471101,0.0018630350216300995,0.49858189484375315,0.0,0.0018630350216300995,0.0,0.8436198551487274,0.999025008265389,244.26121772321278,0.3149213632757598
PSLS/data/realStar.hdf5,run_03848,0,1004.4720949108515,0.04260324863414131,12.388943166314943,33.15935180074901,0,12.8352999244391,0,1.0,0.0,10.0,5.452562704471101,0.0025801154705000773,2.3467771406068595e-06,0.0,0.0025801154705000773,0.0,1.3449728367295684,4.70569551902181e-06,274.4708315398484,1.518640026011111
PSLS/data/realStar.hdf5,run_03849,0,656.712752504006,0.09546470584244536,28.984052881957677,11.277258418493924,0,20.677951088680384,0,1.0,0.0,10.0,5.452562704471101,0.0005452273175432509,0.1867709852677886,0.0,0.0005452273175432509,0.0,1.1251357244675024,0.3737457469266172,262.4937989710815,0.9973457046342924
PSLS/data/realStar.hdf5,run_03853,0,1170.1639071207776,0.0319304774329393,9.128861455854123,27.58722612248535,0,10.270302349839579,0,1.0,0.0,10.0,5.452562704471101,0.002682511876292981,1.012054701725091e-17,0.0,0.002682511876292981,0.0,1.4792933176123317,2.029553705368407e-17,281.08093762382117,1.837059728720511
PSLS/data/realStar.hdf5,run_03855,0,788.2360838332543,0.0256939776336559,20.118582988651497,17.244252191846535,0,15.506518590790586,0,1.0,0.0,10.0,5.452562704471101,0.0011114466011203916,3.0541382692283036e-120,0.0,0.0011114466011203916,0.0,1.8037197202582094,6.11507311568664e-120,295.3657153740991,2.549315467230154
PSLS/data/realStar.hdf5,run_03856,0,1457.0962130173843,0.10267762249377546,5.887535707026214,70.60296350069274,0,8.898692726012182,0,1.0,0.0,10.0,5.452562704471101,0.00790269088552864,0.46937025948304156,0.0,0.00790269088552864,0.0,0.9723320037982301,0.946218188822613,253.08794813555062,0.6172068624366125
PSLS/data/realStar.hdf5,run_03857,0,929.533219368059,0.07511779349793467,14.467056676740913,24.76313519890847,0,13.967663299885897,0,1.0,0.0,10.0,5.452562704471101,0.0017713196883997195,5.97940907531925e-29,0.0,0.0017713196883997195,0.0,1.5795867413827334,1.1980038628929714e-28,285.72858447092165,2.001516527894186
PSLS/data/realStar.hdf5,run_03861,0,915.6086603227252,0.05834400409326901,14.91043210053811,30.585417608554195,0,13.442928226871821,0,1.0,0.0,10.0,5.452562704471101,0.002272618689781125,0.4675767188371724,0.0,0.002272618689781125,0.0,0.9647525217773718,0.9372835257325485,252.59328462198522,0.6337165350765117
PSLS/data/realStar.hdf5,run_03862,0,893.9318009034067,0.03009972151226084,15.642322607872199,28.778696787045213,0,13.725597984421206,0,1.0,0.0,10.0,5.452562704471101,0.0020945205812693546,1.568012706366581e-89,0.0,0.0020945205812693546,0.0,1.7404503007998553,3.1426076691751044e-89,292.7407804367955,2.425839385216452
PSLS/data/realStar.hdf5,run_03868,0,1080.7225427986073,0.06806279240853347,10.702410186806707,39.00376616968298,0,12.383551507220957,0,1.0,0.0,10.0,5.452562704471101,0.003144688065841117,5.052627729396165e-44,0.0,0.003144688065841117,0.0,1.6129920528743762,1.0137133581788818e-43,287.22740638412625,2.1508200002670432
PSLS/data/realStar.hdf5,run_03869,0,956.7146202482386,0.0728354347953016,13.656681830125496,31.081809860906997,0,11.381475605601405,0,1.0,0.0,10.0,5.452562704471101,0.0027271865879551216,0.057250761246663895,0.0,0.0027271865879551216,0.0,1.1856702749593255,0.11481464344904287,265.95539389247256,1.1373412734277872
PSLS/data/realStar.hdf5,run_03870,0,936.9222816130855,0.11683116725747494,14.239766841713465,23.74002439779245,0,15.532573218655088,0,1.0,0.0,10.0,5.452562704471101,0.0015272351300934517,6.760675368126685e-57,0.0,0.0015272351300934517,0.0,1.6569281269240466,1.3542032604179343e-56,289.1636761392464,2.2467954986912995
PSLS/data/realStar.hdf5,run_03871,0,1174.3138702334873,0.022689959119042685,9.064453637023526,55.12645874503223,0,11.266177692863424,0,1.0,0.0,10.0,5.452562704471101,0.004881141634571651,1.569287741704306e-65,0.0,0.004881141634571651,0.0,1.6785010275106413,3.153970459934809e-65,290.1003298351231,2.3012502526764433
PSLS/data/realStar.hdf5,run_03872,0,1102.3945400044902,0.049375177665757955,10.28574861403197,47.93121310513223,0,9.283207511072657,0,1.0,0.0,10.0,5.452562704471101,0.005149910320934925,0.09844774085730518,0.0,0.005149910320934925,0.0,1.1567909945487147,0.1979147247985152,264.32092439850373,1.083716163698113
PSLS/data/realStar.hdf5,run_03874,0,913.3522830203524,0.0903341816355342,14.984193601546089,27.979251365915506,0,12.556994973721629,0,1.0,0.0,10.0,5.452562704471101,0.0022256999506790054,3.713258604584225e-54,0.0,0.0022256999506790054,0.0,1.6473128084059416,7.443083279255989e-54,288.74324872717847,2.228042800486432
PSLS/data/realStar.hdf5,run_03875,0,873.223264922995,0.07985151988100243,16.393036926938336,20.463816213442488,0,14.688335296254573,0,1.0,0.0,10.0,5.452562704471101,0.0013922318156039948,0.49545295556971364,0.0,0.0013922318156039948,0.0,0.891540712859621,0.9922874052352189,247.65842963868235,0.4447815679574254
PSLS/data/realStar.hdf5,run_03876,0,1076.2327558628097,0.08390221960370484,10.79189226393873,28.607201488754466,0,13.537495081433518,0,1.0,0.0,10.0,5.452562704471101,0.002110951581066778,9.15681411826576e-24,0.0,0.002110951581066778,0.0,1.5049112924473207,1.8352369199309124e-23,282.2900333148132,1.9341460789495644
PSLS/data/realStar.hdf5,run_03877,0,845.1652089246551,0.04529433472555109,17.499546367531238,24.368308747094023,0,15.601591623594048,0,1.0,0.0,10.0,5.452562704471101,0.0015606925668379956,0.4420527500388752,0.0,0.0015606925668379956,0.0,1.0010416686508348,0.8854874737961321,254.93581875456493,0.7038806534107768
PSLS/data/realStar.hdf5,run_03878,0,1006.5608924151217,0.08170999095691997,12.337577882839247,33.15732416998321,0,15.23549710119469,0,1.0,0.0,10.0,5.452562704471101,0.002173953998899525,0.00044223979318269154,0.0,0.002173953998899525,0.0,1.2944978651682242,0.0008864065935240256,271.85864900969773,1.3840190680825883
PSLS/data/realStar.hdf5,run_03879,0,1150.3200619331403,0.09310941815473094,9.446536888866877,43.12251238233782,0,10.645831815331922,0,1.0,0.0,10.0,5.452562704471101,0.004042454726337241,0.41173185459337946,0.0,0.004042454726337241,0.0,1.029675315587718,0.8268060351513206,256.7396206108196,0.7583379110751033
PSLS/data/realStar.hdf5,run_03880,0,987.6850276532465,0.053221623288457684,12.813656346676662,30.91617283761683,0,12.62250545552463,0,1.0,0.0,10.0,5.452562704471101,0.0024462926561200637,1.940033126797961e-08,0.0,0.0024462926561200637,0.0,1.3783896163476566,3.8895813077845375e-08,276.16002791245376,1.604500776880263
PSLS/data/realStar.hdf5,run_03882,0,929.4162797386113,0.05673871148371849,14.47069741063741,15.67344741713337,0,12.653518794535803,0,1.0,0.0,10.0,5.452562704471101,0.0012378963209607186,0.0020206452838716746,0.0,0.0012378963209607186,0.0,1.2861183555291436,0.004046299466967013,271.4176299442358,1.3289989653797738
PSLS/data/realStar.hdf5,run_03883,0,1297.4006845511326,0.06714343307803765,7.426116661103171,62.949481488054694,0,9.01454578600184,0,1.0,0.0,10.0,5.452562704471101,0.006958775562039166,0.24710932946677408,0.0,0.006958775562039166,0.0,1.1032072831083404,0.4976819156860934,261.20536918176714,0.9417910347304738
PSLS/data/realStar.hdf5,run_03884,0,903.0748464770803,0.0310621050163184,15.327189295188436,25.527651410438764,0,14.386474856224744,0,1.0,0.0,10.0,5.452562704471101,0.0017728468346353,0.01608662516479746,0.0,0.0017728468346353,0.0,1.2271300364653774,0.03223038987426257,268.2504544192585,1.228337943841405
PSLS/data/realStar.hdf5,run_03887,0,980.662627436272,0.060542803417946364,12.997827329920845,37.90080624178395,0,11.114996068210557,0,1.0,0.0,10.0,5.452562704471101,0.003404073270722341,0.4952658972568414,0.0,0.003404073270722341,0.0,0.8896524409306512,0.9939151545245657,247.52719100329236,0.42749302903226005
PSLS/data/realStar.hdf5,run_03889,0,966.5224387655277,0.02927284986301208,13.380924827814928,30.825156863431324,0,13.404442254109837,0,1.0,0.0,10.0,5.452562704471101,0.0022969803831257574,2.6611757154169833e-10,0.0,0.0022969803831257574,0.0,1.3988856532171234,5.334604913672399e-10,277.1809467040619,1.6656044016170597
PSLS/data/realStar.hdf5,run_03890,0,913.1018339938477,0.07545191336178356,14.992414571483131,24.436003680447982,0,14.990946317097464,0,1.0,0.0,10.0,5.452562704471101,0.0016287229650173707,5.768984946861073e-33,0.0,0.0016287229650173707,0.0,1.598316436979443,1.1556792707406645e-32,286.5718393219334,2.046846791568647
PSLS/data/realStar.hdf5,run_03892,0,1212.7839112452657,0.03851735963455676,8.498517225836606,50.99126622384364,0,11.744498871954232,0,1.0,0.0,10.0,5.452562704471101,0.0043323033222062435,0.4851709593960058,0.0,0.0043323033222062435,0.0,0.9335620550703386,0.9745640257585079,250.52646911473255,0.5434653536149734
PSLS/data/realStar.hdf5,run_03894,0,947.5060802313535,0.05249038938200272,13.923422502796633,31.031335232646654,0,10.895577842608839,0,1.0,0.0,10.0,5.452562704471101,0.0028440150620613336,4.524463518892475e-41,0.0,0.0028440150620613336,0.0,1.603108120497197,9.074735722865004e-41,286.78638077113806,2.125472751824135
PSLS/data/realStar.hdf5,run_03897,0,972.0435928292718,0.02649133684268974,13.229350688282393,29.771599039522236,0,12.07055304568111,0,1.0,0.0,10.0,5.452562704471101,0.002463425974564948,0.2618977685741975,0.0,0.002463425974564948,0.0,1.1013276304418267,0.5250890551658504,261.09403711703476,0.9293273199668877
PSLS/data/realStar.hdf5,run_03899,0,980.1712881087311,0.0983650864245209,13.010861672973776,31.894128300018252,0,14.944621171786448,0,1.0,0.0,10.0,5.452562704471101,0.0021318786629280773,0.4918308659453551,0.0,0.0021318786629280773,0.0,0.9102300660206993,0.9857632595504442,248.94626445959918,0.49289387591543815
PSLS/data/realStar.hdf5,run_03905,0,712.0389654256189,0.04419844005671637,24.654857231312455,13.428957966875043,0,18.10605633786321,0,1.0,0.0,10.0,5.452562704471101,0.0007414082299883606,3.017393383400311e-58,0.0,0.0007414082299883606,0.0,1.6757893623454696,6.039264327075791e-58,289.98309249520497,2.2557588966632593
PSLS/data/realStar.hdf5,run_03907,0,943.5782254827642,0.05818172974662253,14.039582472726917,34.36563382084282,0,11.406163367122282,0,1.0,0.0,10.0,5.452562704471101,0.003008366139830243,0.11282875767029306,0.0,0.003008366139830243,0.0,1.1579283815685484,0.22633842419206807,264.3858722599372,1.068209298137397
PSLS/data/realStar.hdf5,run_03910,0,1181.9914405730542,0.07104404702418923,8.947080601947588,33.86420571993169,0,10.79220003598775,0,1.0,0.0,10.0,5.452562704471101,0.0031329229343093346,0.30569720655965277,0.0,0.0031329229343093346,0.0,1.079030036289542,0.6133158845198942,259.7623491927386,0.8875639674890641
PSLS/data/realStar.hdf5,run_03912,0,1001.7225301463259,0.11611413530173673,12.457047757973061,32.29631739459306,0,12.893625022133563,0,1.0,0.0,10.0,5.452562704471101,0.002501693877755007,0.0011629619167060278,0.0,0.002501693877755007,0.0,1.2797413941234688,0.0023317571760638257,271.0805600110353,1.3502856036182944
PSLS/data/realStar.hdf5,run_03913,0,1196.2304980437568,0.0634683201374884,8.73534921978486,31.92869921786929,0,10.455161973631729,0,1.0,0.0,10.0,5.452562704471101,0.0030492110834937636,0.48487076110784405,0.0,0.0030492110834937636,0.0,0.9380746102596652,0.9727075127445465,250.82866409463634,0.5499708705049519
PSLS/data/realStar.hdf5,run_03914,0,829.9594867815334,0.09921445268767494,18.146640103084813,14.780990419756181,0,16.92185436870343,0,1.0,0.0,10.0,5.452562704471101,0.0008731038861561347,0.16481169634809154,0.0,0.0008731038861561347,0.0,1.133036714688161,0.3299114396562343,262.9534150204918,1.0173820923097336
PSLS/data/realStar.hdf5,run_03917,0,1213.7720849660961,0.09751816787522101,8.484684986757784,56.19038613873362,0,9.30051250359924,0,1.0,0.0,10.0,5.452562704471101,0.006023430029639565,1.410966338325875e-63,0.0,0.006023430029639565,0.0,1.6858423576172106,2.839033395662332e-63,290.4170168768735,2.289479880999257
PSLS/data/realStar.hdf5,run_03919,0,861.5918404381065,0.08474161974690748,16.838634034191795,25.022231458832948,0,17.21636645324165,0,1.0,0.0,10.0,5.452562704471101,0.0014523422641543604,5.760339507057511e-26,0.0,0.0014523422641543604,0.0,1.5516513078242133,1.1537435319048826e-25,284.456821315727,1.9641707275241533
PSLS/data/realStar.hdf5,run_03921,0,821.3122169861705,0.07692688298815933,18.530769202605782,22.18318707494172,0,14.924750308472785,0,1.0,0.0,10.0,5.452562704471101,0.0014852315081801404,6.319977799996382e-26,0.0,0.0014852315081801404,0.0,1.5417054313258243,1.2658756784423378e-25,283.99988901068355,1.9636415890178236
PSLS/data/realStar.hdf5,run_03924,0,947.7518095050585,0.024801888590676197,13.916203420918114,32.95665948900323,0,10.999203568773073,0,1.0,0.0,10.0,5.452562704471101,0.0029917925348008634,0.025193720053075727,0.0,0.0029917925348008634,0.0,1.2085372204293492,0.05053864123571946,267.2285328516697,1.1999352261646266
PSLS/data/realStar.hdf5,run_03929,0,839.5192408325183,0.030294148155601025,17.735715138319332,30.205430203707845,0,14.638278827196704,0,1.0,0.0,10.0,5.452562704471101,0.0020613275788977647,8.448884656536551e-35,0.0,0.0020613275788977647,0.0,1.5679678642782195,1.6932673099116772e-34,285.20169948533163,2.0659851230065795
PSLS/data/realStar.hdf5,run_03932,0,826.0976112469924,0.03552482943143705,18.31670202094268,21.17736160600136,0,13.590201138517022,0,1.0,0.0,10.0,5.452562704471101,0.0015570682001087022,0.4989187759514249,0.0,0.0015570682001087022,0.0,0.8431534324196012,0.9993936760151628,244.22744877748372,0.2909417681504047
PSLS/data/realStar.hdf5,run_03934,0,783.5265957836983,0.03858238722881298,20.361160521847637,16.42530144744069,0,14.194926718760122,0,1.0,0.0,10.0,5.452562704471101,0.0011564555686249811,0.2416132160228089,0.0,0.0011564555686249811,0.0,1.1188602060187904,0.48378590895405005,262.12701180601886,0.9480560546336034
PSLS/data/realStar.hdf5,run_03936,0,1027.8902098097212,0.11791666786057736,11.830866499391604,27.200306279746883,0,13.080123341196108,0,1.0,0.0,10.0,5.452562704471101,0.002077353817625527,0.1834672887540276,0.0,0.002077353817625527,0.0,1.1368516312532806,0.36769841721879953,263.17447608969024,1.0000820157199128
PSLS/data/realStar.hdf5,run_03940,0,992.4547318776044,0.06549108277527692,12.690788300655731,29.52634407195098,0,13.607725298443484,0,1.0,0.0,10.0,5.452562704471101,0.0021674698102340795,2.934702735941597e-126,0.0,0.0021674698102340795,0.0,1.7891474436574535,5.8821548649721424e-126,294.76733350833973,2.5703224695317597
PSLS/data/realStar.hdf5,run_03942,0,755.7141734418146,0.06262485926913833,21.887435436258663,18.40139974736347,0,15.629140423831142,0,1.0,0.0,10.0,5.452562704471101,0.001176684756864943,0.013276676678391285,0.0,0.001176684756864943,0.0,1.2267149914495143,0.026584635091661746,268.22776934620475,1.2395565491574176
PSLS/data/realStar.hdf5,run_03943,0,1259.020961144234,0.08932881833165415,7.885769739424891,49.49310844147384,0,9.146311612983665,0,1.0,0.0,10.0,5.452562704471101,0.005396649666247311,0.4780712251557679,0.0,0.005396649666247311,0.0,0.9439382156309896,0.9613304137681511,251.2197111745639,0.5834238427130394
PSLS/data/realStar.hdf5,run_03946,0,990.4896269701482,0.11509222880366915,12.741194622087345,37.471787014241514,0,12.072050917498885,0,1.0,0.0,10.0,5.452562704471101,0.003099199213438153,2.206607313733068e-28,0.0,0.003099199213438153,0.0,1.5517554548107522,4.426934579633278e-28,284.4615943879613,1.994676551735302
PSLS/data/realStar.hdf5,run_03947,0,882.2315581781163,0.036223740196066806,16.059973909273562,26.881366996084136,0,13.636054052089586,0,1.0,0.0,10.0,5.452562704471101,0.001969403177176976,0.12245217000509181,0.0,0.001969403177176976,0.0,1.1600841751197546,0.24538760714333158,264.5088427029442,1.058299049079048
PSLS/data/realStar.hdf5,run_03949,0,1171.4152530278918,0.035536861629075926,9.109368347879307,35.869631988669184,0,10.041360610538373,0,1.0,0.0,10.0,5.452562704471101,0.0035658157348826824,0.49279051549476494,0.0,0.0035658157348826824,0.0,0.9068627913411893,0.9891080078875538,248.7157084987374,0.4712454986046645
PSLS/data/realStar.hdf5,run_03950,0,1398.9768547170033,0.10594896375159082,6.386882907949022,58.62690686021876,0,9.681631231617718,0,1.0,0.0,10.0,5.452562704471101,0.006037180743460047,1.273666043265197e-17,0.0,0.006037180743460047,0.0,1.510707042568617,2.5628041986879715e-17,282.56143219266363,1.8351966882822932
PSLS/data/realStar.hdf5,run_03952,0,1084.2492704604017,0.08917272579020268,10.632900155288208,31.754207023529915,0,12.80511558457197,0,1.0,0.0,10.0,5.452562704471101,0.00247673417680494,0.4960159132536622,0.0,0.00247673417680494,0.0,0.8820626712210915,0.9944949260794043,246.99756993860242,0.4203975918499751
PSLS/data/realStar.hdf5,run_03954,0,771.7896588785434,0.07670093471519282,20.985151194781395,20.68592817948375,0,16.620242162001464,0,1.0,0.0,10.0,5.452562704471101,0.0012438483284833435,7.913115837464792e-06,0.0,0.0012438483284833435,0.0,1.317336821916786,1.5845941622930512e-05,273.04990360164715,1.4924875719754527
PSLS/data/realStar.hdf5,run_03955,0,925.738366952709,0.0368156237688444,14.585908552458402,30.739320333840315,0,10.624545738128678,0,1.0,0.0,10.0,5.452562704471101,0.002889054825284787,0.0017310423969497072,0.0,0.002889054825284787,0.0,1.2642056598632287,0.003472115927172761,270.2540757244285,1.3350810955423829
PSLS/data/realStar.hdf5,run_03956,0,864.5266484805386,0.10972752253830001,16.724503882672064,28.84894110340919,0,15.536171428859467,0,1.0,0.0,10.0,5.452562704471101,0.0018551657446673753,0.41709928727645834,0.0,0.0018551657446673753,0.0,1.0286938162460249,0.8357490275199106,256.67841687750723,0.7510138264502145
PSLS/data/realStar.hdf5,run_03957,0,817.9082922811435,0.0948897769807529,18.68533078256994,19.77511623893575,0,15.75908661600365,0,1.0,0.0,10.0,5.452562704471101,0.0012540520028344604,0.20999307663109076,0.0,0.0012540520028344604,0.0,1.120369906017424,0.420513499057894,262.21539037774863,0.976359161686772
PSLS/data/realStar.hdf5,run_03958,0,860.9205807752006,0.024899975692504565,16.864902432390746,23.855874472226965,0,14.132259497074296,0,1.0,0.0,10.0,5.452562704471101,0.001686619957706137,6.323487437574072e-235,0.0,0.001686619957706137,0.0,1.9379434563210787,1.2668341552842206e-234,300.7136174740669,2.8523762395339687
PSLS/data/realStar.hdf5,run_03959,0,1018.802427748131,0.05780346173414075,12.042872006373958,27.458012497572057,0,10.947054016124724,0,1.0,0.0,10.0,5.452562704471101,0.0025051128248689825,2.122574021115538e-06,0.0,0.0025051128248689825,0.0,1.3284612223664642,4.255809324750706e-06,273.62453731248615,1.5207064240552377
PSLS/data/realStar.hdf5,run_03961,0,826.9923647056552,0.10469769022682848,18.277088434919023,16.838608780810297,0,15.923414052895442,0,1.0,0.0,10.0,5.452562704471101,0.0010569158511055665,1.414728173036391e-33,0.0,0.0010569158511055665,0.0,1.5754465603167611,2.8324500073830492e-33,285.5411727006816,2.053318429527021
PSLS/data/realStar.hdf5,run_03962,0,1060.3658495189325,0.08702115887365523,11.117280116272099,36.66440678240867,0,13.480800020948958,0,1.0,0.0,10.0,5.452562704471101,0.002716054899168485,4.657954565323725e-99,0.0,0.002716054899168485,0.0,1.7627263873077414,9.341280561480968e-99,293.6730178550678,2.4675283351749115
PSLS/data/realStar.hdf5,run_03963,0,1039.4957329342126,0.040311274444171055,11.56816810878126,29.269791600350267,0,11.165652148644059,0,1.0,0.0,10.0,5.452562704471101,0.002617980624699534,4.575540491967009e-05,0.0,0.002617980624699534,0.0,1.3390898341373736,9.175101221160674e-05,274.1701994525105,1.4500602575028791
PSLS/data/realStar.hdf5,run_03964,0,916.9966163716623,0.08795603718288307,14.865329725729527,41.655487373954344,0,12.483325259887115,0,1.0,0.0,10.0,5.452562704471101,0.0033313291011567436,0.4496166299288395,0.0,0.0033313291011567436,0.0,1.0021058148030038,0.9022389146101157,255.00354343066203,0.6845191830434616
PSLS/data/realStar.hdf5,run_03965,0,772.3164482450904,0.04023682424621611,20.956533432306266,23.708323055237678,0,14.974756925545918,0,1.0,0.0,10.0,5.452562704471101,0.0015819665946602557,1.6620817021544196e-14,0.0,0.0015819665946602557,0.0,1.4816767885276623,3.329430452063248e-14,281.1940902730154,1.7727120765382915
PSLS/data/realStar.hdf5,run_03968,0,829.0658381112437,0.10816062158314818,18.18578165262285,33.459017872236295,0,14.441077875593454,0,1.0,0.0,10.0,5.452562704471101,0.002314251534262901,2.1484748228211314e-81,0.0,0.002314251534262901,0.0,1.7161394301782162,4.306916934766489e-81,291.7131199458246,2.38715814023159
PSLS/data/realStar.hdf5,run_03970,0,786.0131755190472,0.06834330946219794,20.232537831039522,20.71738049344939,0,16.27356037537235,0,1.0,0.0,10.0,5.452562704471101,0.0012722599279496594,0.49931904958647005,0.0,0.0012722599279496594,0.0,0.803088545593223,0.9999102449090843,241.27297408193687,0.21159874959941619
PSLS/data/realStar.hdf5,run_03971,0,940.046289382814,0.11731731684812556,14.14527952730172,27.673794713462527,0,11.846568319619598,0,1.0,0.0,10.0,5.452562704471101,0.0023332914548256367,0.29176990358875565,0.0,0.0023332914548256367,0.0,1.0772909844241432,0.5849045599892227,259.6576223865921,0.9013681102170363
PSLS/data/realStar.hdf5,run_03974,0,842.9207047822275,0.0644550413545887,17.592864986881825,17.643841241947865,0,14.82204064403008,0,1.0,0.0,10.0,5.452562704471101,0.0011896704647371692,0.47389213265720953,0.0,0.0011896704647371692,0.0,0.9663478840881751,0.9489131592736073,252.69764510406586,0.6117974686532077
PSLS/data/realStar.hdf5,run_03976,0,921.680469206254,0.055673295092072986,14.714626522933205,34.7660590144892,0,12.734893226337316,0,1.0,0.0,10.0,5.452562704471101,0.0027262613163608895,1.0120103058059921e-17,0.0,0.0027262613163608895,0.0,1.4792933176123317,2.029553705368407e-17,281.08093762382117,1.837059728720511
PSLS/data/realStar.hdf5,run_03979,0,920.5673627592624,0.022027353659788477,14.750232495148477,19.43082577066523,0,13.962683480989764,0,1.0,0.0,10.0,5.452562704471101,0.0013906575946324162,7.372173478824308e-15,0.0,0.0013906575946324162,0.0,1.4454868670557692,1.476487984994578e-14,279.4610955702735,1.780370303908346
PSLS/data/realStar.hdf5,run_03981,0,766.6497849232297,0.10814319280371584,21.267477237873592,18.86906504467405,0,18.420305520887617,0,1.0,0.0,10.0,5.452562704471101,0.0010238377394833353,4.582853703133435e-05,0.0,0.0010238377394833353,0.0,1.3390898341373736,9.175101221160674e-05,274.1701994525105,1.4500602575028791
PSLS/data/realStar.hdf5,run_03982,0,808.2977499028096,0.07860655556967552,19.132304018753572,25.921347077945995,0,15.694535904853087,0,1.0,0.0,10.0,5.452562704471101,0.0016502528624476875,1.8049903472185184e-15,0.0,0.0016502528624476875,0.0,1.4729388896171414,3.615947922847177e-15,280.77859850513596,1.7932440205999003
PSLS/data/realStar.hdf5,run_03983,0,1300.2708107585586,0.07775478434557277,7.393369069631903,50.04065853327026,0,9.65322692946044,0,1.0,0.0,10.0,5.452562704471101,0.00517041416979358,0.4965284421918213,0.0,0.00517041416979358,0.0,0.8572710163131992,0.9982180853165072,245.24341494422814,0.34824029496376413
PSLS/data/realStar.hdf5,run_03985,0,1095.7685957622718,0.09112275728278374,10.4105173869515,31.97736195348282,0,12.16506028885326,0,1.0,0.0,10.0,5.452562704471101,0.0026251715795690966,5.8390003708530865e-06,0.0,0.0026251715795690966,0.0,1.3120837583855283,1.1708738188431057e-05,272.77728950178056,1.499220940116005
PSLS/data/realStar.hdf5,run_03986,0,1092.9673399160913,0.028129303639144714,10.463949714046665,33.00351352728118,0,11.230643529423164,0,1.0,0.0,10.0,5.452562704471101,0.0029343881465850874,1.404933630890014e-17,0.0,0.0029343881465850874,0.0,1.4884799724907447,2.818136768910174e-17,281.51631473688195,1.8344355032490063
PSLS/data/realStar.hdf5,run_03988,0,758.3849453973239,0.0642799772380493,21.733546787812383,27.9140952539818,0,13.062789584144667,0,1.0,0.0,10.0,5.452562704471101,0.0021346352750483133,6.320649632043574e-235,0.0,0.0021346352750483133,0.0,1.9379434563210787,1.2668341552842206e-234,300.7136174740669,2.8523762395339687
PSLS/data/realStar.hdf5,run_03989,0,839.927361382734,0.04422468153649024,17.718483764258355,25.013760075517396,0,14.761337106903806,0,1.0,0.0,10.0,5.452562704471101,0.0016931107514837063,0.20387261833867726,0.0,0.0016931107514837063,0.0,1.1208060749010518,0.40843676535608014,262.24090728522475,0.9817577029473656
PSLS/data/realStar.hdf5,run_03990,0,984.8236967077546,0.029844695802793822,12.888222736492644,27.786866480567625,0,13.18248680053168,0,1.0,0.0,10.0,5.452562704471101,0.0021056422830263433,0.4972714557490435,0.0,0.0021056422830263433,0.0,0.86910191303681,0.9966414819434852,246.08520053436885,0.3870909345585274
PSLS/data/realStar.hdf5,run_03993,0,807.8951014005524,0.11895218340018482,19.151379547864828,17.049247952003046,0,18.850431543282678,0,1.0,0.0,10.0,5.452562704471101,0.000904039790913691,0.48503947164611194,0.0,0.000904039790913691,0.0,0.9375877703970595,0.9709567268085141,250.7961141344499,0.5557826483590762
PSLS/data/realStar.hdf5,run_03995,0,733.3688478565662,0.037293413759258945,23.24155047315305,17.41946108856244,0,14.496231084739124,0,1.0,0.0,10.0,5.452562704471101,0.001200932786665665,0.46760389277676595,0.0,0.001200932786665665,0.0,0.97116552115343,0.9363322576609696,253.01200812605833,0.6353616898045777
PSLS/data/realStar.hdf5,run_03998,0,963.8389783950993,0.03721283427528942,13.455537221728731,22.80885304355037,0,15.421299674285356,0,1.0,0.0,10.0,5.452562704471101,0.0014779554340970114,0.1604931932309608,0.0,0.0014779554340970114,0.0,1.1485242087660164,0.3214614922212029,263.84742384078254,1.021311366740969
PSLS/data/realStar.hdf5,run_03999,0,1000.4581966779047,0.0535650101978839,12.488552951152684,40.629787867919994,0,14.471014051950231,0,1.0,0.0,10.0,5.452562704471101,0.0028037291380742513,0.3863065284529158,0.0,0.0028037291380742513,0.0,1.0442268971757938,0.7747853451537922,257.64192692139113,0.7964124848933047
PSLS/data/realStar.hdf5,run_04000,0,1034.11518824035,0.07752652495184711,11.68886060577428,38.97411939047915,0,12.693486185658678,0,1.0,0.0,10.0,5.452562704471101,0.003065694237423755,0.41778653403765764,0.0,0.003065694237423755,0.0,1.0338048158854702,0.8381425568820883,256.99664716192257,0.7490054102544914
PSLS/data/realStar.hdf5,run_04001,0,862.1052424683965,0.04806339117814759,16.818584475652454,22.301601923043265,0,14.870664689517765,0,1.0,0.0,10.0,5.452562704471101,0.0014985804494445087,2.2866519030957553e-44,0.0,0.0014985804494445087,0.0,1.6184313248427014,4.580167555745731e-44,287.4692451800289,2.1536872018377533
PSLS/data/realStar.hdf5,run_04002,0,900.3024566111033,0.06434576873557604,15.421731679947769,27.38239067147977,0,13.727638634000034,0,1.0,0.0,10.0,5.452562704471101,0.0019927024488566314,0.49463210407845143,0.0,0.0019927024488566314,0.0,0.9002267218013489,0.9912394534431824,248.25945334260626,0.4543669687921939
PSLS/data/realStar.hdf5,run_04004,0,1232.703896320605,0.11449635990833605,8.226071416429711,49.60735909406107,0,10.269906165982688,0,1.0,0.0,10.0,5.452562704471101,0.004818714040139671,0.4752267811488299,0.0,0.004818714040139671,0.0,0.9498879285058983,0.955055702620995,251.61464305203262,0.5985544488567447
PSLS/data/realStar.hdf5,run_04008,0,876.664167890585,0.03862787316662833,16.264604277002622,21.98558939720373,0,15.8700049389392,0,1.0,0.0,10.0,5.452562704471101,0.0013843957572531318,2.4061957571012546e-178,0.0,0.0013843957572531318,0.0,1.8668087926622168,4.8190630045799853e-178,297.91528035423994,2.723711006916834
PSLS/data/realStar.hdf5,run_04010,0,1103.396908663333,0.04649104701806855,10.267069154430121,31.310672368022544,0,8.983328742901966,0,1.0,0.0,10.0,5.452562704471101,0.0034793528303642685,4.0950674497632533e-54,0.0,0.0034793528303642685,0.0,1.648993318992564,8.218730763671088e-54,288.81686112241226,2.227741787279857
PSLS/data/realStar.hdf5,run_04012,0,997.0831026946406,0.09338935913254803,12.573242738935582,32.07175877349351,0,13.28468159129569,0,1.0,0.0,10.0,5.452562704471101,0.002411279187452986,7.835122486436675e-24,0.0,0.002411279187452986,0.0,1.5127339906610007,1.5708121639657036e-23,282.6561642278818,1.9351028791568787
PSLS/data/realStar.hdf5,run_04013,0,1506.2362875004428,0.11449718950531729,5.50964732820401,95.69073118445489,0,7.382667606305171,0,1.0,0.0,10.0,5.452562704471101,0.012877899616460131,0.3906645353821638,0.0,0.012877899616460131,0.0,1.0312773810015425,0.7915222143853807,256.83942729083685,0.7848860176049184
PSLS/data/realStar.hdf5,run_04014,0,876.4794963020022,0.049199385782131594,16.27145880525571,29.133796155318933,0,12.00260632495638,0,1.0,0.0,10.0,5.452562704471101,0.002424345669976624,0.49541261829919064,0.0,0.002424345669976624,0.0,0.9042698758553482,0.9932331771506837,248.53773465365077,0.4351540808334334
PSLS/data/realStar.hdf5,run_04017,0,743.1847495648144,0.08325034943478234,22.631661283366835,21.104501734730864,0,18.955814195014167,0,1.0,0.0,10.0,5.452562704471101,0.0011127328798665737,0.00012827699108114,0.0,0.0011127328798665737,0.0,1.2859564445432643,0.0002568397762261444,271.40908726800296,1.4219745764465512
PSLS/data/realStar.hdf5,run_04018,0,866.5135696924737,0.020289457040481424,16.647893027237373,25.91945247245324,0,13.827806095714646,0,1.0,0.0,10.0,5.452562704471101,0.0018726886376015939,0.4722204793760156,0.0,0.0018726886376015939,0.0,0.9712194790560532,0.9462129209378233,253.01552238613291,0.6172172215594071
PSLS/data/realStar.hdf5,run_04021,0,590.8310573610099,0.1102554562146444,35.80827339369768,7.707042490974046,0,17.493844600067664,0,1.0,0.0,10.0,5.452562704471101,0.0004404603572946142,1.1950061460100259e-117,0.0,0.0004404603572946142,0.0,1.7801522175118152,2.3910654615675686e-117,294.39613539797864,2.5399918816498794
PSLS/data/realStar.hdf5,run_04024,0,821.1581039554912,0.11089017738037496,18.537725478082823,25.346595776299257,0,14.57197201108628,0,1.0,0.0,10.0,5.452562704471101,0.0017378954958655601,5.483015397776798e-102,0.0,0.0017378954958655601,0.0,1.7744696104310418,1.0985121789232639e-101,294.16091057872035,2.4796683266114505
PSLS/data/realStar.hdf5,run_04027,0,1238.3408551549596,0.08902483099094625,8.151351298804686,46.13936103431945,0,10.486873543972797,0,1.0,0.0,10.0,5.452562704471101,0.004390060515403693,1.978883130419899e-24,0.0,0.004390060515403693,0.0,1.5355364515305021,3.975217707136029e-24,283.7153624405066,1.9434523688203755
PSLS/data/realStar.hdf5,run_04028,0,797.4254477213213,0.06013791566806691,19.657570015671904,20.560703072355217,0,15.213648031035643,0,1.0,0.0,10.0,5.452562704471101,0.0013505515415175307,0.3500869194354436,0.0,0.0013505515415175307,0.0,1.0732876970053464,0.7011207385651463,259.41605910333806,0.8414985728622943
PSLS/data/realStar.hdf5,run_04030,0,815.7324836647285,0.028791786932346335,18.78514273108348,25.37611799135596,0,15.204374754867438,0,1.0,0.0,10.0,5.452562704471101,0.0016676090791044595,1.905852963899145e-21,0.0,0.0016676090791044595,0.0,1.5147976266432557,3.818072980966032e-21,282.75251316888824,1.899788992082472
PSLS/data/realStar.hdf5,run_04032,0,1024.3068570094374,0.06168736029317165,11.913787593761299,40.078352383034265,0,12.554692451999292,0,1.0,0.0,10.0,5.452562704471101,0.0031872106368967534,6.313982439946573e-235,0.0,0.0031872106368967534,0.0,1.9379434563210787,1.2668341552842206e-234,300.7136174740669,2.8523762395339687
PSLS/data/realStar.hdf5,run_04034,0,733.2620856600873,0.07302278064494569,23.248318856969274,17.223589363059638,0,17.575727052502522,0,1.0,0.0,10.0,5.452562704471101,0.0009794845364988758,0.0013755254594445569,0.0,0.0009794845364988758,0.0,1.286620085867118,0.0027537481726416283,271.44409689833196,1.3440375992597375
PSLS/data/realStar.hdf5,run_04035,0,877.3362617884749,0.06747665314583716,16.239694434061068,25.684616230871633,0,14.5125101287559,0,1.0,0.0,10.0,5.452562704471101,0.0017682606769190423,0.0007764149214212821,0.0,0.0017682606769190423,0.0,1.2769528485893498,0.0015555805146964833,270.932768638131,1.364912789361748
PSLS/data/realStar.hdf5,run_04037,0,834.3421276299431,0.11775640954141091,17.95649909255499,30.056288464825794,0,13.591271077286624,0,1.0,0.0,10.0,5.452562704471101,0.0022089971519744234,1.6644283055766282e-11,0.0,0.0022089971519744234,0.0,1.4351316899936355,3.33622632560486e-11,278.9592446019311,1.699835938004639
PSLS/data/realStar.hdf5,run_04039,0,940.4110779853969,0.058441375085395875,14.134307653245948,25.364950651383122,0,12.213096389784406,0,1.0,0.0,10.0,5.452562704471101,0.0020747096625367556,6.321029211107105e-235,0.0,0.0020747096625367556,0.0,1.9379434563210787,1.2668341552842206e-234,300.7136174740669,2.8523762395339687
PSLS/data/realStar.hdf5,run_04040,0,1084.5559309925945,0.07296726385161886,10.626888054402446,45.81733961612007,0,10.702393838102333,0,1.0,0.0,10.0,5.452562704471101,0.004271886014994952,0.4955092244318675,0.0,0.004271886014994952,0.0,0.8833666723704029,0.9952701294107068,247.08880685433945,0.40987024792484406
PSLS/data/realStar.hdf5,run_04042,0,1674.735670751331,0.09217355768473535,4.456741776518749,119.28491154501722,0,5.964421892653496,0,1.0,0.0,10.0,5.452562704471101,0.019800747176309308,0.487518196068094,0.0,0.019800747176309308,0.0,0.8813202697536499,0.994732845722306,246.9455812111347,0.4173051241988472
PSLS/data/realStar.hdf5,run_04043,0,759.0566220900669,0.04803707184189318,21.695100490987123,16.68793043487851,0,14.894138994109829,0,1.0,0.0,10.0,5.452562704471101,0.0011198086074379887,0.4505531314248494,0.0,0.0011198086074379887,0.0,0.991576975752873,0.9021164606272206,254.33107575005795,0.6846696228774066
PSLS/data/realStar.hdf5,run_04044,0,821.3681328354567,0.10756565578745036,18.5282462694963,31.89481944854261,0,14.373841661916325,0,1.0,0.0,10.0,5.452562704471101,0.002216488804489103,1.999668067228818e-06,0.0,0.002216488804489103,0.0,1.346690493248304,4.008220309900456e-06,274.55842085533396,1.5219322986489214
PSLS/data/realStar.hdf5,run_04045,0,1257.6804840454345,0.026794370529819037,7.902588521575484,50.438727660014045,0,10.6496640995267,0,1.0,0.0,10.0,5.452562704471101,0.004724982129484245,8.822371490925186e-22,0.0,0.004724982129484245,0.0,1.5040871338558306,1.7728509874188296e-21,282.25137662592175,1.9049208257648358
PSLS/data/realStar.hdf5,run_04046,0,990.6446268669837,0.07848822239974437,12.737207865788182,26.393122421744145,0,14.818621799316688,0,1.0,0.0,10.0,5.452562704471101,0.0017794928989345316,0.44805825748942685,0.0,0.0017794928989345316,0.0,1.0069903093739783,0.8977139906504904,255.31371356705208,0.6899846480731631
PSLS/data/realStar.hdf5,run_04048,0,1048.1126048526924,0.09507499621292244,11.378738717522763,36.650734497195494,0,11.97100074999685,0,1.0,0.0,10.0,5.452562704471101,0.0030569446150340296,0.49836976807886624,0.0,0.0030569446150340296,0.0,0.8154314681825467,0.99979585671806,242.19472865302333,0.24265909351551154
PSLS/data/realStar.hdf5,run_04049,0,742.3123443938987,0.09741329025531274,22.684888420350088,18.812437253539233,0,16.42434772977485,0,1.0,0.0,10.0,5.452562704471101,0.0011447436329551364,0.49645804953410544,0.0,0.0011447436329551364,0.0,0.8908233323702655,0.9940540360968461,247.6085948533408,0.42584619526185774
PSLS/data/realStar.hdf5,run_04050,0,790.2152062404455,0.05279151984033566,20.017933757019186,23.13052512730979,0,12.375688228037315,0,1.0,0.0,10.0,5.452562704471101,0.0018672838509130596,0.497546230094301,0.0,0.0018672838509130596,0.0,0.8825603472217095,0.9969540563982167,247.03240271372167,0.38082959085937124
PSLS/data/realStar.hdf5,run_04051,0,777.8107914333586,0.11602717197450428,20.661511266568397,17.69812726747424,0,16.336456438117494,0,1.0,0.0,10.0,5.452562704471101,0.0010827650505256248,0.4284142723208065,0.0,0.0010827650505256248,0.0,1.0236219647502902,0.8577572942616729,256.36144969769543,0.7316785306507064
PSLS/data/realStar.hdf5,run_04052,0,1161.0254955771024,0.020145626076943108,9.273133230890595,40.203821200070685,0,8.342826190109793,0,1.0,0.0,10.0,5.452562704471101,0.004807376447635292,0.000252874569486484,0.0,0.004807376447635292,0.0,1.2907764236149353,0.000508192210235325,271.6630522056621,1.4017027710255843
PSLS/data/realStar.hdf5,run_04053,0,1036.0975510206829,0.0268890994773399,11.644174861383934,38.30973406068382,0,12.408723401787597,0,1.0,0.0,10.0,5.452562704471101,0.003082561870149103,0.4593675001866821,0.0,0.003082561870149103,0.0,0.9796410960015871,0.9215758148406435,253.56223350333585,0.6586842790644692
PSLS/data/realStar.hdf5,run_04054,0,783.7707148633357,0.08931731986002223,20.348478818919133,25.98453928699077,0,15.944862281110318,0,1.0,0.0,10.0,5.452562704471101,0.0016283224952521325,1.2108101958470077e-48,0.0,0.0016283224952521325,0.0,1.6243664890307408,2.4255700018919047e-48,287.732437660615,2.187729027798703
PSLS/data/realStar.hdf5,run_04055,0,842.2537209439295,0.04750432689708747,17.620739729337053,22.713779072021136,0,16.323919832240392,0,1.0,0.0,10.0,5.452562704471101,0.0013904738681037587,0.40730845677918304,0.0,0.0013904738681037587,0.0,1.0377112579947148,0.8157511942768825,257.2390824447074,0.7670304488793462
PSLS/data/realStar.hdf5,run_04056,0,824.6990148005791,0.07038890821738147,18.37888081887623,20.841385607824694,0,14.570147288215518,0,1.0,0.0,10.0,5.452562704471101,0.0014293943887425664,0.4977260659194487,0.0,0.0014293943887425664,0.0,0.8672823793763101,0.996877062318041,245.95629957866683,0.3824198174937222
PSLS/data/realStar.hdf5,run_04058,0,933.3715724505845,0.08655471104785889,14.348314057125881,30.783739576807818,0,14.845286348442484,0,1.0,0.0,10.0,5.452562704471101,0.0020714888045758606,2.24335326915873e-22,0.0,0.0020714888045758606,0.0,1.533211211160362,4.496019993398935e-22,283.6078948900151,1.9139298046974031
PSLS/data/realStar.hdf5,run_04059,0,1045.6903619975203,0.1138967699966512,11.431515317604665,30.955961625867673,0,12.574590071621483,0,1.0,0.0,10.0,5.452562704471101,0.0024587592284961435,0.4061817170836379,0.0,0.0024587592284961435,0.0,1.0248905952858596,0.8143657635036617,256.4408434903562,0.7680937996235753
PSLS/data/realStar.hdf5,run_04063,0,885.4188576054634,0.09391501968721437,15.94455776937788,28.445061548293783,0,14.77102218976617,0,1.0,0.0,10.0,5.452562704471101,0.0019238810925219507,0.499031387483335,0.0,0.0019238810925219507,0.0,0.784299339777906,0.9999866303375511,239.849204325131,0.15405905312816312
PSLS/data/realStar.hdf5,run_04064,0,1136.9238165548506,0.0704023528330412,9.670463374439471,43.38381583263351,0,11.781607160047288,0,1.0,0.0,10.0,5.452562704471101,0.003675562793992948,0.34927186263218973,0.0,0.003675562793992948,0.0,1.0732876970053464,0.7011207385651463,259.41605910333806,0.8414985728622943
PSLS/data/realStar.hdf5,run_04065,0,1277.1954262570955,0.04842641601427734,7.662937859117507,48.849409714934815,0,9.798965079625575,0,1.0,0.0,10.0,5.452562704471101,0.004972754809901336,0.3603166842325338,0.0,0.004972754809901336,0.0,1.050268488629928,0.7242348106029917,258.0137813119121,0.8281702303287092
PSLS/data/realStar.hdf5,run_04066,0,1818.9266948486302,0.03605009998027815,3.77815368150358,112.15512663109351,0,6.306294329513383,0,1.0,0.0,10.0,5.452562704471101,0.017627419225006102,0.48767998170176585,0.0,0.017627419225006102,0.0,0.8927073661137508,0.9928615501809609,247.73941019093223,0.4390625944337891
PSLS/data/realStar.hdf5,run_04068,0,952.8852633496641,0.062355509705419324,13.766666509910225,26.297101482013954,0,14.020026437507124,0,1.0,0.0,10.0,5.452562704471101,0.0018739233139637435,3.578110282600804e-15,0.0,0.0018739233139637435,0.0,1.4802520317647496,7.169655950640613e-15,281.1264679460802,1.7870384218688107
PSLS/data/realStar.hdf5,run_04069,0,1028.6126214696728,0.03377368080265991,11.814254308438208,31.77239547417868,0,12.145803679054248,0,1.0,0.0,10.0,5.452562704471101,0.0026124969228368267,4.9247491523243e-15,0.0,0.0026124969228368267,0.0,1.4647326389233697,9.875297488950582e-15,280.386700167747,1.7840983506158155
PSLS/data/realStar.hdf5,run_04073,0,903.0451173453476,0.06158256206327485,15.328198484034816,29.06336136619546,0,12.751490205783684,0,1.0,0.0,10.0,5.452562704471101,0.002276617497403488,0.4958984647152274,0.0,0.002276617497403488,0.0,0.8859195558832822,0.9940600238742764,247.2671321483343,0.42577447826626724
PSLS/data/realStar.hdf5,run_04074,0,758.9044244172965,0.11017809338075321,21.703803233519885,18.544623001157298,0,15.430464890300879,0,1.0,0.0,10.0,5.452562704471101,0.001201096918167055,0.02752214799923716,0.0,0.001201096918167055,0.0,1.2084512913956165,0.055110489037015355,267.2237826252166,1.1940616957731438
PSLS/data/realStar.hdf5,run_04075,0,991.5182825796237,0.11979717409087473,12.714771503218838,34.73819662496328,0,13.43235096212623,0,1.0,0.0,10.0,5.452562704471101,0.0025828178677689273,0.11479333291065337,0.0,0.0025828178677689273,0.0,1.1419916553342973,0.23018118189071826,263.4714444061489,1.066182312286745
PSLS/data/realStar.hdf5,run_04076,0,634.3428133818062,0.0211364408621349,31.064328131065622,12.136312834572887,0,19.76721517377494,0,1.0,0.0,10.0,5.452562704471101,0.0006137732540820728,0.08439833297784749,0.0,0.0006137732540820728,0.0,1.1770920325147665,0.16890033246236594,265.4730410209674,1.100711406375394
PSLS/data/realStar.hdf5,run_04077,0,528.3954085766013,0.09219411293330541,44.77049978769366,9.12597565422075,0,24.21835844031174,0,1.0,0.0,10.0,5.452562704471101,0.0003767495829654077,0.03640850189532678,0.0,0.0003767495829654077,0.0,1.1922214841744574,0.0728444479060235,266.3220073930815,1.174089229762234
PSLS/data/realStar.hdf5,run_04079,0,961.8111065458806,0.06171391946965027,13.51233604599391,29.013821295160724,0,12.907818008095344,0,1.0,0.0,10.0,5.452562704471101,0.0022452468325441233,0.07024158931254817,0.0,0.0022452468325441233,0.0,1.1775882801042206,0.14079930782501487,265.5010166444972,1.1187288680360026
PSLS/data/realStar.hdf5,run_04080,0,948.5338715978565,0.07401429890203984,13.893265181461581,36.032713202341554,0,11.859019015907197,0,1.0,0.0,10.0,5.452562704471101,0.0030338114178405373,0.04274639998117212,0.0,0.0030338114178405373,0.0,1.1932497067880277,0.08575295826624597,266.37941069334283,1.1615728442611917
PSLS/data/realStar.hdf5,run_04082,0,1188.2103161279272,0.05444320585115925,8.853670919751437,45.474774043858496,0,10.791232192285587,0,1.0,0.0,10.0,5.452562704471101,0.004205181691710358,7.560238546313096e-50,0.0,0.004205181691710358,0.0,1.631180679317561,1.5184329958970545e-49,288.0337223098094,2.1968488377149993
PSLS/data/realStar.hdf5,run_04086,0,822.4312241239111,0.03979265350509781,18.48037725355739,16.819470007564693,0,15.28282914439677,0,1.0,0.0,10.0,5.452562704471101,0.0010999415052960204,4.926504853026694e-157,0.0,0.0010999415052960204,0.0,1.8520566943508274,9.863859374381673e-157,297.32497358218575,2.6662005273128084
PSLS/data/realStar.hdf5,run_04087,0,804.585647949744,0.06709774235812656,19.309251985896793,15.650434605563667,0,19.09560206103385,0,1.0,0.0,10.0,5.452562704471101,0.0008192474314604459,0.4921866996639611,0.0,0.0008192474314604459,0.0,0.9119184111044374,0.9851805059269277,249.06162407578964,0.4962249231203528
PSLS/data/realStar.hdf5,run_04088,0,779.3473048368315,0.041093939239356475,20.580121637357795,22.312063472814053,0,15.080909649052304,0,1.0,0.0,10.0,5.452562704471101,0.0014783966540997673,2.697468918548558e-29,0.0,0.0014783966540997673,0.0,1.5753263465300444,5.402925504084706e-29,285.535725520061,2.0056270791501145
PSLS/data/realStar.hdf5,run_04089,0,859.5271968312155,0.08530773821507738,16.919626312584302,29.341582963733746,0,12.088879592250814,0,1.0,0.0,10.0,5.452562704471101,0.002424211710323254,5.613030794067384e-146,0.0,0.002424211710323254,0.0,1.8258247337345686,1.1253342071765415e-145,296.2665302367549,2.6337325921280383
PSLS/data/realStar.hdf5,run_04090,0,942.5599137216701,0.09044484120062005,14.069934696664061,31.35517958858441,0,10.938706078002667,0,1.0,0.0,10.0,5.452562704471101,0.0028623388682614825,0.1942234109533885,0.0,0.0028623388682614825,0.0,1.1102679698039744,0.3895618800175442,261.62230790257183,0.990219370133855
PSLS/data/realStar.hdf5,run_04094,0,631.4087344337324,0.06561768691557386,31.353703163388335,12.643527565525165,0,18.140223456030284,0,1.0,0.0,10.0,5.452562704471101,0.0006967456835835772,0.42461699924637436,0.0,0.0006967456835835772,0.0,1.0250584900411022,0.8498261111675013,256.45134520345766,0.7388819501746094
PSLS/data/realStar.hdf5,run_04095,0,1196.7197086509957,0.09547677259034447,8.728208780812874,37.73543552643925,0,10.659902784390928,0,1.0,0.0,10.0,5.452562704471101,0.0035336835998751592,0.15576985652044473,0.0,0.0035336835998751592,0.0,1.1225098248611927,0.3126444997823616,262.3405093663346,1.0254407311686844
PSLS/data/realStar.hdf5,run_04098,0,1065.3136679086845,0.10650279752742521,11.014252159127533,34.35322033614635,0,11.890852329675916,0,1.0,0.0,10.0,5.452562704471101,0.002884876804534864,0.4957317932447093,0.0,0.002884876804534864,0.0,0.8856584989441394,0.994332112135723,247.24891437266442,0.42245049373375493
PSLS/data/realStar.hdf5,run_04100,0,757.6811166640621,0.05978689277992337,21.77394320025407,18.920512433209552,0,15.827984611429446,0,1.0,0.0,10.0,5.452562704471101,0.0011946693636283312,0.40839981368404377,0.0,0.0011946693636283312,0.0,1.0231916409944155,0.8177766000184217,256.33450229392207,0.7654658037974088
PSLS/data/realStar.hdf5,run_04101,0,973.2767077849317,0.06544410317894413,13.195849473677777,30.265176878894696,0,11.870906511996802,0,1.0,0.0,10.0,5.452562704471101,0.0025462780536225083,0.4369390914941928,0.0,0.0025462780536225083,0.0,1.0017717173423073,0.8761090001079416,254.9822865213044,0.7137958657509755
PSLS/data/realStar.hdf5,run_04102,0,1060.8732679158506,0.04859823769626323,11.106647812591731,46.847157941991306,0,8.320999394120719,0,1.0,0.0,10.0,5.452562704471101,0.005614173046919357,0.00018001456213953397,0.0,0.005614173046919357,0.0,1.3208795645484503,0.0003620618018885497,273.2332985166395,1.4119564365731836
PSLS/data/realStar.hdf5,run_04107,0,856.6756735678143,0.09712837876791547,17.03245081856191,28.709809454298355,0,14.389040349876849,0,1.0,0.0,10.0,5.452562704471101,0.0019932661314722155,2.932299060003145e-13,0.0,0.0019932661314722155,0.0,1.4531258941453982,5.876311172043516e-13,279.82958614608077,1.7442644213766214
PSLS/data/realStar.hdf5,run_04109,0,867.8138057555356,0.08048631284959598,16.598043682556717,25.655972602009317,0,12.288368332231975,0,1.0,0.0,10.0,5.452562704471101,0.0020856478205709683,0.15296832477253453,0.0,0.0020856478205709683,0.0,1.1267232393508015,0.30657605923485143,262.58634169701276,1.0283018867592066
PSLS/data/realStar.hdf5,run_04111,0,1114.0953256246578,0.07136202369174514,10.070831018060202,40.292406455472396,0,10.821704380379174,0,1.0,0.0,10.0,5.452562704471101,0.003716372927642153,0.444897430662602,0.0,0.003716372927642153,0.0,1.0034308464471495,0.8931140060385437,255.08779609873048,0.6953541068943553
PSLS/data/realStar.hdf5,run_04113,0,792.7928830149077,0.05539434228463244,19.88797326263808,18.362816279649845,0,17.81528645705164,0,1.0,0.0,10.0,5.452562704471101,0.0010302026850746993,0.001678508154903034,0.0,0.0010302026850746993,0.0,1.267340448036677,0.0033604782835569237,270.4214540770647,1.3363621344684509
PSLS/data/realStar.hdf5,run_04115,0,929.2027441200705,0.11925758348938836,14.477349057744465,29.5914866745613,0,14.245312769373074,0,1.0,0.0,10.0,5.452562704471101,0.00207512278173827,0.07556741353812572,0.0,0.00207512278173827,0.0,1.1818449774740778,0.15144910255924596,265.7406226157013,1.1116840570529078
PSLS/data/realStar.hdf5,run_04116,0,1111.0904211494335,0.07344727158053285,10.125377085084075,35.89341610491244,0,11.634024145925762,0,1.0,0.0,10.0,5.452562704471101,0.003080456356059691,0.11416943147617287,0.0,0.003080456356059691,0.0,1.1500842870054324,0.22904442430501615,263.93697639811853,1.06678038633655
PSLS/data/realStar.hdf5,run_04118,0,712.7072687186394,0.08570648968362594,24.60864135048393,20.226717267975307,0,16.471417077475554,0,1.0,0.0,10.0,5.452562704471101,0.0012272352258907437,0.4974890601272057,0.0,0.0012272352258907437,0.0,0.8820705890528658,0.9962006928367173,246.99812422989265,0.39514375334387686
PSLS/data/realStar.hdf5,run_04119,0,1393.0368291662853,0.0323129357406691,6.441467442682359,69.51732624658273,0,8.253295619833708,0,1.0,0.0,10.0,5.452562704471101,0.008387603965728685,0.49502050138805426,0.0,0.008387603965728685,0.0,0.8543794904532251,0.9984153150319145,245.03635487388462,0.34149253354089737
PSLS/data/realStar.hdf5,run_04120,0,1130.209791447085,0.024110022515651225,9.785699654273031,36.94845938240628,0,8.360878833314963,0,1.0,0.0,10.0,5.452562704471101,0.004409457282145368,0.21586230225088618,0.0,0.004409457282145368,0.0,1.1111862425373191,0.4336367070374241,261.6763863239605,0.9704993508806422
