This is LuaHBTeX, Version 1.22.0 (TeX Live 2025)  (format=lualatex 2025.9.15)  24 NOV 2025 02:45
 restricted system commands enabled.
**main.tex
(./main.tex
LaTeX2e <2025-06-01> patch level 1
L3 programming layer <2025-08-13>
Lua module: luaotfload 2024-12-03 v3.29 Lua based OpenType font support
Lua module: lualibs 2023-07-13 v2.76 ConTeXt Lua standard libraries.
Lua module: lualibs-extended 2023-07-13 v2.76 ConTeXt Lua libraries -- extended 
collection.
luaotfload | conf : Root cache directory is "/home/fritz/.local/texlive/2025/tex
mf-var/luatex-cache/generic/names".
luaotfload | init : Loading fontloader "fontloader-2023-12-28.lua" from kpse-res
olved path "/home/fritz/.local/texlive/2025/texmf-dist/tex/luatex/luaotfload/fon
tloader-2023-12-28.lua".
Lua-only attribute luaotfload@noligature = 1
luaotfload | init : Context OpenType loader version 3.134
Inserting `luaotfload.node_processor' in `pre_linebreak_filter'.
Inserting `luaotfload.node_processor' in `hpack_filter'.
Inserting `luaotfload.glyph_stream' in `glyph_stream_provider'.
Inserting `luaotfload.define_font' in `define_font'.
Lua-only attribute luaotfload_color_attribute = 2
luaotfload | conf : Root cache directory is "/home/fritz/.local/texlive/2025/tex
mf-var/luatex-cache/generic/names".
Inserting `luaotfload.harf.strip_prefix' in `find_opentype_file'.
Inserting `luaotfload.harf.strip_prefix' in `find_truetype_file'.
Removing  `luaotfload.glyph_stream' from `glyph_stream_provider'.
Inserting `luaotfload.harf.glyphstream' in `glyph_stream_provider'.
Inserting `luaotfload.harf.finalize_vlist' in `post_linebreak_filter'.
Inserting `luaotfload.harf.finalize_hlist' in `hpack_filter'.
Inserting `luaotfload.cleanup_files' in `wrapup_run'.
Inserting `luaotfload.harf.finalize_unicode' in `finish_pdffile'.
Inserting `luaotfload.glyphinfo' in `glyph_info'.
Lua-only attribute luaotfload.letterspace_done = 3
Inserting `luaotfload.aux.set_sscale_dimens' in `luaotfload.patch_font'.
Inserting `luaotfload.aux.set_font_index' in `luaotfload.patch_font'.
Inserting `luaotfload.aux.patch_cambria_domh' in `luaotfload.patch_font'.
Inserting `luaotfload.aux.fixup_fontdata' in `luaotfload.patch_font_unsafe'.
Inserting `luaotfload.aux.set_capheight' in `luaotfload.patch_font'.
Inserting `luaotfload.aux.set_xheight' in `luaotfload.patch_font'.
Inserting `luaotfload.rewrite_fontname' in `luaotfload.patch_font'.
Inserting `tracingstacklevels' in `input_level_string'. (./header.tex (/home/fr
itz/.local/texlive/2025/texmf-dist/tex/latex/beamer/beamer.cls
Document Class: beamer 2025/08/13 v3.76 A class for typesetting presentations

(/home/fritz/.local/texlive/2025/texmf-dist/tex/latex/beamer/beamerbasemodes.st
y (/home/fritz/.local/texlive/2025/texmf-dist/tex/latex/etoolbox/etoolbox.sty
Package: etoolbox 2025/02/11 v2.5l e-TeX tools for LaTeX (JAW)
\etb@tempcnta=\count273
)
\beamer@tempbox=\box53
\beamer@tempcount=\count274
\c@beamerpauses=\count275

(/home/fritz/.local/texlive/2025/texmf-dist/tex/latex/beamer/beamerbasedecode.s
ty
\beamer@slideinframe=\count276
\beamer@minimum=\count277
\beamer@decode@box=\box54
)
\beamer@commentbox=\box55
\beamer@modecount=\count278
) (/home/fritz/.local/texlive/2025/texmf-dist/tex/generic/iftex/iftex.sty
Package: iftex 2024/12/12 v1.0g TeX engine tests
)
\headdp=\dimen147
\footheight=\dimen148
\sidebarheight=\dimen149
\beamer@tempdim=\dimen150
\beamer@finalheight=\dimen151
\beamer@animht=\dimen152
\beamer@animdp=\dimen153
\beamer@animwd=\dimen154
\beamer@leftmargin=\dimen155
\beamer@rightmargin=\dimen156
\beamer@leftsidebar=\dimen157
\beamer@rightsidebar=\dimen158
\beamer@boxsize=\dimen159
\beamer@vboxoffset=\dimen160
\beamer@descdefault=\dimen161
\beamer@descriptionwidth=\dimen162
\beamer@lastskip=\skip49
\beamer@areabox=\box56
\beamer@animcurrent=\box57
\beamer@animshowbox=\box58
\beamer@sectionbox=\box59
\beamer@logobox=\box60
\beamer@linebox=\box61
\beamer@sectioncount=\count279
\beamer@subsubsectionmax=\count280
\beamer@subsectionmax=\count281
\beamer@sectionmax=\count282
\beamer@totalheads=\count283
\beamer@headcounter=\count284
\beamer@partstartpage=\count285
\beamer@sectionstartpage=\count286
\beamer@subsectionstartpage=\count287
\beamer@animationtempa=\count288
\beamer@animationtempb=\count289
\beamer@xpos=\count290
\beamer@ypos=\count291
\beamer@ypos@offset=\count292
\beamer@showpartnumber=\count293
\beamer@currentsubsection=\count294
\beamer@coveringdepth=\count295
\beamer@sectionadjust=\count296
\beamer@toclastsection=\count297
\beamer@tocsectionnumber=\count298

(/home/fritz/.local/texlive/2025/texmf-dist/tex/latex/beamer/beamerbaseoptions.
sty (/home/fritz/.local/texlive/2025/texmf-dist/tex/latex/graphics/keyval.sty
Package: keyval 2022/05/29 v1.15 key=value parser (DPC)
\KV@toks@=\toks17
))
\beamer@paperwidth=\skip50
\beamer@paperheight=\skip51
(/home/fritz/.local/texlive/2025/texmf-dist/tex/latex/geometry/geometry.sty
Package: geometry 2020/01/02 v5.9 Page Geometry
(/home/fritz/.local/texlive/2025/texmf-dist/tex/generic/iftex/ifvtex.sty
Package: ifvtex 2019/10/25 v1.7 ifvtex legacy package. Use iftex instead.
)
\Gm@cnth=\count299
\Gm@cntv=\count300
\c@Gm@tempcnt=\count301
\Gm@bindingoffset=\dimen163
\Gm@wd@mp=\dimen164
\Gm@odd@mp=\dimen165
\Gm@even@mp=\dimen166
\Gm@layoutwidth=\dimen167
\Gm@layoutheight=\dimen168
\Gm@layouthoffset=\dimen169
\Gm@layoutvoffset=\dimen170
\Gm@dimlist=\toks18
) (/home/fritz/.local/texlive/2025/texmf-dist/tex/latex/pgf/math/pgfmath.sty (/
home/fritz/.local/texlive/2025/texmf-dist/tex/latex/pgf/utilities/pgfrcs.sty
(/home/fritz/.local/texlive/2025/texmf-dist/tex/generic/pgf/utilities/pgfutil-c
ommon.tex
\pgfutil@everybye=\toks19
\pgfutil@tempdima=\dimen171
\pgfutil@tempdimb=\dimen172
)
(/home/fritz/.local/texlive/2025/texmf-dist/tex/generic/pgf/utilities/pgfutil-l
atex.def
\pgfutil@abb=\box62
)
(/home/fritz/.local/texlive/2025/texmf-dist/tex/generic/pgf/utilities/pgfrcs.co
de.tex (/home/fritz/.local/texlive/2025/texmf-dist/tex/generic/pgf/pgf.revision
.tex)
Package: pgfrcs 2025-08-29 v3.1.11a (3.1.11a)
))
(/home/fritz/.local/texlive/2025/texmf-dist/tex/latex/pgf/utilities/pgfkeys.sty

(/home/fritz/.local/texlive/2025/texmf-dist/tex/generic/pgf/utilities/pgfkeys.c
ode.tex
\pgfkeys@pathtoks=\toks20
\pgfkeys@temptoks=\toks21

(/home/fritz/.local/texlive/2025/texmf-dist/tex/generic/pgf/utilities/pgfkeysli
braryfiltered.code.tex
\pgfkeys@tmptoks=\toks22
)))
(/home/fritz/.local/texlive/2025/texmf-dist/tex/generic/pgf/math/pgfmath.code.t
ex
(/home/fritz/.local/texlive/2025/texmf-dist/tex/generic/pgf/math/pgfmathutil.co
de.tex
\pgf@x=\dimen173
\pgf@xa=\dimen174
\pgf@xb=\dimen175
\pgf@xc=\dimen176
\pgf@y=\dimen177
\pgf@ya=\dimen178
\pgf@yb=\dimen179
\pgf@yc=\dimen180
\c@pgf@counta=\count302
\c@pgf@countb=\count303
\c@pgf@countc=\count304
\c@pgf@countd=\count305
)
(/home/fritz/.local/texlive/2025/texmf-dist/tex/generic/pgf/math/pgfmathparser.
code.tex
\pgfmath@dimen=\dimen181
\pgfmath@count=\count306
\pgfmath@box=\box63
\pgfmath@toks=\toks23
\pgfmath@stack@operand=\toks24
\pgfmath@stack@operation=\toks25
)
(/home/fritz/.local/texlive/2025/texmf-dist/tex/generic/pgf/math/pgfmathfunctio
ns.code.tex)
(/home/fritz/.local/texlive/2025/texmf-dist/tex/generic/pgf/math/pgfmathfunctio
ns.basic.code.tex)
(/home/fritz/.local/texlive/2025/texmf-dist/tex/generic/pgf/math/pgfmathfunctio
ns.trigonometric.code.tex)
(/home/fritz/.local/texlive/2025/texmf-dist/tex/generic/pgf/math/pgfmathfunctio
ns.random.code.tex)
(/home/fritz/.local/texlive/2025/texmf-dist/tex/generic/pgf/math/pgfmathfunctio
ns.comparison.code.tex)
(/home/fritz/.local/texlive/2025/texmf-dist/tex/generic/pgf/math/pgfmathfunctio
ns.base.code.tex)
(/home/fritz/.local/texlive/2025/texmf-dist/tex/generic/pgf/math/pgfmathfunctio
ns.round.code.tex)
(/home/fritz/.local/texlive/2025/texmf-dist/tex/generic/pgf/math/pgfmathfunctio
ns.misc.code.tex)
(/home/fritz/.local/texlive/2025/texmf-dist/tex/generic/pgf/math/pgfmathfunctio
ns.integerarithmetics.code.tex)
(/home/fritz/.local/texlive/2025/texmf-dist/tex/generic/pgf/math/pgfmathcalc.co
de.tex)
(/home/fritz/.local/texlive/2025/texmf-dist/tex/generic/pgf/math/pgfmathfloat.c
ode.tex
\c@pgfmathroundto@lastzeros=\count307
))) (/home/fritz/.local/texlive/2025/texmf-dist/tex/latex/base/size11.clo
File: size11.clo 2025/01/22 v1.4n Standard LaTeX file (size option)
luaotfload | db : Font names database loaded from /home/fritz/.local/texlive/202
5/texmf-var/luatex-cache/generic/names/luaotfload-names.luc.gz)
(/home/fritz/.local/texlive/2025/texmf-dist/tex/latex/pgf/basiclayer/pgfcore.st
y (/home/fritz/.local/texlive/2025/texmf-dist/tex/latex/graphics/graphicx.sty
Package: graphicx 2024/12/31 v1.2e Enhanced LaTeX Graphics (DPC,SPQR)
(/home/fritz/.local/texlive/2025/texmf-dist/tex/latex/graphics/graphics.sty
Package: graphics 2024/08/06 v1.4g Standard LaTeX Graphics (DPC,SPQR)
(/home/fritz/.local/texlive/2025/texmf-dist/tex/latex/graphics/trig.sty
Package: trig 2023/12/02 v1.11 sin cos tan (DPC)
)
(/home/fritz/.local/texlive/2025/texmf-dist/tex/latex/graphics-cfg/graphics.cfg
File: graphics.cfg 2016/06/04 v1.11 sample graphics configuration
)
Package graphics Info: Driver file: luatex.def on input line 106.
(/home/fritz/.local/texlive/2025/texmf-dist/tex/latex/graphics-def/luatex.def
File: luatex.def 2024/04/13 v1.2e Graphics/color driver for luatex
))
\Gin@req@height=\dimen182
\Gin@req@width=\dimen183
)
(/home/fritz/.local/texlive/2025/texmf-dist/tex/latex/pgf/systemlayer/pgfsys.st
y
(/home/fritz/.local/texlive/2025/texmf-dist/tex/generic/pgf/systemlayer/pgfsys.
code.tex
Package: pgfsys 2025-08-29 v3.1.11a (3.1.11a)
\pgf@x=\dimen184
\pgf@y=\dimen185
\pgf@xa=\dimen186
\pgf@ya=\dimen187
\pgf@xb=\dimen188
\pgf@yb=\dimen189
\pgf@xc=\dimen190
\pgf@yc=\dimen191
\pgf@xd=\dimen192
\pgf@yd=\dimen193
\w@pgf@writea=\write3
\r@pgf@reada=\read2
\c@pgf@counta=\count308
\c@pgf@countb=\count309
\c@pgf@countc=\count310
\c@pgf@countd=\count311
\t@pgf@toka=\toks26
\t@pgf@tokb=\toks27
\t@pgf@tokc=\toks28
\pgf@sys@id@count=\count312

(/home/fritz/.local/texlive/2025/texmf-dist/tex/generic/pgf/systemlayer/pgf.cfg
File: pgf.cfg 2025-08-29 v3.1.11a (3.1.11a)
)
Driver file for pgf: pgfsys-luatex.def

(/home/fritz/.local/texlive/2025/texmf-dist/tex/generic/pgf/systemlayer/pgfsys-
luatex.def
File: pgfsys-luatex.def 2025-08-29 v3.1.11a (3.1.11a)

(/home/fritz/.local/texlive/2025/texmf-dist/tex/generic/pgf/systemlayer/pgfsys-
common-pdf.def
File: pgfsys-common-pdf.def 2025-08-29 v3.1.11a (3.1.11a)
)))
(/home/fritz/.local/texlive/2025/texmf-dist/tex/generic/pgf/systemlayer/pgfsyss
oftpath.code.tex
File: pgfsyssoftpath.code.tex 2025-08-29 v3.1.11a (3.1.11a)
\pgfsyssoftpath@smallbuffer@items=\count313
\pgfsyssoftpath@bigbuffer@items=\count314
)
(/home/fritz/.local/texlive/2025/texmf-dist/tex/generic/pgf/systemlayer/pgfsysp
rotocol.code.tex
File: pgfsysprotocol.code.tex 2025-08-29 v3.1.11a (3.1.11a)
)) (/home/fritz/.local/texlive/2025/texmf-dist/tex/latex/xcolor/xcolor.sty
Package: xcolor 2024/09/29 v3.02 LaTeX color extensions (UK)
(/home/fritz/.local/texlive/2025/texmf-dist/tex/latex/graphics-cfg/color.cfg
File: color.cfg 2016/01/02 v1.6 sample color configuration
)
Package xcolor Info: Driver file: luatex.def on input line 274.
(/home/fritz/.local/texlive/2025/texmf-dist/tex/latex/graphics/mathcolor.ltx)
Package xcolor Info: Model `cmy' substituted by `cmy0' on input line 1349.
Package xcolor Info: Model `hsb' substituted by `rgb' on input line 1353.
Package xcolor Info: Model `RGB' extended on input line 1365.
Package xcolor Info: Model `HTML' substituted by `rgb' on input line 1367.
Package xcolor Info: Model `Hsb' substituted by `hsb' on input line 1368.
Package xcolor Info: Model `tHsb' substituted by `hsb' on input line 1369.
Package xcolor Info: Model `HSB' substituted by `hsb' on input line 1370.
Package xcolor Info: Model `Gray' substituted by `gray' on input line 1371.
Package xcolor Info: Model `wave' substituted by `hsb' on input line 1372.
) (/home/fritz/.local/texlive/2025/texmf-dist/tex/latex/colortbl/colortbl.sty
Package: colortbl 2024/10/29 v1.0k Color table columns (DPC)
(/home/fritz/.local/texlive/2025/texmf-dist/tex/latex/tools/array.sty
Package: array 2025/06/08 v2.6j Tabular extension package (FMi)
\col@sep=\dimen194
\ar@mcellbox=\box64
\extrarowheight=\dimen195
\NC@list=\toks29
\extratabsurround=\skip52
\backup@length=\skip53
\ar@cellbox=\box65
)
\everycr=\toks30
\minrowclearance=\skip54
\rownum=\count315
)
(/home/fritz/.local/texlive/2025/texmf-dist/tex/generic/pgf/basiclayer/pgfcore.
code.tex
Package: pgfcore 2025-08-29 v3.1.11a (3.1.11a)

(/home/fritz/.local/texlive/2025/texmf-dist/tex/generic/pgf/math/pgfint.code.te
x)
(/home/fritz/.local/texlive/2025/texmf-dist/tex/generic/pgf/basiclayer/pgfcorep
oints.code.tex
File: pgfcorepoints.code.tex 2025-08-29 v3.1.11a (3.1.11a)
\pgf@picminx=\dimen196
\pgf@picmaxx=\dimen197
\pgf@picminy=\dimen198
\pgf@picmaxy=\dimen199
\pgf@pathminx=\dimen256
\pgf@pathmaxx=\dimen257
\pgf@pathminy=\dimen258
\pgf@pathmaxy=\dimen259
\pgf@xx=\dimen260
\pgf@xy=\dimen261
\pgf@yx=\dimen262
\pgf@yy=\dimen263
\pgf@zx=\dimen264
\pgf@zy=\dimen265
)
(/home/fritz/.local/texlive/2025/texmf-dist/tex/generic/pgf/basiclayer/pgfcorep
athconstruct.code.tex
File: pgfcorepathconstruct.code.tex 2025-08-29 v3.1.11a (3.1.11a)
\pgf@path@lastx=\dimen266
\pgf@path@lasty=\dimen267
)
(/home/fritz/.local/texlive/2025/texmf-dist/tex/generic/pgf/basiclayer/pgfcorep
athusage.code.tex
File: pgfcorepathusage.code.tex 2025-08-29 v3.1.11a (3.1.11a)
\pgf@shorten@end@additional=\dimen268
\pgf@shorten@start@additional=\dimen269
)
(/home/fritz/.local/texlive/2025/texmf-dist/tex/generic/pgf/basiclayer/pgfcores
copes.code.tex
File: pgfcorescopes.code.tex 2025-08-29 v3.1.11a (3.1.11a)
\pgfpic=\box66
\pgf@hbox=\box67
\pgf@layerbox@main=\box68
\pgf@picture@serial@count=\count316
)
(/home/fritz/.local/texlive/2025/texmf-dist/tex/generic/pgf/basiclayer/pgfcoreg
raphicstate.code.tex
File: pgfcoregraphicstate.code.tex 2025-08-29 v3.1.11a (3.1.11a)
\pgflinewidth=\dimen270
)
(/home/fritz/.local/texlive/2025/texmf-dist/tex/generic/pgf/basiclayer/pgfcoret
ransformations.code.tex
File: pgfcoretransformations.code.tex 2025-08-29 v3.1.11a (3.1.11a)
\pgf@pt@x=\dimen271
\pgf@pt@y=\dimen272
\pgf@pt@temp=\dimen273
)
(/home/fritz/.local/texlive/2025/texmf-dist/tex/generic/pgf/basiclayer/pgfcoreq
uick.code.tex
File: pgfcorequick.code.tex 2025-08-29 v3.1.11a (3.1.11a)
)
(/home/fritz/.local/texlive/2025/texmf-dist/tex/generic/pgf/basiclayer/pgfcoreo
bjects.code.tex
File: pgfcoreobjects.code.tex 2025-08-29 v3.1.11a (3.1.11a)
)
(/home/fritz/.local/texlive/2025/texmf-dist/tex/generic/pgf/basiclayer/pgfcorep
athprocessing.code.tex
File: pgfcorepathprocessing.code.tex 2025-08-29 v3.1.11a (3.1.11a)
)
(/home/fritz/.local/texlive/2025/texmf-dist/tex/generic/pgf/basiclayer/pgfcorea
rrows.code.tex
File: pgfcorearrows.code.tex 2025-08-29 v3.1.11a (3.1.11a)
\pgfarrowsep=\dimen274
)
(/home/fritz/.local/texlive/2025/texmf-dist/tex/generic/pgf/basiclayer/pgfcores
hade.code.tex
File: pgfcoreshade.code.tex 2025-08-29 v3.1.11a (3.1.11a)
\pgf@max=\dimen275
\pgf@sys@shading@range@num=\count317
\pgf@shadingcount=\count318
)
(/home/fritz/.local/texlive/2025/texmf-dist/tex/generic/pgf/basiclayer/pgfcorei
mage.code.tex
File: pgfcoreimage.code.tex 2025-08-29 v3.1.11a (3.1.11a)
)
(/home/fritz/.local/texlive/2025/texmf-dist/tex/generic/pgf/basiclayer/pgfcoree
xternal.code.tex
File: pgfcoreexternal.code.tex 2025-08-29 v3.1.11a (3.1.11a)
\pgfexternal@startupbox=\box69
)
(/home/fritz/.local/texlive/2025/texmf-dist/tex/generic/pgf/basiclayer/pgfcorel
ayers.code.tex
File: pgfcorelayers.code.tex 2025-08-29 v3.1.11a (3.1.11a)
)
(/home/fritz/.local/texlive/2025/texmf-dist/tex/generic/pgf/basiclayer/pgfcoret
ransparency.code.tex
File: pgfcoretransparency.code.tex 2025-08-29 v3.1.11a (3.1.11a)
)
(/home/fritz/.local/texlive/2025/texmf-dist/tex/generic/pgf/basiclayer/pgfcorep
atterns.code.tex
File: pgfcorepatterns.code.tex 2025-08-29 v3.1.11a (3.1.11a)
)
(/home/fritz/.local/texlive/2025/texmf-dist/tex/generic/pgf/basiclayer/pgfcorer
df.code.tex
File: pgfcorerdf.code.tex 2025-08-29 v3.1.11a (3.1.11a)
)))
(/home/fritz/.local/texlive/2025/texmf-dist/tex/latex/pgf/utilities/xxcolor.sty
Package: xxcolor 2003/10/24 ver 0.1
\XC@nummixins=\count319
\XC@countmixins=\count320
) (/home/fritz/.local/texlive/2025/texmf-dist/tex/latex/base/atbegshi-ltx.sty
Package: atbegshi-ltx 2021/01/10 v1.0c Emulation of the original atbegshi
package with kernel methods
) (/home/fritz/.local/texlive/2025/texmf-dist/tex/latex/hyperref/hyperref.sty
Package: hyperref 2025-07-12 v7.01o Hypertext links for LaTeX
(/home/fritz/.local/texlive/2025/texmf-dist/tex/latex/kvsetkeys/kvsetkeys.sty
Package: kvsetkeys 2022-10-05 v1.19 Key value parser (HO)
)
(/home/fritz/.local/texlive/2025/texmf-dist/tex/generic/kvdefinekeys/kvdefineke
ys.sty
Package: kvdefinekeys 2019-12-19 v1.6 Define keys (HO)
)
(/home/fritz/.local/texlive/2025/texmf-dist/tex/generic/pdfescape/pdfescape.sty
Package: pdfescape 2019/12/09 v1.15 Implements pdfTeX's escape features (HO)
(/home/fritz/.local/texlive/2025/texmf-dist/tex/generic/ltxcmds/ltxcmds.sty
Package: ltxcmds 2023-12-04 v1.26 LaTeX kernel commands for general use (HO)
)
(/home/fritz/.local/texlive/2025/texmf-dist/tex/generic/pdftexcmds/pdftexcmds.s
ty
Package: pdftexcmds 2020-06-27 v0.33 Utility functions of pdfTeX for LuaTeX (HO
)

(/home/fritz/.local/texlive/2025/texmf-dist/tex/generic/infwarerr/infwarerr.sty
Package: infwarerr 2019/12/03 v1.5 Providing info/warning/error messages (HO)
)
Package pdftexcmds Info: \pdf@primitive is available.
Package pdftexcmds Info: \pdf@ifprimitive is available.
Package pdftexcmds Info: \pdfdraftmode found.
\pdftexcmds@toks=\toks31
)) (/home/fritz/.local/texlive/2025/texmf-dist/tex/latex/hycolor/hycolor.sty
Package: hycolor 2020-01-27 v1.10 Color options for hyperref/bookmark (HO)
) (/home/fritz/.local/texlive/2025/texmf-dist/tex/latex/hyperref/nameref.sty
Package: nameref 2025-06-21 v2.57 Cross-referencing by name of section
(/home/fritz/.local/texlive/2025/texmf-dist/tex/latex/refcount/refcount.sty
Package: refcount 2019/12/15 v3.6 Data extraction from label references (HO)
)
(/home/fritz/.local/texlive/2025/texmf-dist/tex/generic/gettitlestring/gettitle
string.sty
Package: gettitlestring 2019/12/15 v1.6 Cleanup title references (HO)
(/home/fritz/.local/texlive/2025/texmf-dist/tex/latex/kvoptions/kvoptions.sty
Package: kvoptions 2022-06-15 v3.15 Key value format for package options (HO)
))
\c@section@level=\count321
)
(/home/fritz/.local/texlive/2025/texmf-dist/tex/generic/stringenc/stringenc.sty
Package: stringenc 2019/11/29 v1.12 Convert strings between diff. encodings (HO
)
)
\@linkdim=\dimen276
\Hy@linkcounter=\count322
\Hy@pagecounter=\count323
(/home/fritz/.local/texlive/2025/texmf-dist/tex/latex/hyperref/pd1enc.def
File: pd1enc.def 2025-07-12 v7.01o Hyperref: PDFDocEncoding definition (HO)
) (/home/fritz/.local/texlive/2025/texmf-dist/tex/generic/intcalc/intcalc.sty
Package: intcalc 2019/12/15 v1.3 Expandable calculations with integers (HO)
)
\Hy@SavedSpaceFactor=\count324
(/home/fritz/.local/texlive/2025/texmf-dist/tex/latex/hyperref/puenc.def
File: puenc.def 2025-07-12 v7.01o Hyperref: PDF Unicode definition (HO)
)
Package hyperref Info: Option `bookmarks' set `true' on input line 4066.
Package hyperref Info: Option `bookmarksopen' set `true' on input line 4066.
Package hyperref Info: Option `implicit' set `false' on input line 4066.
Package hyperref Info: Hyper figures OFF on input line 4195.
Package hyperref Info: Link nesting OFF on input line 4200.
Package hyperref Info: Hyper index ON on input line 4203.
Package hyperref Info: Plain pages OFF on input line 4210.
Package hyperref Info: Backreferencing OFF on input line 4215.
Package hyperref Info: Implicit mode OFF; no redefinition of LaTeX internals.
Package hyperref Info: Bookmarks ON on input line 4462.
\c@Hy@tempcnt=\count325
(/home/fritz/.local/texlive/2025/texmf-dist/tex/latex/url/url.sty
\Urlmuskip=\muskip17
Package: url 2013/09/16  ver 3.4  Verb mode for urls, etc.
)
LaTeX Info: Redefining \url on input line 4801.
\XeTeXLinkMargin=\dimen277
(/home/fritz/.local/texlive/2025/texmf-dist/tex/generic/bitset/bitset.sty
Package: bitset 2019/12/09 v1.3 Handle bit-vector datatype (HO)

(/home/fritz/.local/texlive/2025/texmf-dist/tex/generic/bigintcalc/bigintcalc.s
ty
Package: bigintcalc 2019/12/15 v1.5 Expandable calculations on big integers (HO
)
))
\Fld@menulength=\count326
\Field@Width=\dimen278
\Fld@charsize=\dimen279
Package hyperref Info: Hyper figures OFF on input line 6078.
Package hyperref Info: Link nesting OFF on input line 6083.
Package hyperref Info: Hyper index ON on input line 6086.
Package hyperref Info: backreferencing OFF on input line 6093.
Package hyperref Info: Link coloring OFF on input line 6098.
Package hyperref Info: Link coloring with OCG OFF on input line 6103.
Package hyperref Info: PDF/A mode OFF on input line 6108.
\Hy@abspage=\count327

Package hyperref Message: Stopped early.

)
Package hyperref Info: Driver (autodetected): hluatex.
(/home/fritz/.local/texlive/2025/texmf-dist/tex/latex/hyperref/hluatex.def
File: hluatex.def 2025-07-12 v7.01o Hyperref driver for luaTeX
\Fld@listcount=\count328
\c@bookmark@seq@number=\count329

(/home/fritz/.local/texlive/2025/texmf-dist/tex/latex/rerunfilecheck/rerunfilec
heck.sty
Package: rerunfilecheck 2025-06-21 v1.11 Rerun checks for auxiliary files (HO)

(/home/fritz/.local/texlive/2025/texmf-dist/tex/generic/uniquecounter/uniquecou
nter.sty
Package: uniquecounter 2019/12/15 v1.4 Provide unlimited unique counter (HO)
)
Package uniquecounter Info: New unique counter `rerunfilecheck' on input line 2
84.
))
(/home/fritz/.local/texlive/2025/texmf-dist/tex/latex/beamer/beamerbaserequires
.sty
(/home/fritz/.local/texlive/2025/texmf-dist/tex/latex/beamer/beamerbasecompatib
ility.sty)
(/home/fritz/.local/texlive/2025/texmf-dist/tex/latex/beamer/beamerbasefont.sty
(/home/fritz/.local/texlive/2025/texmf-dist/tex/latex/amsfonts/amssymb.sty
Package: amssymb 2013/01/14 v3.01 AMS font symbols
(/home/fritz/.local/texlive/2025/texmf-dist/tex/latex/amsfonts/amsfonts.sty
Package: amsfonts 2013/01/14 v3.01 Basic AMSFonts support
\@emptytoks=\toks32
\symAMSa=\mathgroup4
\symAMSb=\mathgroup5
LaTeX Font Info:    Redeclaring math symbol \hbar on input line 98.
LaTeX Font Info:    Overwriting math alphabet `\mathfrak' in version `bold'
(Font)                  U/euf/m/n --> U/euf/b/n on input line 106.
))
(/home/fritz/.local/texlive/2025/texmf-dist/tex/latex/sansmathaccent/sansmathac
cent.sty
Package: sansmathaccent 2020/01/31
(/home/fritz/.local/texlive/2025/texmf-dist/tex/latex/koma-script/scrlfile.sty
Package: scrlfile 2025/09/09 v3.48 KOMA-Script package (file load hooks)

(/home/fritz/.local/texlive/2025/texmf-dist/tex/latex/koma-script/scrlfile-hook
.sty
Package: scrlfile-hook 2025/09/09 v3.48 KOMA-Script package (using LaTeX hooks)

(/home/fritz/.local/texlive/2025/texmf-dist/tex/latex/koma-script/scrlogo.sty
Package: scrlogo 2025/09/09 v3.48 KOMA-Script package (logo)
)))))
(/home/fritz/.local/texlive/2025/texmf-dist/tex/latex/beamer/beamerbasetranslat
or.sty
(/home/fritz/.local/texlive/2025/texmf-dist/tex/latex/translator/translator.sty
Package: translator 2021-05-31 v1.12d Easy translation of strings in LaTeX
))
(/home/fritz/.local/texlive/2025/texmf-dist/tex/latex/beamer/beamerbasemisc.sty
)
(/home/fritz/.local/texlive/2025/texmf-dist/tex/latex/beamer/beamerbasetwoscree
ns.sty)
(/home/fritz/.local/texlive/2025/texmf-dist/tex/latex/beamer/beamerbaseoverlay.
sty
\beamer@argscount=\count330
\beamer@lastskipcover=\skip55
\beamer@trivlistdepth=\count331
)
(/home/fritz/.local/texlive/2025/texmf-dist/tex/latex/beamer/beamerbasetitle.st
y)
(/home/fritz/.local/texlive/2025/texmf-dist/tex/latex/beamer/beamerbasesection.
sty
\c@lecture=\count332
\c@part=\count333
\c@section=\count334
\c@subsection=\count335
\c@subsubsection=\count336
)
(/home/fritz/.local/texlive/2025/texmf-dist/tex/latex/beamer/beamerbaseframe.st
y
\beamer@framebox=\box70
\beamer@frametitlebox=\box71
\beamer@zoombox=\box72
\beamer@zoomcount=\count337
\beamer@zoomframecount=\count338
\beamer@frametextheight=\dimen280
\c@subsectionslide=\count339
\beamer@frametopskip=\skip56
\beamer@framebottomskip=\skip57
\beamer@frametopskipautobreak=\skip58
\beamer@framebottomskipautobreak=\skip59
\beamer@envbody=\toks33
\framewidth=\dimen281
\c@framenumber=\count340
)
(/home/fritz/.local/texlive/2025/texmf-dist/tex/latex/beamer/beamerbaseverbatim
.sty
\beamer@verbatimfileout=\write4
)
(/home/fritz/.local/texlive/2025/texmf-dist/tex/latex/beamer/beamerbaseframesiz
e.sty
\beamer@splitbox=\box73
\beamer@autobreakcount=\count341
\beamer@autobreaklastheight=\dimen282
\beamer@frametitletoks=\toks34
\beamer@framesubtitletoks=\toks35
)
(/home/fritz/.local/texlive/2025/texmf-dist/tex/latex/beamer/beamerbaseframecom
ponents.sty
\beamer@colheight=\skip60
\beamer@footins=\box74
)
(/home/fritz/.local/texlive/2025/texmf-dist/tex/latex/beamer/beamerbasecolor.st
y)
(/home/fritz/.local/texlive/2025/texmf-dist/tex/latex/beamer/beamerbasenotes.st
y
\beamer@frameboxcopy=\box75
) (/home/fritz/.local/texlive/2025/texmf-dist/tex/latex/beamer/beamerbasetoc.st
y)
(/home/fritz/.local/texlive/2025/texmf-dist/tex/latex/beamer/beamerbasetemplate
s.sty
\beamer@sbttoks=\toks36

(/home/fritz/.local/texlive/2025/texmf-dist/tex/latex/beamer/beamerbaseauxtempl
ates.sty
(/home/fritz/.local/texlive/2025/texmf-dist/tex/latex/beamer/beamerbaseboxes.st
y
\bmb@box=\box76
\bmb@colorbox=\box77
\bmb@boxwidth=\dimen283
\bmb@boxheight=\dimen284
\bmb@prevheight=\dimen285
\bmb@temp=\dimen286
\bmb@dima=\dimen287
\bmb@dimb=\dimen288
\bmb@prevheight=\dimen289
)
\beamer@blockheadheight=\dimen290
))
(/home/fritz/.local/texlive/2025/texmf-dist/tex/latex/beamer/beamerbaselocalstr
ucture.sty (/home/fritz/.local/texlive/2025/texmf-dist/tex/latex/tools/enumerat
e.sty
Package: enumerate 2023/07/04 v3.00 enumerate extensions (DPC)
\@enLab=\toks37
)
\beamer@bibiconwidth=\skip61
\c@figure=\count342
\c@table=\count343
\abovecaptionskip=\skip62
\belowcaptionskip=\skip63
)
(/home/fritz/.local/texlive/2025/texmf-dist/tex/latex/beamer/beamerbasenavigati
on.sty
(/home/fritz/.local/texlive/2025/texmf-dist/tex/latex/beamer/beamerbasenavigati
onsymbols.tex)
\beamer@section@min@dim=\dimen291
)
(/home/fritz/.local/texlive/2025/texmf-dist/tex/latex/beamer/beamerbasetheorems
.sty (/home/fritz/.local/texlive/2025/texmf-dist/tex/latex/amsmath/amsmath.sty
Package: amsmath 2025/06/16 v2.17y AMS math features
\@mathmargin=\skip64
For additional information on amsmath, use the `?' option.
(/home/fritz/.local/texlive/2025/texmf-dist/tex/latex/amsmath/amstext.sty
Package: amstext 2024/11/17 v2.01 AMS text
(/home/fritz/.local/texlive/2025/texmf-dist/tex/latex/amsmath/amsgen.sty
File: amsgen.sty 1999/11/30 v2.0 generic functions
\@emptytoks=\toks38
\ex@=\dimen292
)) (/home/fritz/.local/texlive/2025/texmf-dist/tex/latex/amsmath/amsbsy.sty
Package: amsbsy 1999/11/29 v1.2d Bold Symbols
\pmbraise@=\dimen293
) (/home/fritz/.local/texlive/2025/texmf-dist/tex/latex/amsmath/amsopn.sty
Package: amsopn 2022/04/08 v2.04 operator names
)
\inf@bad=\count344
LaTeX Info: Redefining \frac on input line 235.
\uproot@=\count345
\leftroot@=\count346
LaTeX Info: Redefining \overline on input line 398.
LaTeX Info: Redefining \colon on input line 409.
\classnum@=\count347
\DOTSCASE@=\count348
LaTeX Info: Redefining \ldots on input line 495.
LaTeX Info: Redefining \dots on input line 498.
LaTeX Info: Redefining \cdots on input line 619.
\Mathstrutbox@=\box78
\strutbox@=\box79
LaTeX Info: Redefining \big on input line 721.
LaTeX Info: Redefining \Big on input line 722.
LaTeX Info: Redefining \bigg on input line 723.
LaTeX Info: Redefining \Bigg on input line 724.
\big@size=\dimen294
LaTeX Font Info:    Redeclaring font encoding OML on input line 742.
LaTeX Font Info:    Redeclaring font encoding OMS on input line 743.
\macc@depth=\count349
LaTeX Info: Redefining \bmod on input line 904.
LaTeX Info: Redefining \pmod on input line 909.
LaTeX Info: Redefining \smash on input line 939.
LaTeX Info: Redefining \relbar on input line 969.
LaTeX Info: Redefining \Relbar on input line 970.
\c@MaxMatrixCols=\count350
\dotsspace@=\muskip18
\c@parentequation=\count351
\dspbrk@lvl=\count352
\tag@help=\toks39
\row@=\count353
\column@=\count354
\maxfields@=\count355
\andhelp@=\toks40
\eqnshift@=\dimen295
\alignsep@=\dimen296
\tagshift@=\dimen297
\tagwidth@=\dimen298
\totwidth@=\dimen299
\lineht@=\dimen300
\@envbody=\toks41
\multlinegap=\skip65
\multlinetaggap=\skip66
\mathdisplay@stack=\toks42
LaTeX Info: Redefining \[ on input line 2949.
LaTeX Info: Redefining \] on input line 2950.
) (/home/fritz/.local/texlive/2025/texmf-dist/tex/latex/amscls/amsthm.sty
Package: amsthm 2020/05/29 v2.20.6
\thm@style=\toks43
\thm@bodyfont=\toks44
\thm@headfont=\toks45
\thm@notefont=\toks46
\thm@headpunct=\toks47
\thm@preskip=\skip67
\thm@postskip=\skip68
\thm@headsep=\skip69
\dth@everypar=\toks48
)
\c@theorem=\count356
)
(/home/fritz/.local/texlive/2025/texmf-dist/tex/latex/beamer/beamerbasethemes.s
ty))
(/home/fritz/.local/texlive/2025/texmf-dist/tex/latex/beamer/beamerthemedefault
.sty
(/home/fritz/.local/texlive/2025/texmf-dist/tex/latex/beamer/beamerfontthemedef
ault.sty)
(/home/fritz/.local/texlive/2025/texmf-dist/tex/latex/beamer/beamercolorthemede
fault.sty)
(/home/fritz/.local/texlive/2025/texmf-dist/tex/latex/beamer/beamerinnerthemede
fault.sty
\beamer@dima=\dimen301
\beamer@dimb=\dimen302
)
(/home/fritz/.local/texlive/2025/texmf-dist/tex/latex/beamer/beamerouterthemede
fault.sty)))
(/home/fritz/.local/texlive/2025/texmf-dist/tex/latex/beamer/beamerfontthemepro
fessionalfonts.sty) (/home/fritz/.local/texlive/2025/texmf-dist/tex/latex/fonts
pec/fontspec.sty
(/home/fritz/.local/texlive/2025/texmf-dist/tex/latex/l3packages/xparse/xparse.
sty (/home/fritz/.local/texlive/2025/texmf-dist/tex/latex/l3kernel/expl3.sty
Package: expl3 2025-08-13 L3 programming layer (loader) 

(/home/fritz/.local/texlive/2025/texmf-dist/tex/latex/l3backend/l3backend-luate
x.def
File: l3backend-luatex.def 2025-06-09 L3 backend support: PDF output (LuaTeX)
\l__color_backend_stack_int=\count357
Inserting `l3color' in `luaotfload.parse_color'.))
Package: xparse 2024-08-16 L3 Experimental document command parser
)
Package: fontspec 2024/05/11 v2.9e Font selection for XeLaTeX and LuaLaTeX
Lua module: fontspec 2024/05/11 v2.9e Font selection for XeLaTeX and LuaLaTeX
(/home/fritz/.local/texlive/2025/texmf-dist/tex/latex/fontspec/fontspec-luatex.
sty
Package: fontspec-luatex 2024/05/11 v2.9e Font selection for XeLaTeX and LuaLaT
eX
\l__fontspec_script_int=\count358
\l__fontspec_language_int=\count359
\l__fontspec_strnum_int=\count360
\l__fontspec_tmp_int=\count361
\l__fontspec_tmpa_int=\count362
\l__fontspec_tmpb_int=\count363
\l__fontspec_tmpc_int=\count364
\l__fontspec_em_int=\count365
\l__fontspec_emdef_int=\count366
\l__fontspec_strong_int=\count367
\l__fontspec_strongdef_int=\count368
\l__fontspec_tmpa_dim=\dimen303
\l__fontspec_tmpb_dim=\dimen304
\l__fontspec_tmpc_dim=\dimen305
(/home/fritz/.local/texlive/2025/texmf-dist/tex/latex/base/fontenc.sty
Package: fontenc 2024/12/21 v2.1c Standard LaTeX package
) (/home/fritz/.local/texlive/2025/texmf-dist/tex/latex/fontspec/fontspec.cfg)))
(/home/fritz/.local/texlive/2025/texmf-dist/tex/latex/mathtools/mathtools.sty
Package: mathtools 2024/10/04 v1.31 mathematical typesetting tools
(/home/fritz/.local/texlive/2025/texmf-dist/tex/latex/tools/calc.sty
Package: calc 2025/03/01 v4.3b Infix arithmetic (KKT,FJ)
\calc@Acount=\count369
\calc@Bcount=\count370
\calc@Adimen=\dimen306
\calc@Bdimen=\dimen307
\calc@Askip=\skip70
\calc@Bskip=\skip71
LaTeX Info: Redefining \setlength on input line 86.
LaTeX Info: Redefining \addtolength on input line 87.
\calc@Ccount=\count371
\calc@Cskip=\skip72
) (/home/fritz/.local/texlive/2025/texmf-dist/tex/latex/mathtools/mhsetup.sty
Package: mhsetup 2021/03/18 v1.4 programming setup (MH)
)
\g_MT_multlinerow_int=\count372
\l_MT_multwidth_dim=\dimen308
\origjot=\skip73
\l_MT_shortvdotswithinadjustabove_dim=\dimen309
\l_MT_shortvdotswithinadjustbelow_dim=\dimen310
\l_MT_above_intertext_sep=\dimen311
\l_MT_below_intertext_sep=\dimen312
\l_MT_above_shortintertext_sep=\dimen313
\l_MT_below_shortintertext_sep=\dimen314
\xmathstrut@box=\box80
\xmathstrut@dim=\dimen315
) (/home/fritz/.local/texlive/2025/texmf-dist/tex/latex/pdfpages/pdfpages.sty
Package: pdfpages 2025/07/23 v0.6g Insert pages of external PDF documents (AM)
(/home/fritz/.local/texlive/2025/texmf-dist/tex/latex/base/ifthen.sty
Package: ifthen 2024/03/16 v1.1e Standard LaTeX ifthen package (DPC)
) (/home/fritz/.local/texlive/2025/texmf-dist/tex/latex/eso-pic/eso-pic.sty
Package: eso-pic 2023/05/03 v3.0c eso-pic (RN)
\ESO@tempdima=\dimen316
\ESO@tempdimb=\dimen317
)
\AM@pagewidth=\dimen318
\AM@pageheight=\dimen319
\AM@fboxrule=\dimen320
(/home/fritz/.local/texlive/2025/texmf-dist/tex/latex/pdfpages/ppluatex.def
File: ppluatex.def 2025/07/23 v0.6g Pdfpages driver for LuaTeX (AM)
)
\pdfpages@includegraphics@status=\count373
\AM@pagebox=\box81
\AM@global@opts=\toks49
\AM@pagecnt=\count374
\AM@toc@title=\toks50
\AM@lof@heading=\toks51
\c@AM@survey=\count375
\AM@templatesizebox=\box82
) (/home/fritz/.local/texlive/2025/texmf-dist/tex/latex/setspace/setspace.sty
Package: setspace 2022/12/04 v6.7b set line spacing
)
(/home/fritz/.local/texlive/2025/texmf-dist/tex/latex/unicode-math/unicode-math
.sty
Package: unicode-math 2023/08/13 v0.8r Unicode maths in XeLaTeX and LuaLaTeX

(/home/fritz/.local/texlive/2025/texmf-dist/tex/latex/unicode-math/unicode-math
-luatex.sty
Package: unicode-math-luatex 2023/08/13 v0.8r Unicode maths in XeLaTeX and LuaL
aTeX

(/home/fritz/.local/texlive/2025/texmf-dist/tex/latex/l3packages/l3keys2e/l3key
s2e.sty
Package: l3keys2e 2024-08-16 LaTeX2e option processing using LaTeX3 keys
) (/home/fritz/.local/texlive/2025/texmf-dist/tex/latex/base/fix-cm.sty
Package: fix-cm 2020/11/24 v1.1t fixes to LaTeX
(/home/fritz/.local/texlive/2025/texmf-dist/tex/latex/base/ts1enc.def
File: ts1enc.def 2001/06/05 v3.0e (jk/car/fm) Standard LaTeX file
LaTeX Font Info:    Redeclaring font encoding TS1 on input line 47.
LaTeX Encoding Info:    Redeclaring text command \capitalcedilla (encoding TS1)
 on input line 49.
LaTeX Encoding Info:    Redeclaring text command \capitalogonek (encoding TS1) 
on input line 52.
LaTeX Encoding Info:    Redeclaring text command \capitalgrave (encoding TS1) o
n input line 55.
LaTeX Encoding Info:    Redeclaring text command \capitalacute (encoding TS1) o
n input line 56.
LaTeX Encoding Info:    Redeclaring text command \capitalcircumflex (encoding T
S1) on input line 57.
LaTeX Encoding Info:    Redeclaring text command \capitaltilde (encoding TS1) o
n input line 58.
LaTeX Encoding Info:    Redeclaring text command \capitaldieresis (encoding TS1
) on input line 59.
LaTeX Encoding Info:    Redeclaring text command \capitalhungarumlaut (encoding
 TS1) on input line 60.
LaTeX Encoding Info:    Redeclaring text command \capitalring (encoding TS1) on
 input line 61.
LaTeX Encoding Info:    Redeclaring text command \capitalcaron (encoding TS1) o
n input line 62.
LaTeX Encoding Info:    Redeclaring text command \capitalbreve (encoding TS1) o
n input line 63.
LaTeX Encoding Info:    Redeclaring text command \capitalmacron (encoding TS1) 
on input line 64.
LaTeX Encoding Info:    Redeclaring text command \capitaldotaccent (encoding TS
1) on input line 65.
LaTeX Encoding Info:    Redeclaring text command \t (encoding TS1) on input lin
e 66.
LaTeX Encoding Info:    Redeclaring text command \capitaltie (encoding TS1) on 
input line 67.
LaTeX Encoding Info:    Redeclaring text command \newtie (encoding TS1) on inpu
t line 68.
LaTeX Encoding Info:    Redeclaring text command \capitalnewtie (encoding TS1) 
on input line 69.
LaTeX Encoding Info:    Redeclaring text symbol \textcapitalcompwordmark (encod
ing TS1) on input line 70.
LaTeX Encoding Info:    Redeclaring text symbol \textascendercompwordmark (enco
ding TS1) on input line 71.
LaTeX Encoding Info:    Redeclaring text symbol \textquotestraightbase (encodin
g TS1) on input line 72.
LaTeX Encoding Info:    Redeclaring text symbol \textquotestraightdblbase (enco
ding TS1) on input line 73.
LaTeX Encoding Info:    Redeclaring text symbol \texttwelveudash (encoding TS1)
 on input line 74.
LaTeX Encoding Info:    Redeclaring text symbol \textthreequartersemdash (encod
ing TS1) on input line 75.
LaTeX Encoding Info:    Redeclaring text symbol \textleftarrow (encoding TS1) o
n input line 76.
LaTeX Encoding Info:    Redeclaring text symbol \textrightarrow (encoding TS1) 
on input line 77.
LaTeX Encoding Info:    Redeclaring text symbol \textblank (encoding TS1) on in
put line 78.
LaTeX Encoding Info:    Redeclaring text symbol \textdollar (encoding TS1) on i
nput line 79.
LaTeX Encoding Info:    Redeclaring text symbol \textquotesingle (encoding TS1)
 on input line 80.
LaTeX Encoding Info:    Redeclaring text command \textasteriskcentered (encodin
g TS1) on input line 81.
LaTeX Encoding Info:    Redeclaring text symbol \textdblhyphen (encoding TS1) o
n input line 92.
LaTeX Encoding Info:    Redeclaring text symbol \textfractionsolidus (encoding 
TS1) on input line 93.
LaTeX Encoding Info:    Redeclaring text symbol \textzerooldstyle (encoding TS1
) on input line 94.
LaTeX Encoding Info:    Redeclaring text symbol \textoneoldstyle (encoding TS1)
 on input line 95.
LaTeX Encoding Info:    Redeclaring text symbol \texttwooldstyle (encoding TS1)
 on input line 96.
LaTeX Encoding Info:    Redeclaring text symbol \textthreeoldstyle (encoding TS
1) on input line 97.
LaTeX Encoding Info:    Redeclaring text symbol \textfouroldstyle (encoding TS1
) on input line 98.
LaTeX Encoding Info:    Redeclaring text symbol \textfiveoldstyle (encoding TS1
) on input line 99.
LaTeX Encoding Info:    Redeclaring text symbol \textsixoldstyle (encoding TS1)
 on input line 100.
LaTeX Encoding Info:    Redeclaring text symbol \textsevenoldstyle (encoding TS
1) on input line 101.
LaTeX Encoding Info:    Redeclaring text symbol \texteightoldstyle (encoding TS
1) on input line 102.
LaTeX Encoding Info:    Redeclaring text symbol \textnineoldstyle (encoding TS1
) on input line 103.
LaTeX Encoding Info:    Redeclaring text symbol \textlangle (encoding TS1) on i
nput line 104.
LaTeX Encoding Info:    Redeclaring text symbol \textminus (encoding TS1) on in
put line 105.
LaTeX Encoding Info:    Redeclaring text symbol \textrangle (encoding TS1) on i
nput line 106.
LaTeX Encoding Info:    Redeclaring text symbol \textmho (encoding TS1) on inpu
t line 107.
LaTeX Encoding Info:    Redeclaring text symbol \textbigcircle (encoding TS1) o
n input line 108.
LaTeX Encoding Info:    Redeclaring text command \textcircled (encoding TS1) on
 input line 109.
LaTeX Encoding Info:    Redeclaring text symbol \textohm (encoding TS1) on inpu
t line 115.
LaTeX Encoding Info:    Redeclaring text symbol \textlbrackdbl (encoding TS1) o
n input line 116.
LaTeX Encoding Info:    Redeclaring text symbol \textrbrackdbl (encoding TS1) o
n input line 117.
LaTeX Encoding Info:    Redeclaring text symbol \textuparrow (encoding TS1) on 
input line 118.
LaTeX Encoding Info:    Redeclaring text symbol \textdownarrow (encoding TS1) o
n input line 119.
LaTeX Encoding Info:    Redeclaring text symbol \textasciigrave (encoding TS1) 
on input line 120.
LaTeX Encoding Info:    Redeclaring text symbol \textborn (encoding TS1) on inp
ut line 121.
LaTeX Encoding Info:    Redeclaring text symbol \textdivorced (encoding TS1) on
 input line 122.
LaTeX Encoding Info:    Redeclaring text symbol \textdied (encoding TS1) on inp
ut line 123.
LaTeX Encoding Info:    Redeclaring text symbol \textleaf (encoding TS1) on inp
ut line 124.
LaTeX Encoding Info:    Redeclaring text symbol \textmarried (encoding TS1) on 
input line 125.
LaTeX Encoding Info:    Redeclaring text symbol \textmusicalnote (encoding TS1)
 on input line 126.
LaTeX Encoding Info:    Redeclaring text symbol \texttildelow (encoding TS1) on
 input line 127.
LaTeX Encoding Info:    Redeclaring text symbol \textdblhyphenchar (encoding TS
1) on input line 128.
LaTeX Encoding Info:    Redeclaring text symbol \textasciibreve (encoding TS1) 
on input line 129.
LaTeX Encoding Info:    Redeclaring text symbol \textasciicaron (encoding TS1) 
on input line 130.
LaTeX Encoding Info:    Redeclaring text symbol \textacutedbl (encoding TS1) on
 input line 131.
LaTeX Encoding Info:    Redeclaring text symbol \textgravedbl (encoding TS1) on
 input line 132.
LaTeX Encoding Info:    Redeclaring text symbol \textdagger (encoding TS1) on i
nput line 133.
LaTeX Encoding Info:    Redeclaring text symbol \textdaggerdbl (encoding TS1) o
n input line 134.
LaTeX Encoding Info:    Redeclaring text symbol \textbardbl (encoding TS1) on i
nput line 135.
LaTeX Encoding Info:    Redeclaring text symbol \textperthousand (encoding TS1)
 on input line 136.
LaTeX Encoding Info:    Redeclaring text symbol \textbullet (encoding TS1) on i
nput line 137.
LaTeX Encoding Info:    Redeclaring text symbol \textcelsius (encoding TS1) on 
input line 138.
LaTeX Encoding Info:    Redeclaring text symbol \textdollaroldstyle (encoding T
S1) on input line 139.
LaTeX Encoding Info:    Redeclaring text symbol \textcentoldstyle (encoding TS1
) on input line 140.
LaTeX Encoding Info:    Redeclaring text symbol \textflorin (encoding TS1) on i
nput line 141.
LaTeX Encoding Info:    Redeclaring text symbol \textcolonmonetary (encoding TS
1) on input line 142.
LaTeX Encoding Info:    Redeclaring text symbol \textwon (encoding TS1) on inpu
t line 143.
LaTeX Encoding Info:    Redeclaring text symbol \textnaira (encoding TS1) on in
put line 144.
LaTeX Encoding Info:    Redeclaring text symbol \textguarani (encoding TS1) on 
input line 145.
LaTeX Encoding Info:    Redeclaring text symbol \textpeso (encoding TS1) on inp
ut line 146.
LaTeX Encoding Info:    Redeclaring text symbol \textlira (encoding TS1) on inp
ut line 147.
LaTeX Encoding Info:    Redeclaring text symbol \textrecipe (encoding TS1) on i
nput line 148.
LaTeX Encoding Info:    Redeclaring text symbol \textinterrobang (encoding TS1)
 on input line 149.
LaTeX Encoding Info:    Redeclaring text symbol \textinterrobangdown (encoding 
TS1) on input line 150.
LaTeX Encoding Info:    Redeclaring text symbol \textdong (encoding TS1) on inp
ut line 151.
LaTeX Encoding Info:    Redeclaring text symbol \texttrademark (encoding TS1) o
n input line 152.
LaTeX Encoding Info:    Redeclaring text symbol \textpertenthousand (encoding T
S1) on input line 153.
LaTeX Encoding Info:    Redeclaring text symbol \textpilcrow (encoding TS1) on 
input line 154.
LaTeX Encoding Info:    Redeclaring text symbol \textbaht (encoding TS1) on inp
ut line 155.
LaTeX Encoding Info:    Redeclaring text symbol \textnumero (encoding TS1) on i
nput line 156.
LaTeX Encoding Info:    Redeclaring text symbol \textdiscount (encoding TS1) on
 input line 157.
LaTeX Encoding Info:    Redeclaring text symbol \textestimated (encoding TS1) o
n input line 158.
LaTeX Encoding Info:    Redeclaring text symbol \textopenbullet (encoding TS1) 
on input line 159.
LaTeX Encoding Info:    Redeclaring text symbol \textservicemark (encoding TS1)
 on input line 160.
LaTeX Encoding Info:    Redeclaring text symbol \textlquill (encoding TS1) on i
nput line 161.
LaTeX Encoding Info:    Redeclaring text symbol \textrquill (encoding TS1) on i
nput line 162.
LaTeX Encoding Info:    Redeclaring text symbol \textcent (encoding TS1) on inp
ut line 163.
LaTeX Encoding Info:    Redeclaring text symbol \textsterling (encoding TS1) on
 input line 164.
LaTeX Encoding Info:    Redeclaring text symbol \textcurrency (encoding TS1) on
 input line 165.
LaTeX Encoding Info:    Redeclaring text symbol \textyen (encoding TS1) on inpu
t line 166.
LaTeX Encoding Info:    Redeclaring text symbol \textbrokenbar (encoding TS1) o
n input line 167.
LaTeX Encoding Info:    Redeclaring text symbol \textsection (encoding TS1) on 
input line 168.
LaTeX Encoding Info:    Redeclaring text symbol \textasciidieresis (encoding TS
1) on input line 169.
LaTeX Encoding Info:    Redeclaring text symbol \textcopyright (encoding TS1) o
n input line 170.
LaTeX Encoding Info:    Redeclaring text symbol \textordfeminine (encoding TS1)
 on input line 171.
LaTeX Encoding Info:    Redeclaring text symbol \textcopyleft (encoding TS1) on
 input line 172.
LaTeX Encoding Info:    Redeclaring text symbol \textlnot (encoding TS1) on inp
ut line 173.
LaTeX Encoding Info:    Redeclaring text symbol \textcircledP (encoding TS1) on
 input line 174.
LaTeX Encoding Info:    Redeclaring text symbol \textregistered (encoding TS1) 
on input line 175.
LaTeX Encoding Info:    Redeclaring text symbol \textasciimacron (encoding TS1)
 on input line 176.
LaTeX Encoding Info:    Redeclaring text symbol \textdegree (encoding TS1) on i
nput line 177.
LaTeX Encoding Info:    Redeclaring text symbol \textpm (encoding TS1) on input
 line 178.
LaTeX Encoding Info:    Redeclaring text symbol \texttwosuperior (encoding TS1)
 on input line 179.
LaTeX Encoding Info:    Redeclaring text symbol \textthreesuperior (encoding TS
1) on input line 180.
LaTeX Encoding Info:    Redeclaring text symbol \textasciiacute (encoding TS1) 
on input line 181.
LaTeX Encoding Info:    Redeclaring text symbol \textmu (encoding TS1) on input
 line 182.
LaTeX Encoding Info:    Redeclaring text symbol \textparagraph (encoding TS1) o
n input line 183.
LaTeX Encoding Info:    Redeclaring text symbol \textperiodcentered (encoding T
S1) on input line 184.
LaTeX Encoding Info:    Redeclaring text symbol \textreferencemark (encoding TS
1) on input line 185.
LaTeX Encoding Info:    Redeclaring text symbol \textonesuperior (encoding TS1)
 on input line 186.
LaTeX Encoding Info:    Redeclaring text symbol \textordmasculine (encoding TS1
) on input line 187.
LaTeX Encoding Info:    Redeclaring text symbol \textsurd (encoding TS1) on inp
ut line 188.
LaTeX Encoding Info:    Redeclaring text symbol \textonequarter (encoding TS1) 
on input line 189.
LaTeX Encoding Info:    Redeclaring text symbol \textonehalf (encoding TS1) on 
input line 190.
LaTeX Encoding Info:    Redeclaring text symbol \textthreequarters (encoding TS
1) on input line 191.
LaTeX Encoding Info:    Redeclaring text symbol \texteuro (encoding TS1) on inp
ut line 192.
LaTeX Encoding Info:    Redeclaring text symbol \texttimes (encoding TS1) on in
put line 193.
LaTeX Encoding Info:    Redeclaring text symbol \textdiv (encoding TS1) on inpu
t line 194.
))
(/home/fritz/.local/texlive/2025/texmf-dist/tex/lualatex/lualatex-math/lualatex
-math.sty
Package: lualatex-math 2022/01/01 v1.12 Patches for mathematics typesetting wit
h LuaLaTeX
Lua module: lualatex-math 2013/08/03 v1.3 Patches for mathematics typesetting wi
th LuaLaTeX)
\g__um_fam_int=\count376
\g__um_fonts_used_int=\count377
\l__um_primecount_int=\count378
\g__um_primekern_muskip=\muskip19

(/home/fritz/.local/texlive/2025/texmf-dist/tex/latex/unicode-math/unicode-math
-table.tex)))
luaotfload | cache : Lookup cache loaded from /home/fritz/.local/texlive/2025/te
xmf-var/luatex-cache/generic/names/luaotfload-lookup-cache.luc.

Package fontspec Info: 
(fontspec)             Fira Sans Light scale = 0.8489459548753585.


Package fontspec Info: 
(fontspec)             Fira Sans Light scale = 0.8489459548753585.


Package fontspec Info: 
(fontspec)             Fira Sans Light scale = 0.8489459548753585.


Package fontspec Info: 
(fontspec)             Fira Sans Medium scale = 0.8393164779701915.


Package fontspec Info: 
(fontspec)             Fira Sans Medium scale = 0.8393164779701915.


Package fontspec Info: 
(fontspec)             Fira Sans Light Italic scale = 0.8489459548753585.


Package fontspec Info: 
(fontspec)             Fira Sans Light Italic scale = 0.8489459548753585.


Package fontspec Info: 
(fontspec)             Fira Sans Medium Italic scale = 0.8393164779701915.


Package fontspec Info: 
(fontspec)             Fira Sans Medium Italic scale = 0.8393164779701915.


Package fontspec Info: 
(fontspec)             Font family 'FiraSansLight(0)' created for font 'Fira
(fontspec)             Sans Light' with options
(fontspec)             [Ligatures=TeX,Scale=MatchLowercase,BoldFont=Fira Sans
(fontspec)             Medium,ItalicFont=Fira Sans Light
(fontspec)             Italic,BoldItalicFont=Fira Sans Medium Italic].
(fontspec)              
(fontspec)              This font family consists of the following NFSS
(fontspec)             series/shapes:
(fontspec)              
(fontspec)             - 'normal' (m/n) with NFSS spec.:
(fontspec)             <->s*[0.8489459548753585]"name:Fira Sans
(fontspec)             Light:mode=node;script=latn;language=dflt;+tlig;"
(fontspec)             - 'small caps'  (m/sc) with NFSS spec.:
(fontspec)             <->s*[0.8489459548753585]"name:Fira Sans
(fontspec)             Light:mode=node;script=latn;language=dflt;+tlig;+smcp;"
(fontspec)             - 'bold' (b/n) with NFSS spec.:
(fontspec)             <->s*[0.8393164779701915]"name:Fira Sans
(fontspec)             Medium:mode=node;script=latn;language=dflt;+tlig;"
(fontspec)             - 'bold small caps'  (b/sc) with NFSS spec.:
(fontspec)             <->s*[0.8393164779701915]"name:Fira Sans
(fontspec)             Medium:mode=node;script=latn;language=dflt;+tlig;+smcp;"

(fontspec)             - 'italic' (m/it) with NFSS spec.:
(fontspec)             <->s*[0.8489459548753585]"name:Fira Sans Light
(fontspec)             Italic:mode=node;script=latn;language=dflt;+tlig;"
(fontspec)             - 'italic small caps'  (m/scit) with NFSS spec.:
(fontspec)             <->s*[0.8489459548753585]"name:Fira Sans Light
(fontspec)             Italic:mode=node;script=latn;language=dflt;+tlig;+smcp;"

(fontspec)             - 'bold italic' (b/it) with NFSS spec.:
(fontspec)             <->s*[0.8393164779701915]"name:Fira Sans Medium
(fontspec)             Italic:mode=node;script=latn;language=dflt;+tlig;"
(fontspec)             - 'bold italic small caps'  (b/scit) with NFSS spec.:
(fontspec)             <->s*[0.8393164779701915]"name:Fira Sans Medium
(fontspec)             Italic:mode=node;script=latn;language=dflt;+tlig;+smcp;"


LaTeX Font Info:    Font shape `TU/FiraSansLight(0)/m/n' will be
(Font)              scaled to size 9.29602pt on input line 23.

Package fontspec Info: 
(fontspec)             Fira Sans Light scale = 0.8489486192968059.


Package fontspec Info: 
(fontspec)             Fira Sans Light scale = 0.8489486192968059.


Package fontspec Info: 
(fontspec)             Fira Sans Light scale = 0.8489486192968059.


Package fontspec Info: 
(fontspec)             Fira Sans Medium scale = 0.8393191121694738.


Package fontspec Info: 
(fontspec)             Fira Sans Medium scale = 0.8393191121694738.


Package fontspec Info: 
(fontspec)             Fira Sans Light Italic scale = 0.8489486192968059.


Package fontspec Info: 
(fontspec)             Fira Sans Light Italic scale = 0.8489486192968059.


Package fontspec Info: 
(fontspec)             Fira Sans Medium Italic scale = 0.8393191121694738.


Package fontspec Info: 
(fontspec)             Fira Sans Medium Italic scale = 0.8393191121694738.


Package fontspec Info: 
(fontspec)             Font family 'FiraSansLight(1)' created for font 'Fira
(fontspec)             Sans Light' with options
(fontspec)             [Renderer=Basic,Scale=MatchLowercase,BoldFont=Fira Sans
(fontspec)             Medium,ItalicFont=Fira Sans Light
(fontspec)             Italic,BoldItalicFont=Fira Sans Medium Italic].
(fontspec)              
(fontspec)              This font family consists of the following NFSS
(fontspec)             series/shapes:
(fontspec)              
(fontspec)             - 'normal' (m/n) with NFSS spec.:
(fontspec)             <->s*[0.8489486192968059]"name:Fira Sans
(fontspec)             Light:mode=base;script=latn;language=dflt;"
(fontspec)             - 'small caps'  (m/sc) with NFSS spec.:
(fontspec)             <->s*[0.8489486192968059]"name:Fira Sans
(fontspec)             Light:mode=base;script=latn;language=dflt;+smcp;"
(fontspec)             - 'bold' (b/n) with NFSS spec.:
(fontspec)             <->s*[0.8393191121694738]"name:Fira Sans
(fontspec)             Medium:mode=base;script=latn;language=dflt;"
(fontspec)             - 'bold small caps'  (b/sc) with NFSS spec.:
(fontspec)             <->s*[0.8393191121694738]"name:Fira Sans
(fontspec)             Medium:mode=base;script=latn;language=dflt;+smcp;"
(fontspec)             - 'italic' (m/it) with NFSS spec.:
(fontspec)             <->s*[0.8489486192968059]"name:Fira Sans Light
(fontspec)             Italic:mode=base;script=latn;language=dflt;"
(fontspec)             - 'italic small caps'  (m/scit) with NFSS spec.:
(fontspec)             <->s*[0.8489486192968059]"name:Fira Sans Light
(fontspec)             Italic:mode=base;script=latn;language=dflt;+smcp;"
(fontspec)             - 'bold italic' (b/it) with NFSS spec.:
(fontspec)             <->s*[0.8393191121694738]"name:Fira Sans Medium
(fontspec)             Italic:mode=base;script=latn;language=dflt;"
(fontspec)             - 'bold italic small caps'  (b/scit) with NFSS spec.:
(fontspec)             <->s*[0.8393191121694738]"name:Fira Sans Medium
(fontspec)             Italic:mode=base;script=latn;language=dflt;+smcp;"

LaTeX Font Info:    Overwriting math alphabet `\mathsf' in version `normal'
(Font)                  OT1/cmss/m/n --> TU/FiraSansLight(1)/m/n on input line 
23.
LaTeX Font Info:    Overwriting math alphabet `\mathsf' in version `bold'
(Font)                  OT1/cmss/bx/n --> TU/FiraSansLight(1)/bx/n on input lin
e 23.

Package fontspec Info: 
(fontspec)             Fira Mono scale = 0.8425060684425124.


Package fontspec Info: 
(fontspec)             Fira Mono scale = 0.8425060684425124.


Package fontspec Info: 
(fontspec)             Fira Mono/B scale = 0.8361583700076367.


Package fontspec Info: 
(fontspec)             Fira Mono/I scale = 0.8425060684425124.


Package fontspec Info: 
(fontspec)             Fira Mono/BI scale = 0.8361583700076367.


Package fontspec Info: 
(fontspec)             Font family 'FiraMono(0)' created for font 'Fira Mono'
(fontspec)             with options
(fontspec)             [WordSpace={1,0,0},HyphenChar=None,PunctuationSpace=Word
Space,Scale=MatchLowercase].
(fontspec)              
(fontspec)              This font family consists of the following NFSS
(fontspec)             series/shapes:
(fontspec)              
(fontspec)             - 'normal' (m/n) with NFSS spec.:
(fontspec)             <->s*[0.8425060684425124]"name:Fira
(fontspec)             Mono:mode=node;script=latn;language=dflt;"
(fontspec)             - 'bold' (b/n) with NFSS spec.:
(fontspec)             <->s*[0.8361583700076367]"name:Fira
(fontspec)             Mono/B:mode=node;script=latn;language=dflt;"
(fontspec)             - 'italic' (m/it) with NFSS spec.:
(fontspec)             <->s*[0.8425060684425124]"name:Fira
(fontspec)             Mono/I:mode=node;script=latn;language=dflt;"
(fontspec)             - 'bold italic' (b/it) with NFSS spec.:
(fontspec)             <->s*[0.8361583700076367]"name:Fira
(fontspec)             Mono/BI:mode=node;script=latn;language=dflt;"


Package fontspec Info: 
(fontspec)             Fira Mono scale = 0.8425060684425124.


Package fontspec Info: 
(fontspec)             Fira Mono scale = 0.8425060684425124.


Package fontspec Info: 
(fontspec)             Fira Mono/B scale = 0.8361583700076367.


Package fontspec Info: 
(fontspec)             Fira Mono/I scale = 0.8425060684425124.


Package fontspec Info: 
(fontspec)             Fira Mono/BI scale = 0.8361583700076367.


Package fontspec Info: 
(fontspec)             Font family 'FiraMono(1)' created for font 'Fira Mono'
(fontspec)             with options [Renderer=Basic,Scale=MatchLowercase].
(fontspec)              
(fontspec)              This font family consists of the following NFSS
(fontspec)             series/shapes:
(fontspec)              
(fontspec)             - 'normal' (m/n) with NFSS spec.:
(fontspec)             <->s*[0.8425060684425124]"name:Fira
(fontspec)             Mono:mode=base;script=latn;language=dflt;"
(fontspec)             - 'bold' (b/n) with NFSS spec.:
(fontspec)             <->s*[0.8361583700076367]"name:Fira
(fontspec)             Mono/B:mode=base;script=latn;language=dflt;"
(fontspec)             - 'italic' (m/it) with NFSS spec.:
(fontspec)             <->s*[0.8425060684425124]"name:Fira
(fontspec)             Mono/I:mode=base;script=latn;language=dflt;"
(fontspec)             - 'bold italic' (b/it) with NFSS spec.:
(fontspec)             <->s*[0.8361583700076367]"name:Fira
(fontspec)             Mono/BI:mode=base;script=latn;language=dflt;"

LaTeX Font Info:    Overwriting math alphabet `\mathtt' in version `normal'
(Font)                  OT1/cmtt/m/n --> TU/FiraMono(1)/m/n on input line 24.
LaTeX Font Info:    Overwriting math alphabet `\mathtt' in version `bold'
(Font)                  OT1/cmtt/m/n --> TU/FiraMono(1)/bx/n on input line 24.

Package fontspec Info: 
(fontspec)             Fira Math scale = 0.8425060684425124.


Package fontspec Info: 
(fontspec)             Could not resolve font "Fira Math/B" (it probably
(fontspec)             doesn't exist).


Package fontspec Info: 
(fontspec)             Fira Math scale = 0.8425060684425124.


Package fontspec Info: 
(fontspec)             Font family 'FiraMath(0)' created for font 'Fira Math'
(fontspec)             with options
(fontspec)             [Renderer=Basic,BoldItalicFont={},ItalicFont={},SmallCap
sFont={},Script=Math,RawFeature={mathfontdimen=xetex},Scale={MatchLowercase}].
(fontspec)              
(fontspec)              This font family consists of the following NFSS
(fontspec)             series/shapes:
(fontspec)              
(fontspec)             - 'normal' (m/n) with NFSS spec.:
(fontspec)             <->s*[0.8425060684425124]"name:Fira
(fontspec)             Math:mode=base;script=math;language=dflt;mathfontdimen=x
etex;"

LaTeX Font Info:    Font shape `TU/FiraMath(0)/m/n' will be
(Font)              scaled to size 9.22536pt on input line 25.

Package fontspec Info: 
(fontspec)             Fira Math scale = 0.8425060684425124.


Package fontspec Info: 
(fontspec)             Could not resolve font "Fira Math/B" (it probably
(fontspec)             doesn't exist).


Package fontspec Info: 
(fontspec)             Fira Math scale = 0.8425060684425124.


Package fontspec Info: 
(fontspec)             Fira Math scale = 0.8425060684425124.


Package fontspec Info: 
(fontspec)             Fira Math scale = 0.8425060684425124.


Package fontspec Info: 
(fontspec)             Font family 'FiraMath(1)' created for font 'Fira Math'
(fontspec)             with options
(fontspec)             [Renderer=Basic,BoldItalicFont={},ItalicFont={},SmallCap
sFont={},Script=Math,SizeFeatures={{Size=9.417-},{Size=7.1175-9.417,Font=Fira
(fontspec)             Math,Style=MathScript},{Size=-7.1175,Font=Fira
(fontspec)             Math,Style=MathScriptScript}},RawFeature={mathfontdimen=
xetex},Scale={MatchLowercase}].
(fontspec)              
(fontspec)              This font family consists of the following NFSS
(fontspec)             series/shapes:
(fontspec)              
(fontspec)             - 'normal' (m/n) with NFSS spec.:
(fontspec)             <9.417->s*[0.8425060684425124]"name:Fira
(fontspec)             Math:mode=base;script=math;language=dflt;mathfontdimen=x
etex;"<7.1175-9.417>s*[0.8425060684425124]"name:Fira
(fontspec)             Math:mode=base;script=math;language=dflt;mathfontdimen=x
etex;+ssty=0;"<-7.1175>s*[0.8425060684425124]"name:Fira
(fontspec)             Math:mode=base;script=math;language=dflt;mathfontdimen=x
etex;+ssty=1;"

LaTeX Font Info:    Font shape `TU/FiraMath(1)/m/n' will be
(Font)              scaled to size 9.22536pt on input line 25.
LaTeX Font Info:    Encoding `OT1' has changed to `TU' for symbol font
(Font)              `operators' in the math version `normal' on input line 25.
LaTeX Font Info:    Overwriting symbol font `operators' in version `normal'
(Font)                  OT1/cmr/m/n --> TU/FiraMath(1)/m/n on input line 25.
LaTeX Font Info:    Encoding `OT1' has changed to `TU' for symbol font
(Font)              `operators' in the math version `bold' on input line 25.
LaTeX Font Info:    Overwriting symbol font `operators' in version `bold'
(Font)                  OT1/cmr/bx/n --> TU/FiraMath(1)/b/n on input line 25.

Package fontspec Info: 
(fontspec)             Fira Math scale = 0.8425060684425124.


Package fontspec Info: 
(fontspec)             Could not resolve font "Fira Math/B" (it probably
(fontspec)             doesn't exist).


Package fontspec Info: 
(fontspec)             Fira Math scale = 0.8425060684425124.


Package fontspec Info: 
(fontspec)             Fira Math scale = 0.8425060684425124.


Package fontspec Info: 
(fontspec)             Fira Math scale = 0.8425060684425124.


Package fontspec Info: 
(fontspec)             Font family 'FiraMath(2)' created for font 'Fira Math'
(fontspec)             with options
(fontspec)             [Renderer=Basic,BoldItalicFont={},ItalicFont={},SmallCap
sFont={},Script=Math,SizeFeatures={{Size=9.417-},{Size=7.1175-9.417,Font=Fira
(fontspec)             Math,Style=MathScript},{Size=-7.1175,Font=Fira
(fontspec)             Math,Style=MathScriptScript}},RawFeature={mathfontdimen=
xetex},Scale={MatchLowercase},RawFeature={mathfontdimen=tex2}].
(fontspec)              
(fontspec)              This font family consists of the following NFSS
(fontspec)             series/shapes:
(fontspec)              
(fontspec)             - 'normal' (m/n) with NFSS spec.:
(fontspec)             <9.417->s*[0.8425060684425124]"name:Fira
(fontspec)             Math:mode=base;script=math;language=dflt;mathfontdimen=x
etex;mathfontdimen=tex2;"<7.1175-9.417>s*[0.8425060684425124]"name:Fira
(fontspec)             Math:mode=base;script=math;language=dflt;mathfontdimen=x
etex;mathfontdimen=tex2;+ssty=0;"<-7.1175>s*[0.8425060684425124]"name:Fira
(fontspec)             Math:mode=base;script=math;language=dflt;mathfontdimen=x
etex;mathfontdimen=tex2;+ssty=1;"

LaTeX Font Info:    Encoding `OMS' has changed to `TU' for symbol font
(Font)              `symbols' in the math version `normal' on input line 25.
LaTeX Font Info:    Overwriting symbol font `symbols' in version `normal'
(Font)                  OMS/cmsy/m/n --> TU/FiraMath(2)/m/n on input line 25.
LaTeX Font Info:    Encoding `OMS' has changed to `TU' for symbol font
(Font)              `symbols' in the math version `bold' on input line 25.
LaTeX Font Info:    Overwriting symbol font `symbols' in version `bold'
(Font)                  OMS/cmsy/b/n --> TU/FiraMath(2)/b/n on input line 25.

Package fontspec Info: 
(fontspec)             Fira Math scale = 0.8425060684425124.


Package fontspec Info: 
(fontspec)             Could not resolve font "Fira Math/B" (it probably
(fontspec)             doesn't exist).


Package fontspec Info: 
(fontspec)             Fira Math scale = 0.8425060684425124.


Package fontspec Info: 
(fontspec)             Fira Math scale = 0.8425060684425124.


Package fontspec Info: 
(fontspec)             Fira Math scale = 0.8425060684425124.


Package fontspec Info: 
(fontspec)             Font family 'FiraMath(3)' created for font 'Fira Math'
(fontspec)             with options
(fontspec)             [Renderer=Basic,BoldItalicFont={},ItalicFont={},SmallCap
sFont={},Script=Math,SizeFeatures={{Size=9.417-},{Size=7.1175-9.417,Font=Fira
(fontspec)             Math,Style=MathScript},{Size=-7.1175,Font=Fira
(fontspec)             Math,Style=MathScriptScript}},RawFeature={mathfontdimen=
xetex},Scale={MatchLowercase},RawFeature={mathfontdimen=tex3}].
(fontspec)              
(fontspec)              This font family consists of the following NFSS
(fontspec)             series/shapes:
(fontspec)              
(fontspec)             - 'normal' (m/n) with NFSS spec.:
(fontspec)             <9.417->s*[0.8425060684425124]"name:Fira
(fontspec)             Math:mode=base;script=math;language=dflt;mathfontdimen=x
etex;mathfontdimen=tex3;"<7.1175-9.417>s*[0.8425060684425124]"name:Fira
(fontspec)             Math:mode=base;script=math;language=dflt;mathfontdimen=x
etex;mathfontdimen=tex3;+ssty=0;"<-7.1175>s*[0.8425060684425124]"name:Fira
(fontspec)             Math:mode=base;script=math;language=dflt;mathfontdimen=x
etex;mathfontdimen=tex3;+ssty=1;"

LaTeX Font Info:    Encoding `OMX' has changed to `TU' for symbol font
(Font)              `largesymbols' in the math version `normal' on input line 2
5.
LaTeX Font Info:    Overwriting symbol font `largesymbols' in version `normal'
(Font)                  OMX/cmex/m/n --> TU/FiraMath(3)/m/n on input line 25.
LaTeX Font Info:    Encoding `OMX' has changed to `TU' for symbol font
(Font)              `largesymbols' in the math version `bold' on input line 25.

LaTeX Font Info:    Overwriting symbol font `largesymbols' in version `bold'
(Font)                  OMX/cmex/m/n --> TU/FiraMath(3)/b/n on input line 25.
LaTeX Font Info:    Font shape `TU/FiraMath(1)/m/n' will be
(Font)              scaled to size 6.64226pt on input line 25.
LaTeX Font Info:    Font shape `TU/FiraMath(1)/m/n' will be
(Font)              scaled to size 5.3507pt on input line 25.
LaTeX Font Info:    Font shape `TU/FiraMath(2)/m/n' will be
(Font)              scaled to size 9.22536pt on input line 25.
LaTeX Font Info:    Font shape `TU/FiraMath(2)/m/n' will be
(Font)              scaled to size 6.64226pt on input line 25.
LaTeX Font Info:    Font shape `TU/FiraMath(2)/m/n' will be
(Font)              scaled to size 5.3507pt on input line 25.
LaTeX Font Info:    Font shape `TU/FiraMath(3)/m/n' will be
(Font)              scaled to size 9.22536pt on input line 25.
LaTeX Font Info:    Font shape `TU/FiraMath(3)/m/n' will be
(Font)              scaled to size 6.64226pt on input line 25.
LaTeX Font Info:    Font shape `TU/FiraMath(3)/m/n' will be
(Font)              scaled to size 5.3507pt on input line 25.
LaTeX Font Info:    Trying to load font information for U+msa on input line 25.

(/home/fritz/.local/texlive/2025/texmf-dist/tex/latex/amsfonts/umsa.fd
File: umsa.fd 2013/01/14 v3.01 AMS symbols A
)
LaTeX Font Info:    Trying to load font information for U+msb on input line 25.

(/home/fritz/.local/texlive/2025/texmf-dist/tex/latex/amsfonts/umsb.fd
File: umsb.fd 2013/01/14 v3.01 AMS symbols B
)
\headerheight=\skip74
\footerleftwidth=\skip75
\footercenterwidth=\skip76
\footerrightwidth=\skip77
(/home/fritz/.local/texlive/2025/texmf-dist/tex/latex/tools/bm.sty
Package: bm 2023/12/19 v1.2f Bold Symbol Support (DPC/FMi)
\symboldoperators=\mathgroup6
\symboldletters=\mathgroup7
\symboldsymbols=\mathgroup8
\symboldlargesymbols=\mathgroup9
Package bm Info: No bold for \U/msa/m/n, using \pmb.
Package bm Info: No bold for \U/msb/m/n, using \pmb.
LaTeX Font Info:    Redeclaring math alphabet \mathbf on input line 149.
) (/home/fritz/.local/texlive/2025/texmf-dist/tex/generic/babel/babel.sty
Package: babel 2025/08/03 v25.12 The multilingual framework for LuaLaTeX, pdfLa
TeX and XeLaTeX
(/home/fritz/.local/texlive/2025/texmf-dist/tex/generic/babel/luababel.def
\bbl@readstream=\read3
\l@dumylang=\language2
Package babel Info: Non-standard hyphenation setup on input line 118.
\l@nohyphenation=\language3
\l@german-x-2024-02-28=\language4
\l@ngerman-x-2024-02-28=\language5
\l@afrikaans=\language6
\l@albanian=\language7
\l@ancientgreek=\language8
\l@ibycus=\language9
\l@arabic=\language10
\l@armenian=\language11
\l@basque=\language12
\l@belarusian=\language13
\l@bulgarian=\language14
\l@catalan=\language15
\l@pinyin=\language16
\l@churchslavonic=\language17
\l@coptic=\language18
\l@croatian=\language19
\l@czech=\language20
\l@danish=\language21
\l@dutch=\language22
\l@ukenglish=\language23
\l@usenglishmax=\language24
\l@esperanto=\language25
\l@estonian=\language26
\l@ethiopic=\language27
\l@farsi=\language28
\l@finnish=\language29
\l@schoolfinnish=\language30
\l@french=\language31
\l@friulan=\language32
\l@galician=\language33
\l@georgian=\language34
\l@german=\language35
\l@ngerman=\language36
\l@swissgerman=\language37
\l@greek=\language38
\l@monogreek=\language39
\l@hebrew=\language40
\l@hungarian=\language41
\l@icelandic=\language42
\l@assamese=\language43
\l@bengali=\language44
\l@gujarati=\language45
\l@hindi=\language46
\l@kannada=\language47
\l@malayalam=\language48
\l@marathi=\language49
\l@oriya=\language50
\l@pali=\language51
\l@panjabi=\language52
\l@tamil=\language53
\l@telugu=\language54
\l@indonesian=\language55
\l@interlingua=\language56
\l@irish=\language57
\l@italian=\language58
\l@kurmanji=\language59
\l@classiclatin=\language60
\l@latin=\language61
\l@liturgicallatin=\language62
\l@latvian=\language63
\l@lithuanian=\language64
\l@macedonian=\language65
\l@mongolian=\language66
\l@mongolianlmc=\language67
\l@bokmal=\language68
\l@nynorsk=\language69
\l@occitan=\language70
\l@piedmontese=\language71
\l@polish=\language72
\l@portuguese=\language73
\l@romanian=\language74
\l@romansh=\language75
\l@russian=\language76
\l@sanskrit=\language77
\l@serbian=\language78
\l@serbianc=\language79
\l@slovak=\language80
\l@slovenian=\language81
\l@spanish=\language82
\l@swedish=\language83
\l@thai=\language84
\l@turkish=\language85
\l@turkmen=\language86
\l@ukrainian=\language87
\l@uppersorbian=\language88
\l@vietnamese=\language89
\l@welsh=\language90
\babelcatcodetablenum=\catcodetable14
\bbl@pattcodes=\catcodetable15
)
\babel@savecnt=\count379
LaTeX Encoding Info:    Redeclaring text command \ij (encoding OT1) on input li
ne 2045.
LaTeX Encoding Info:    Redeclaring text command \IJ (encoding OT1) on input li
ne 2047.
LaTeX Encoding Info:    Redeclaring text command \ij (encoding T1) on input lin
e 2049.
LaTeX Encoding Info:    Redeclaring text command \IJ (encoding T1) on input lin
e 2050.
LaTeX Encoding Info:    Ignoring declaration for text command \ij (encoding ?) 
on input line 2051.
LaTeX Encoding Info:    Ignoring declaration for text command \IJ (encoding ?) 
on input line 2053.
LaTeX Encoding Info:    Ignoring declaration for text command \SS (encoding ?) 
on input line 2078.
\U@D=\dimen321
\l@unhyphenated=\language91
(/home/fritz/.local/texlive/2025/texmf-dist/tex/generic/babel/luababel.def
\bbl@attr@locale=\attribute4
)
LaTeX Info: Redefining \textlatin on input line 3930.

(/home/fritz/.local/texlive/2025/texmf-dist/tex/generic/babel-german/ngerman.ld
f
Language: ngerman 2024/12/10 v2.15 German support for babel (post-1996 orthogra
phy)

(/home/fritz/.local/texlive/2025/texmf-dist/tex/generic/babel/locale/de/babel-n
german.tex
Package babel Info: Importing font and identification data for ngerman
(babel)             from babel-de.ini. Reported on input line 12.
)
(/home/fritz/.local/texlive/2025/texmf-dist/tex/generic/babel-german/ngermanb.l
df
Language: ngermanb 2024/12/10 v2.15 German support for babel (post-1996 orthogr
aphy)
Package babel Info: Making " an active character on input line 122.

(/home/fritz/.local/texlive/2025/texmf-dist/tex/generic/hyph-utf8/loadhyph/load
hyph-de-1996.tex UTF-8 German hyphenation patterns (reformed orthography)
(/home/fritz/.local/texlive/2025/texmf-dist/tex/generic/hyph-utf8/patterns/tex/
hyph-de-1996.tex
German Hyphenation Patterns (Reformed Orthography, 2006) `dehyphn-x' 2024-02-28
 (WL)))))
(/home/fritz/.local/texlive/2025/texmf-dist/tex/generic/babel-english/american.
ldf
Language: american 2017/06/06 v3.3r English support from the babel system

(/home/fritz/.local/texlive/2025/texmf-dist/tex/generic/babel-english/english.l
df
Language: english 2017/06/06 v3.3r English support from the babel system

(/home/fritz/.local/texlive/2025/texmf-dist/tex/generic/babel/locale/en/babel-a
merican.tex
Package babel Info: Importing font and identification data for american
(babel)             from babel-en-US.ini. Reported on input line 12.
)
Package babel Info: Hyphen rules for 'canadian' set to \l@english
(babel)             (\language0). Reported on input line 102.
Package babel Info: Hyphen rules for 'australian' set to \l@ukenglish
(babel)             (\language23). Reported on input line 105.
Package babel Info: Hyphen rules for 'newzealand' set to \l@ukenglish
(babel)             (\language23). Reported on input line 108.
))) (/home/fritz/.local/texlive/2025/texmf-dist/tex/latex/biblatex/biblatex.sty
Package: biblatex 2025/07/10 v3.21 programmable bibliographies (PK/MW)
(/home/fritz/.local/texlive/2025/texmf-dist/tex/latex/logreq/logreq.sty
Package: logreq 2010/08/04 v1.0 xml request logger
\lrq@indent=\count380
(/home/fritz/.local/texlive/2025/texmf-dist/tex/latex/logreq/logreq.def
File: logreq.def 2010/08/04 v1.0 logreq spec v1.0
))
\c@tabx@nest=\count381
\c@listtotal=\count382
\c@listcount=\count383
\c@liststart=\count384
\c@liststop=\count385
\c@citecount=\count386
\c@citetotal=\count387
\c@multicitecount=\count388
\c@multicitetotal=\count389
\c@instcount=\count390
\c@maxnames=\count391
\c@minnames=\count392
\c@maxitems=\count393
\c@minitems=\count394
\c@citecounter=\count395
\c@maxcitecounter=\count396
\c@savedcitecounter=\count397
\c@uniquelist=\count398
\c@uniquename=\count399
\c@refsection=\count400
\c@refsegment=\count401
\c@maxextratitle=\count402
\c@maxextratitleyear=\count403
\c@maxextraname=\count404
\c@maxextradate=\count405
\c@maxextraalpha=\count406
\c@abbrvpenalty=\count407
\c@highnamepenalty=\count408
\c@lownamepenalty=\count409
\c@maxparens=\count410
\c@parenlevel=\count411
\blx@tempcnta=\count412
\blx@tempcntb=\count413
\blx@tempcntc=\count414
\c@blx@maxsection=\count415
\blx@maxsegment@0=\count416
\blx@notetype=\count417
\blx@parenlevel@text=\count418
\blx@parenlevel@foot=\count419
\blx@sectionciteorder@0=\count420
\blx@sectionciteorderinternal@0=\count421
\blx@entrysetcounter=\count422
\blx@biblioinstance=\count423
\labelnumberwidth=\skip78
\labelalphawidth=\skip79
\biblabelsep=\skip80
\bibitemsep=\skip81
\bibnamesep=\skip82
\bibinitsep=\skip83
\bibparsep=\skip84
\bibhang=\skip85
\blx@bcfin=\read4
\blx@bcfout=\write5
\blx@langwohyphens=\language92
\c@mincomprange=\count424
\c@maxcomprange=\count425
\c@mincompwidth=\count426
Package biblatex Info: Trying to load biblatex default data model...
Package biblatex Info: ... file 'blx-dm.def' found.
(/home/fritz/.local/texlive/2025/texmf-dist/tex/latex/biblatex/blx-dm.def
File: blx-dm.def 2025/07/10 v3.21 biblatex datamodel (PK/MW)
)
Package biblatex Info: Trying to load biblatex custom data model...
Package biblatex Info: ... file 'biblatex-dm.cfg' not found.
\c@afterword=\count427
\c@savedafterword=\count428
\c@annotator=\count429
\c@savedannotator=\count430
\c@author=\count431
\c@savedauthor=\count432
\c@bookauthor=\count433
\c@savedbookauthor=\count434
\c@commentator=\count435
\c@savedcommentator=\count436
\c@editor=\count437
\c@savededitor=\count438
\c@editora=\count439
\c@savededitora=\count440
\c@editorb=\count441
\c@savededitorb=\count442
\c@editorc=\count443
\c@savededitorc=\count444
\c@foreword=\count445
\c@savedforeword=\count446
\c@holder=\count447
\c@savedholder=\count448
\c@introduction=\count449
\c@savedintroduction=\count450
\c@namea=\count451
\c@savednamea=\count452
\c@nameb=\count453
\c@savednameb=\count454
\c@namec=\count455
\c@savednamec=\count456
\c@translator=\count457
\c@savedtranslator=\count458
\c@shortauthor=\count459
\c@savedshortauthor=\count460
\c@shorteditor=\count461
\c@savedshorteditor=\count462
\c@labelname=\count463
\c@savedlabelname=\count464
\c@institution=\count465
\c@savedinstitution=\count466
\c@lista=\count467
\c@savedlista=\count468
\c@listb=\count469
\c@savedlistb=\count470
\c@listc=\count471
\c@savedlistc=\count472
\c@listd=\count473
\c@savedlistd=\count474
\c@liste=\count475
\c@savedliste=\count476
\c@listf=\count477
\c@savedlistf=\count478
\c@location=\count479
\c@savedlocation=\count480
\c@organization=\count481
\c@savedorganization=\count482
\c@origlocation=\count483
\c@savedoriglocation=\count484
\c@origpublisher=\count485
\c@savedorigpublisher=\count486
\c@publisher=\count487
\c@savedpublisher=\count488
\c@language=\count489
\c@savedlanguage=\count490
\c@origlanguage=\count491
\c@savedoriglanguage=\count492
\c@pageref=\count493
\c@savedpageref=\count494
\shorthandwidth=\skip86
\shortjournalwidth=\skip87
\shortserieswidth=\skip88
\shorttitlewidth=\skip89
\shortauthorwidth=\skip90
\shorteditorwidth=\skip91
\locallabelnumberwidth=\skip92
\locallabelalphawidth=\skip93
\localshorthandwidth=\skip94
\localshortjournalwidth=\skip95
\localshortserieswidth=\skip96
\localshorttitlewidth=\skip97
\localshortauthorwidth=\skip98
\localshorteditorwidth=\skip99
Package biblatex Info: Trying to load enhanced support for Unicode engines...
Package biblatex Info: ... file 'blx-unicode.def' found.
(/home/fritz/.local/texlive/2025/texmf-dist/tex/latex/biblatex/blx-unicode.def)
Package biblatex Info: Trying to load compatibility code...
Package biblatex Info: ... file 'blx-compat.def' found.
(/home/fritz/.local/texlive/2025/texmf-dist/tex/latex/biblatex/blx-compat.def
File: blx-compat.def 2025/07/10 v3.21 biblatex compatibility (PK/MW)
)
Package biblatex Info: Trying to load generic definitions...
Package biblatex Info: ... file 'biblatex.def' found.
(/home/fritz/.local/texlive/2025/texmf-dist/tex/latex/biblatex/biblatex.def
File: biblatex.def 2025/07/10 v3.21 biblatex compatibility (PK/MW)
\c@textcitecount=\count495
\c@textcitetotal=\count496
\c@textcitemaxnames=\count497
\c@biburlbigbreakpenalty=\count498
\c@biburlbreakpenalty=\count499
\c@biburlnumpenalty=\count500
\c@biburlucpenalty=\count501
\c@biburllcpenalty=\count502
\biburlbigskip=\muskip20
\biburlnumskip=\muskip21
\biburlucskip=\muskip22
\biburllcskip=\muskip23
\c@smartand=\count503
)
Package biblatex Info: Trying to load bibliography style 'numeric'...
Package biblatex Info: ... file 'numeric.bbx' found.
(/home/fritz/.local/texlive/2025/texmf-dist/tex/latex/biblatex/bbx/numeric.bbx
File: numeric.bbx 2025/07/10 v3.21 biblatex bibliography style (PK/MW)
Package biblatex Info: Trying to load bibliography style 'standard'...
Package biblatex Info: ... file 'standard.bbx' found.

(/home/fritz/.local/texlive/2025/texmf-dist/tex/latex/biblatex/bbx/standard.bbx
File: standard.bbx 2025/07/10 v3.21 biblatex bibliography style (PK/MW)
\c@bbx:relatedcount=\count504
\c@bbx:relatedtotal=\count505
))
Package biblatex Info: Trying to load citation style 'numeric'...
Package biblatex Info: ... file 'numeric.cbx' found.
(/home/fritz/.local/texlive/2025/texmf-dist/tex/latex/biblatex/cbx/numeric.cbx
File: numeric.cbx 2025/07/10 v3.21 biblatex citation style (PK/MW)
Package biblatex Info: Redefining '\cite'.
Package biblatex Info: Redefining '\parencite'.
Package biblatex Info: Redefining '\footcite'.
Package biblatex Info: Redefining '\footcitetext'.
Package biblatex Info: Redefining '\smartcite'.
Package biblatex Info: Redefining '\supercite'.
Package biblatex Info: Redefining '\textcite'.
Package biblatex Info: Redefining '\textcites'.
Package biblatex Info: Redefining '\cites'.
Package biblatex Info: Redefining '\parencites'.
Package biblatex Info: Redefining '\smartcites'.
)
Package biblatex Info: Trying to load configuration file...
Package biblatex Info: ... file 'biblatex.cfg' found.
(/home/fritz/.local/texlive/2025/texmf-dist/tex/latex/biblatex/biblatex.cfg
File: biblatex.cfg 
)
Package biblatex Info: LuaTeX detected.
(biblatex)             Assuming input encoding 'utf8'.
Package biblatex Info: Document encoding is UTF8 ....
Package biblatex Info: ... and expl3
(biblatex)             2025-08-13 L3 programming layer (loader) 
(biblatex)             is new enough (at least 2020/04/06),
(biblatex)             setting 'casechanger=expl3'.

(/home/fritz/.local/texlive/2025/texmf-dist/tex/latex/biblatex/blx-case-expl3.s
ty
Package: blx-case-expl3 2025/07/10 v3.21 expl3 case changing code for biblatex
))
Package hyperref Info: Option `colorlinks' set `true' on input line 265.
Package hyperref Info: Option `linktocpage' set `true' on input line 265.
Package hyperref Info: Option `unicode' set `true' on input line 265.
(/home/fritz/.local/texlive/2025/texmf-dist/tex/latex/siunitx/siunitx.sty
Package: siunitx 2025-07-09 v3.4.14 A comprehensive (SI) units package
\l__siunitx_number_uncert_offset_int=\count506
\l__siunitx_number_exponent_fixed_int=\count507
\l__siunitx_number_min_decimal_int=\count508
\l__siunitx_number_min_integer_int=\count509
\l__siunitx_number_round_precision_int=\count510
\l__siunitx_number_lower_threshold_int=\count511
\l__siunitx_number_upper_threshold_int=\count512
\l__siunitx_number_group_first_int=\count513
\l__siunitx_number_group_size_int=\count514
\l__siunitx_number_group_minimum_int=\count515
\l__siunitx_angle_tmp_dim=\dimen322
\l__siunitx_angle_marker_box=\box83
\l__siunitx_angle_unit_box=\box84
\l__siunitx_compound_count_int=\count516

(/home/fritz/.local/texlive/2025/texmf-dist/tex/latex/translations/translations
.sty
Package: translations 2022/02/05 v1.12 internationalization of LaTeX2e packages
 (CN)
)
\l__siunitx_table_tmp_box=\box85
\l__siunitx_table_tmp_dim=\dimen323
\l__siunitx_table_column_width_dim=\dimen324
\l__siunitx_table_integer_box=\box86
\l__siunitx_table_decimal_box=\box87
\l__siunitx_table_uncert_box=\box88
\l__siunitx_table_before_box=\box89
\l__siunitx_table_after_box=\box90
\l__siunitx_table_before_dim=\dimen325
\l__siunitx_table_carry_dim=\dimen326
\l__siunitx_unit_tmp_int=\count517
\l__siunitx_unit_position_int=\count518
\l__siunitx_unit_total_int=\count519

Package siunitx Info: Option "per-mode = reciprocal" has been deprecated in
(siunitx)             this release.
(siunitx)             
(siunitx)             Use "per-mode = power" as a replacement.


Package siunitx Info: Option "separate-uncertainty" has been deprecated in
(siunitx)             this release.
(siunitx)             
(siunitx)             Use "uncertainty-mode = separate" as a replacement.

)
(/home/fritz/.local/texlive/2025/texmf-dist/tex/latex/appendixnumberbeamer/appe
ndixnumberbeamer.sty) (/home/fritz/.local/texlive/2025/texmf-dist/tex/latex/boo
ktabs/booktabs.sty
Package: booktabs 2020/01/12 v1.61803398 Publication quality tables
\heavyrulewidth=\dimen327
\lightrulewidth=\dimen328
\cmidrulewidth=\dimen329
\belowrulesep=\dimen330
\belowbottomsep=\dimen331
\aboverulesep=\dimen332
\abovetopsep=\dimen333
\cmidrulesep=\dimen334
\cmidrulekern=\dimen335
\defaultaddspace=\dimen336
\@cmidla=\count520
\@cmidlb=\count521
\@aboverulesep=\dimen337
\@belowrulesep=\dimen338
\@thisruleclass=\count522
\@lastruleclass=\count523
\@thisrulewidth=\dimen339
) (/home/fritz/.local/texlive/2025/texmf-dist/tex/latex/caption/caption.sty
Package: caption 2023/08/05 v3.6o Customizing captions (AR)
(/home/fritz/.local/texlive/2025/texmf-dist/tex/latex/caption/caption3.sty
Package: caption3 2023/07/31 v2.4d caption3 kernel (AR)
\caption@tempdima=\dimen340
\captionmargin=\dimen341
\caption@leftmargin=\dimen342
\caption@rightmargin=\dimen343
\caption@width=\dimen344
\caption@indent=\dimen345
\caption@parindent=\dimen346
\caption@hangindent=\dimen347
Package caption Info: beamer document class detected.

(/home/fritz/.local/texlive/2025/texmf-dist/tex/latex/caption/caption-beamer.st
o
File: caption-beamer.sto 2022/01/06 v2.0c Adaption of the caption package to th
e beamer document classes (AR)
))
\c@caption@flags=\count524
\c@continuedfloat=\count525
Package caption Info: hyperref package is loaded.
Package caption Info: Hyperref support is turned off
(caption)             because hyperref has stopped early.
) (/home/fritz/.local/texlive/2025/texmf-dist/tex/latex/caption/subcaption.sty
Package: subcaption 2023/07/28 v1.6b Sub-captions (AR)
Package caption Info: New subtype `subfigure' on input line 238.
\c@subfigure=\count526
Package caption Info: New subtype `subtable' on input line 238.
\c@subtable=\count527
)
(/home/fritz/.local/texlive/2025/texmf-dist/tex/latex/pgf/frontendlayer/tikz.st
y (/home/fritz/.local/texlive/2025/texmf-dist/tex/latex/pgf/basiclayer/pgf.sty
Package: pgf 2025-08-29 v3.1.11a (3.1.11a)

(/home/fritz/.local/texlive/2025/texmf-dist/tex/generic/pgf/modules/pgfmodulesh
apes.code.tex
File: pgfmoduleshapes.code.tex 2025-08-29 v3.1.11a (3.1.11a)
\pgfnodeparttextbox=\box91
)
(/home/fritz/.local/texlive/2025/texmf-dist/tex/generic/pgf/modules/pgfmodulepl
ot.code.tex
File: pgfmoduleplot.code.tex 2025-08-29 v3.1.11a (3.1.11a)
)
(/home/fritz/.local/texlive/2025/texmf-dist/tex/latex/pgf/compatibility/pgfcomp
-version-0-65.sty
Package: pgfcomp-version-0-65 2025-08-29 v3.1.11a (3.1.11a)
\pgf@nodesepstart=\dimen348
\pgf@nodesepend=\dimen349
)
(/home/fritz/.local/texlive/2025/texmf-dist/tex/latex/pgf/compatibility/pgfcomp
-version-1-18.sty
Package: pgfcomp-version-1-18 2025-08-29 v3.1.11a (3.1.11a)
)) (/home/fritz/.local/texlive/2025/texmf-dist/tex/latex/pgf/utilities/pgffor.s
ty
(/home/fritz/.local/texlive/2025/texmf-dist/tex/generic/pgf/utilities/pgffor.co
de.tex
Package: pgffor 2025-08-29 v3.1.11a (3.1.11a)
\pgffor@iter=\dimen350
\pgffor@skip=\dimen351
\pgffor@stack=\toks52
\pgffor@toks=\toks53
))
(/home/fritz/.local/texlive/2025/texmf-dist/tex/generic/pgf/frontendlayer/tikz/
tikz.code.tex
Package: tikz 2025-08-29 v3.1.11a (3.1.11a)

(/home/fritz/.local/texlive/2025/texmf-dist/tex/generic/pgf/libraries/pgflibrar
yplothandlers.code.tex
File: pgflibraryplothandlers.code.tex 2025-08-29 v3.1.11a (3.1.11a)
\pgf@plot@mark@count=\count528
\pgfplotmarksize=\dimen352
)
\tikz@lastx=\dimen353
\tikz@lasty=\dimen354
\tikz@lastxsaved=\dimen355
\tikz@lastysaved=\dimen356
\tikz@lastmovetox=\dimen357
\tikz@lastmovetoy=\dimen358
\tikzleveldistance=\dimen359
\tikzsiblingdistance=\dimen360
\tikz@figbox=\box92
\tikz@figbox@bg=\box93
\tikz@tempbox=\box94
\tikz@tempbox@bg=\box95
\tikztreelevel=\count529
\tikznumberofchildren=\count530
\tikznumberofcurrentchild=\count531
\tikz@fig@count=\count532

(/home/fritz/.local/texlive/2025/texmf-dist/tex/generic/pgf/modules/pgfmodulema
trix.code.tex
File: pgfmodulematrix.code.tex 2025-08-29 v3.1.11a (3.1.11a)
\pgfmatrixcurrentrow=\count533
\pgfmatrixcurrentcolumn=\count534
\pgf@matrix@numberofcolumns=\count535
)
\tikz@expandcount=\count536

(/home/fritz/.local/texlive/2025/texmf-dist/tex/generic/pgf/frontendlayer/tikz/
libraries/tikzlibrarytopaths.code.tex
File: tikzlibrarytopaths.code.tex 2025-08-29 v3.1.11a (3.1.11a)
)))
(/home/fritz/.local/texlive/2025/texmf-dist/tex/generic/pgf/libraries/pgflibrar
yarrows.meta.code.tex
File: pgflibraryarrows.meta.code.tex 2025-08-29 v3.1.11a (3.1.11a)
\pgfarrowinset=\dimen361
\pgfarrowlength=\dimen362
\pgfarrowwidth=\dimen363
\pgfarrowlinewidth=\dimen364
)
(/home/fritz/.local/texlive/2025/texmf-dist/tex/generic/pgf/frontendlayer/tikz/
libraries/tikzlibrarycalc.code.tex
File: tikzlibrarycalc.code.tex 2025-08-29 v3.1.11a (3.1.11a)
)
(/home/fritz/.local/texlive/2025/texmf-dist/tex/generic/pgf/frontendlayer/tikz/
libraries/tikzlibrarypositioning.code.tex
File: tikzlibrarypositioning.code.tex 2025-08-29 v3.1.11a (3.1.11a)
) (/home/fritz/.local/texlive/2025/texmf-dist/tex/latex/float/float.sty
Package: float 2001/11/08 v1.3d Float enhancements (AL)
\c@float@type=\count537
\float@exts=\toks54
\float@box=\box96
\@float@everytoks=\toks55
\@floatcapt=\box97
) (/home/fritz/.local/texlive/2025/texmf-dist/tex/latex/microtype/microtype.sty
Package: microtype 2025/07/09 v3.2b Micro-typographical refinements (RS)
\MT@toks=\toks56
\MT@tempbox=\box98
\MT@count=\count538
LaTeX Info: Redefining \noprotrusionifhmode on input line 1087.
LaTeX Info: Redefining \leftprotrusion on input line 1088.
\MT@prot@toks=\toks57
LaTeX Info: Redefining \rightprotrusion on input line 1107.
LaTeX Info: Redefining \textls on input line 1449.
\MT@outer@kern=\dimen365
LaTeX Info: Redefining \microtypecontext on input line 2053.
LaTeX Info: Redefining \textmicrotypecontext on input line 2070.
\MT@listname@count=\count539

(/home/fritz/.local/texlive/2025/texmf-dist/tex/latex/microtype/microtype-luate
x.def
File: microtype-luatex.def 2025/07/09 v3.2b Definitions specific to luatex (RS)

Lua module: microtype 2025/07/09 v3.2b microtype module.
Module microtype Info: overwriting function `keepligature' on input line 63
LaTeX Info: Redefining \lsstyle on input line 779.
LaTeX Info: Redefining \lslig on input line 779.
\MT@outer@space=\skip100
)
Package microtype Info: Loading configuration file microtype.cfg.
(/home/fritz/.local/texlive/2025/texmf-dist/tex/latex/microtype/microtype.cfg
File: microtype.cfg 2025/07/09 v3.2b microtype main configuration file (RS)
)
LaTeX Info: Redefining \microtypesetup on input line 3065.
)
(/home/fritz/.local/texlive/2025/texmf-dist/tex/latex/stackengine/stackengine.s
ty
Package: stackengine 2021/07/22 v4.11\ Stacking text and objects in convenient 
ways

(/home/fritz/.local/texlive/2025/texmf-dist/tex/generic/listofitems/listofitems
.sty
(/home/fritz/.local/texlive/2025/texmf-dist/tex/generic/listofitems/listofitems
.tex
\loi_cnt_foreach_nest=\count540
\loi_nestcnt=\count541
)
Package: listofitems 2024/03/09 v1.65 Grab items in lists using user-specified 
sep char (CT)
)
\c@@stackindex=\count542
\@boxshift=\skip101
\stack@tmplength=\skip102
\temp@stkl=\skip103
\@stackedboxwidth=\skip104
\@addedbox=\box99
\@anchorbox=\box100
\@insetbox=\box101
\se@backgroundbox=\box102
\stackedbox=\box103
\@centerbox=\box104
\c@ROWcellindex@=\count543
)) (/home/fritz/.local/texlive/2025/texmf-dist/tex/latex/textpos/textpos.sty
Package: textpos 2022/07/23 v1.10.1
Package textpos Info: choosing support for LaTeX3 on input line 60.
\TP@textbox=\box105
\TPHorizModule=\dimen366
\TPVertModule=\dimen367
\TP@margin=\dimen368
\TP@absmargin=\dimen369
Grid set 16 x 16 = 28.45274pt x 17.78296pt
\TPboxrulesize=\dimen370
\TP@tbargs=\toks58
)

Package biblatex Warning: 'babel/polyglossia' detected but 'csquotes' missing.
(biblatex)                Loading 'csquotes' recommended.

\@quotelevel=\count544
\@quotereset=\count545
(./build/main.aux)
\openout1 = main.aux

LaTeX Font Info:    Checking defaults for OML/cmm/m/it on input line 13.
LaTeX Font Info:    ... okay on input line 13.
LaTeX Font Info:    Checking defaults for OMS/cmsy/m/n on input line 13.
LaTeX Font Info:    ... okay on input line 13.
LaTeX Font Info:    Checking defaults for OT1/cmr/m/n on input line 13.
LaTeX Font Info:    ... okay on input line 13.
LaTeX Font Info:    Checking defaults for T1/cmr/m/n on input line 13.
LaTeX Font Info:    ... okay on input line 13.
LaTeX Font Info:    Checking defaults for TS1/cmr/m/n on input line 13.
LaTeX Font Info:    ... okay on input line 13.
LaTeX Font Info:    Checking defaults for TU/lmr/m/n on input line 13.
LaTeX Font Info:    ... okay on input line 13.
LaTeX Font Info:    Checking defaults for OMX/cmex/m/n on input line 13.
LaTeX Font Info:    ... okay on input line 13.
LaTeX Font Info:    Checking defaults for U/cmr/m/n on input line 13.
LaTeX Font Info:    ... okay on input line 13.
LaTeX Font Info:    Checking defaults for PD1/pdf/m/n on input line 13.
LaTeX Font Info:    ... okay on input line 13.
LaTeX Font Info:    Checking defaults for PU/pdf/m/n on input line 13.
LaTeX Font Info:    ... okay on input line 13.
*geometry* driver: auto-detecting
*geometry* detected driver: luatex
*geometry* verbose mode - [ preamble ] result:
* driver: luatex
* paper: custom
* layout: <same size as paper>
* layoutoffset:(h,v)=(0.0pt,0.0pt)
* modes: includehead includefoot 
* h-part:(L,W,R)=(15.0pt, 425.24408pt, 15.0pt)
* v-part:(T,H,B)=(0.0pt, 284.52756pt, 0.0pt)
* \paperwidth=455.24408pt
* \paperheight=284.52756pt
* \textwidth=425.24408pt
* \textheight=256.07483pt
* \oddsidemargin=-57.26999pt
* \evensidemargin=-57.26999pt
* \topmargin=-72.26999pt
* \headheight=14.22636pt
* \headsep=0.0pt
* \topskip=11.0pt
* \footskip=14.22636pt
* \marginparwidth=4.0pt
* \marginparsep=10.0pt
* \columnsep=10.0pt
* \skip\footins=10.0pt plus 4.0pt minus 2.0pt
* \hoffset=0.0pt
* \voffset=0.0pt
* \mag=1000
* \@twocolumnfalse
* \@twosidefalse
* \@mparswitchfalse
* \@reversemarginfalse
* (1in=72.27pt=25.4mm, 1cm=28.453pt)


(/home/fritz/.local/texlive/2025/texmf-dist/tex/context/base/mkii/supp-pdf.mkii
[Loading MPS to PDF converter (version 2006.09.02).]
\scratchcounter=\count546
\scratchdimen=\dimen371
\scratchbox=\box106
\nofMPsegments=\count547
\nofMParguments=\count548
\everyMPshowfont=\toks59
\MPscratchCnt=\count549
\MPscratchDim=\dimen372
\MPnumerator=\count550
\makeMPintoPDFobject=\count551
\everyMPtoPDFconversion=\toks60
)
(/home/fritz/.local/texlive/2025/texmf-dist/tex/latex/epstopdf-pkg/epstopdf-bas
e.sty
Package: epstopdf-base 2020-01-24 v2.11 Base part for package epstopdf
Package epstopdf-base Info: Redefining graphics rule for `.eps' on input line 4
85.

(/home/fritz/.local/texlive/2025/texmf-dist/tex/latex/latexconfig/epstopdf-sys.
cfg
File: epstopdf-sys.cfg 2010/07/13 v1.3 Configuration of (r)epstopdf for TeX Liv
e
))
Package hyperref Info: Link coloring ON on input line 13.
(./build/main.out) (./build/main.out)
\@outlinefile=\write6

\openout6 = main.out

(/home/fritz/.local/texlive/2025/texmf-dist/tex/latex/translator/translator-bas
ic-dictionary-English.dict
Dictionary: translator-basic-dictionary, Language: English 
)
(/home/fritz/.local/texlive/2025/texmf-dist/tex/latex/translator/translator-bib
liography-dictionary-English.dict
Dictionary: translator-bibliography-dictionary, Language: English 
)
(/home/fritz/.local/texlive/2025/texmf-dist/tex/latex/translator/translator-env
ironment-dictionary-English.dict
Dictionary: translator-environment-dictionary, Language: English 
)
(/home/fritz/.local/texlive/2025/texmf-dist/tex/latex/translator/translator-mon
ths-dictionary-English.dict
Dictionary: translator-months-dictionary, Language: English 
)
(/home/fritz/.local/texlive/2025/texmf-dist/tex/latex/translator/translator-num
bers-dictionary-English.dict
Dictionary: translator-numbers-dictionary, Language: English 
)
(/home/fritz/.local/texlive/2025/texmf-dist/tex/latex/translator/translator-the
orem-dictionary-English.dict
Dictionary: translator-theorem-dictionary, Language: English 
) (/home/fritz/.local/texlive/2025/texmf-dist/tex/latex/pdflscape/pdflscape.sty
Package: pdflscape 2025-06-23 v0.14 Display of landscape pages in PDF

(/home/fritz/.local/texlive/2025/texmf-dist/tex/latex/pdflscape/pdflscape-nomet
adata.sty
Package: pdflscape-nometadata 2025-06-23 v0.14 Display of landscape pages in PD
F (HO)
(/home/fritz/.local/texlive/2025/texmf-dist/tex/latex/graphics/lscape.sty
Package: lscape 2020/05/28 v3.02 Landscape Pages (DPC)
)
Package pdflscape Info: Auto-detected driver: pdftex on input line 81.
))
LaTeX Font Info:    Overwriting math alphabet `\mathrm' in version `normal'
(Font)                  TU/FiraMath(1)/m/n --> TU/lmr/m/n on input line 13.
LaTeX Font Info:    Overwriting math alphabet `\mathit' in version `normal'
(Font)                  OT1/cmr/m/it --> TU/lmr/m/it on input line 13.
LaTeX Font Info:    Overwriting math alphabet `\mathbf' in version `normal'
(Font)                  TU/FiraMath(1)/b/n --> TU/lmr/bx/n on input line 13.

Package unicode-math Warning: Using \overbracket and \underbracket from
(unicode-math)                `mathtools' package.
(unicode-math)                 
(unicode-math)                 Use \Uoverbracket and \Uunderbracket for
(unicode-math)                original `unicode-math' definition.


Package unicode-math Warning: I'm going to overwrite the following commands
(unicode-math)                from the `mathtools' package: 
(unicode-math)                 
(unicode-math)                     \dblcolon, \coloneqq, \Coloneqq, \eqqcolon.
(unicode-math)                
(unicode-math)                 
(unicode-math)                 Note that since I won't overwrite the other
(unicode-math)                colon-like commands, using them will lead to
(unicode-math)                inconsistencies.

Package biblatex Info: Trying to load language 'american'...
Package biblatex Info: ... file 'american.lbx' found.

(/home/fritz/.local/texlive/2025/texmf-dist/tex/latex/biblatex/lbx/american.lbx
File: american.lbx 2025/07/10 v3.21 biblatex localization (PK/MW)
Package biblatex Info: Trying to load language 'english'...
Package biblatex Info: ... file 'english.lbx' found.
(/home/fritz/.local/texlive/2025/texmf-dist/tex/latex/biblatex/lbx/english.lbx
File: english.lbx 2025/07/10 v3.21 biblatex localization (PK/MW)
)
Package biblatex Info: Trying to load language 'english'...
Package biblatex Info: ... file 'english.lbx' found.
(/home/fritz/.local/texlive/2025/texmf-dist/tex/latex/biblatex/lbx/english.lbx
File: english.lbx 2025/07/10 v3.21 biblatex localization (PK/MW)
))
Package biblatex Info: Trying to load language 'ngerman'...
Package biblatex Info: ... file 'ngerman.lbx' found.
(/home/fritz/.local/texlive/2025/texmf-dist/tex/latex/biblatex/lbx/ngerman.lbx
File: ngerman.lbx 2025/07/10 v3.21 biblatex localization (PK/MW)
Package biblatex Info: Trying to load language 'german'...
Package biblatex Info: ... file 'german.lbx' found.
(/home/fritz/.local/texlive/2025/texmf-dist/tex/latex/biblatex/lbx/german.lbx
File: german.lbx 2025/07/10 v3.21 biblatex localization (PK/MW)
)
Package biblatex Info: Trying to load language 'german'...
Package biblatex Info: ... file 'german.lbx' found.
(/home/fritz/.local/texlive/2025/texmf-dist/tex/latex/biblatex/lbx/german.lbx
File: german.lbx 2025/07/10 v3.21 biblatex localization (PK/MW)
))
Package biblatex Info: LuaTeX detected.
(biblatex)             Assuming input encoding 'utf8'.
Package biblatex Info: Automatic encoding selection.
(biblatex)             Assuming data encoding 'utf8'.

\openout5 = main.bcf
Package biblatex Info: Trying to load bibliographic data...
Package biblatex Info: ... file 'main.bbl' found.
(./build/main.bbl)
Package biblatex Info: Reference section=0 on input line 13.
Package biblatex Info: Reference segment=0 on input line 13.

(/home/fritz/.local/texlive/2025/texmf-dist/tex/latex/translations/translations
-basic-dictionary-english.trsl
File: translations-basic-dictionary-english.trsl (english translation file `tra
nslations-basic-dictionary')
)
(/home/fritz/.local/texlive/2025/texmf-dist/tex/latex/translations/translations
-basic-dictionary-german.trsl
File: translations-basic-dictionary-german.trsl (german translation file `trans
lations-basic-dictionary')
)
Package translations Info: loading dictionary `translations-basic-dictionary' f
or `german'. on input line 13.
Package caption Info: Begin \AtBeginDocument code.
Package caption Info: float package is loaded.
Package caption Info: End \AtBeginDocument code.
LaTeX Info: Redefining \microtypecontext on input line 13.
Package microtype Info: Applying patch `item' on input line 13.
Package microtype Info: Applying patch `toc' on input line 13.
Package microtype Info: Applying patch `eqnum' on input line 13.
Package microtype Info: Applying patch `footnote' on input line 13.
Package microtype Info: Applying patch `verbatim' on input line 13.
LaTeX Info: Redefining \microtypesetup on input line 13.
Package microtype Info: Generating PDF output.
Package microtype Info: Character protrusion enabled (level 2).
Package microtype Info: Using default protrusion set `alltext'.
Package microtype Info: Automatic font expansion enabled (level 2),
(microtype)             stretch: 20, shrink: 20, step: 1, non-selected.
Package microtype Info: Using default expansion set `alltext-nott'.
Package microtype Info: Patching command `\showhyphens'.
Package microtype Info: No adjustment of tracking.
Package microtype Info: No adjustment of spacing.
Package microtype Info: No adjustment of kerning.
Package microtype Info: Loading generic protrusion settings for font family
(microtype)             `FiraSansLight' (encoding: TU).
(microtype)             For optimal results, create family-specific settings.
(microtype)             See the microtype manual for details.
(./build/main.nav)
LaTeX Font Info:    Font shape `TU/FiraSansLight(0)/m/n' will be
(Font)              scaled to size 5.09372pt on input line 13.
<content/mass.pdf, id=17, 822.07124pt x 282.05376pt>
File: content/mass.pdf Graphic file (type pdf)
<use content/mass.pdf>
Package luatex.def Info: content/mass.pdf  used on input line 13.
(luatex.def)             Requested size: 165.85387pt x 56.90677pt.
File: content/mass.pdf Graphic file (type pdf)
<use content/mass.pdf>
Package luatex.def Info: content/mass.pdf  used on input line 16.
(luatex.def)             Requested size: 165.85387pt x 56.90677pt.
LaTeX Font Info:    Font shape `TU/FiraSansLight(0)/m/n' will be
(Font)              scaled to size 17.60728pt on input line 16.
LaTeX Font Info:    Font shape `TU/FiraSansLight(0)/b/n' will be
(Font)              scaled to size 17.40729pt on input line 16.
LaTeX Font Info:    Font shape `TU/FiraSansLight(0)/b/n' will be
(Font)              scaled to size 9.19043pt on input line 16.
LaTeX Font Info:    Font shape `TU/FiraSansLight(0)/b/sc' will be
(Font)              scaled to size 9.19043pt on input line 16.
LaTeX Font Info:    Font shape `TU/FiraSansLight(0)/m/n' will be
(Font)              scaled to size 12.22491pt on input line 16.
LaTeX Font Info:    Font shape `TU/FiraSansLight(0)/m/n' will be
(Font)              scaled to size 10.18744pt on input line 16.
LaTeX Font Info:    Font shape `TU/FiraSansLight(0)/b/n' will be
(Font)              scaled to size 10.07172pt on input line 16.
<content/unitov.pdf, id=18, 548.13783pt x 130.55676pt>
File: content/unitov.pdf Graphic file (type pdf)
<use content/unitov.pdf>
Package luatex.def Info: content/unitov.pdf  used on input line 16.
(luatex.def)             Requested size: 72.82446pt x 17.34535pt.
<content/unib.pdf, id=19, 3084.52374pt x 626.34pt>
File: content/unib.pdf Graphic file (type pdf)
<use content/unib.pdf>
Package luatex.def Info: content/unib.pdf  used on input line 16.
(luatex.def)             Requested size: 85.37769pt x 17.34535pt.
<content/unihb.pdf, id=20, 554.82884pt x 199.1691pt>
File: content/unihb.pdf Graphic file (type pdf)
<use content/unihb.pdf>
Package luatex.def Info: content/unihb.pdf  used on input line 16.
(luatex.def)             Requested size: 48.31543pt x 17.34535pt.
<content/unica.pdf, id=21, 198.7425pt x 53.19875pt>
File: content/unica.pdf Graphic file (type pdf)
<use content/unica.pdf>
Package luatex.def Info: content/unica.pdf  used on input line 16.
(luatex.def)             Requested size: 64.79979pt x 17.34535pt.
<content/eu.pdf, id=22, 942.52126pt x 201.75375pt>
File: content/eu.pdf Graphic file (type pdf)
<use content/eu.pdf>
Package luatex.def Info: content/eu.pdf  used on input line 16.
(luatex.def)             Requested size: 81.02647pt x 17.34535pt.


LaTeX Font Info:    Font shape `TU/FiraSansLight(0)/m/n' will be
(Font)              scaled to size 3.39581pt on input line 16.
File: content/mass.pdf Graphic file (type pdf)
<use content/mass.pdf>
Package luatex.def Info: content/mass.pdf  used on input line 16.
(luatex.def)             Requested size: 165.85387pt x 56.90677pt.
[1

{/home/fritz/.local/texlive/2025/texmf-var/fonts/map/pdftex/updmap/pdftex.map}<.
/content/mass.pdf><./content/unitov.pdf><./content/unib.pdf><./content/unihb.pdf
><./content/unica.pdf><./content/eu.pdf>]
LaTeX Font Info:    Font shape `TU/FiraSansLight(0)/m/n' will be
(Font)              scaled to size 8.48953pt on input line 50.
File: content/mass.pdf Graphic file (type pdf)
<use content/mass.pdf>
Package luatex.def Info: content/mass.pdf  used on input line 50.
(luatex.def)             Requested size: 165.85387pt x 56.90677pt.
<../right/lin_like.jpg, id=1032, 578.16pt x 578.16pt>
File: ../right/lin_like.jpg Graphic file (type jpg)
<use ../right/lin_like.jpg>
Package luatex.def Info: ../right/lin_like.jpg  used on input line 50.
(luatex.def)             Requested size: 232.56555pt x 232.5697pt.

Overfull \hbox (204.11281pt too wide) in paragraph at lines 50--50
[][]  
 []

File: ../right/lin_like.jpg Graphic file (type jpg)
<use ../right/lin_like.jpg>
Package luatex.def Info: ../right/lin_like.jpg  used on input line 50.
(luatex.def)             Requested size: 232.56555pt x 232.5697pt.

Overfull \hbox (204.11281pt too wide) in paragraph at lines 50--50
[][]  
 []

File: ../right/lin_like.jpg Graphic file (type jpg)
<use ../right/lin_like.jpg>
Package luatex.def Info: ../right/lin_like.jpg  used on input line 50.
(luatex.def)             Requested size: 93.01917pt x 93.02728pt.

Overfull \hbox (64.56642pt too wide) in paragraph at lines 50--50
[][]  
 []

File: ../right/lin_like.jpg Graphic file (type jpg)
<use ../right/lin_like.jpg>
Package luatex.def Info: ../right/lin_like.jpg  used on input line 50.
(luatex.def)             Requested size: 17.44109pt x 17.44205pt.
File: ../right/lin_like.jpg Graphic file (type jpg)
<use ../right/lin_like.jpg>
Package luatex.def Info: ../right/lin_like.jpg  used on input line 50.
(luatex.def)             Requested size: 93.01917pt x 93.02728pt.

Overfull \hbox (64.56642pt too wide) in paragraph at lines 50--50
[][]  
 []

File: ../right/lin_like.jpg Graphic file (type jpg)
<use ../right/lin_like.jpg>
Package luatex.def Info: ../right/lin_like.jpg  used on input line 50.
(luatex.def)             Requested size: 17.44109pt x 17.44205pt.


File: content/mass.pdf Graphic file (type pdf)
<use content/mass.pdf>
Package luatex.def Info: content/mass.pdf  used on input line 50.
(luatex.def)             Requested size: 165.85387pt x 56.90677pt.
[2

<../right/lin_like.jpg>]
File: ../right/lin_like.jpg Graphic file (type jpg)
<use ../right/lin_like.jpg>
Package luatex.def Info: ../right/lin_like.jpg  used on input line 50.
(luatex.def)             Requested size: 232.56555pt x 232.5697pt.

Overfull \hbox (204.11281pt too wide) in paragraph at lines 50--50
[][]  
 []

File: ../right/lin_like.jpg Graphic file (type jpg)
<use ../right/lin_like.jpg>
Package luatex.def Info: ../right/lin_like.jpg  used on input line 50.
(luatex.def)             Requested size: 232.56555pt x 232.5697pt.

Overfull \hbox (204.11281pt too wide) in paragraph at lines 50--50
[][]  
 []

File: ../right/lin_like.jpg Graphic file (type jpg)
<use ../right/lin_like.jpg>
Package luatex.def Info: ../right/lin_like.jpg  used on input line 50.
(luatex.def)             Requested size: 93.01917pt x 93.02728pt.

Overfull \hbox (64.56642pt too wide) in paragraph at lines 50--50
[][]  
 []

File: ../right/lin_like.jpg Graphic file (type jpg)
<use ../right/lin_like.jpg>
Package luatex.def Info: ../right/lin_like.jpg  used on input line 50.
(luatex.def)             Requested size: 17.44109pt x 17.44205pt.
File: ../right/lin_like.jpg Graphic file (type jpg)
<use ../right/lin_like.jpg>
Package luatex.def Info: ../right/lin_like.jpg  used on input line 50.
(luatex.def)             Requested size: 93.01917pt x 93.02728pt.

Overfull \hbox (64.56642pt too wide) in paragraph at lines 50--50
[][]  
 []

File: ../right/lin_like.jpg Graphic file (type jpg)
<use ../right/lin_like.jpg>
Package luatex.def Info: ../right/lin_like.jpg  used on input line 50.
(luatex.def)             Requested size: 17.44109pt x 17.44205pt.


File: content/mass.pdf Graphic file (type pdf)
<use content/mass.pdf>
Package luatex.def Info: content/mass.pdf  used on input line 50.
(luatex.def)             Requested size: 165.85387pt x 56.90677pt.
[3

]
File: ../right/lin_like.jpg Graphic file (type jpg)
<use ../right/lin_like.jpg>
Package luatex.def Info: ../right/lin_like.jpg  used on input line 50.
(luatex.def)             Requested size: 232.56555pt x 232.5697pt.

Overfull \hbox (204.11281pt too wide) in paragraph at lines 50--50
[][]  
 []

File: ../right/lin_like.jpg Graphic file (type jpg)
<use ../right/lin_like.jpg>
Package luatex.def Info: ../right/lin_like.jpg  used on input line 50.
(luatex.def)             Requested size: 232.56555pt x 232.5697pt.

Overfull \hbox (204.11281pt too wide) in paragraph at lines 50--50
[][]  
 []

File: ../right/lin_like.jpg Graphic file (type jpg)
<use ../right/lin_like.jpg>
Package luatex.def Info: ../right/lin_like.jpg  used on input line 50.
(luatex.def)             Requested size: 93.01917pt x 93.02728pt.

Overfull \hbox (64.56642pt too wide) in paragraph at lines 50--50
[][]  
 []

File: ../right/lin_like.jpg Graphic file (type jpg)
<use ../right/lin_like.jpg>
Package luatex.def Info: ../right/lin_like.jpg  used on input line 50.
(luatex.def)             Requested size: 17.44109pt x 17.44205pt.
File: ../right/lin_like.jpg Graphic file (type jpg)
<use ../right/lin_like.jpg>
Package luatex.def Info: ../right/lin_like.jpg  used on input line 50.
(luatex.def)             Requested size: 93.01917pt x 93.02728pt.

Overfull \hbox (64.56642pt too wide) in paragraph at lines 50--50
[][]  
 []

File: ../right/lin_like.jpg Graphic file (type jpg)
<use ../right/lin_like.jpg>
Package luatex.def Info: ../right/lin_like.jpg  used on input line 50.
(luatex.def)             Requested size: 17.44109pt x 17.44205pt.


File: content/mass.pdf Graphic file (type pdf)
<use content/mass.pdf>
Package luatex.def Info: content/mass.pdf  used on input line 50.
(luatex.def)             Requested size: 165.85387pt x 56.90677pt.
[4

]
File: ../right/lin_like.jpg Graphic file (type jpg)
<use ../right/lin_like.jpg>
Package luatex.def Info: ../right/lin_like.jpg  used on input line 50.
(luatex.def)             Requested size: 232.56555pt x 232.5697pt.

Overfull \hbox (204.11281pt too wide) in paragraph at lines 50--50
[][]  
 []

File: ../right/lin_like.jpg Graphic file (type jpg)
<use ../right/lin_like.jpg>
Package luatex.def Info: ../right/lin_like.jpg  used on input line 50.
(luatex.def)             Requested size: 232.56555pt x 232.5697pt.

Overfull \hbox (204.11281pt too wide) in paragraph at lines 50--50
[][]  
 []

File: ../right/lin_like.jpg Graphic file (type jpg)
<use ../right/lin_like.jpg>
Package luatex.def Info: ../right/lin_like.jpg  used on input line 50.
(luatex.def)             Requested size: 93.01917pt x 93.02728pt.

Overfull \hbox (64.56642pt too wide) in paragraph at lines 50--50
[][]  
 []

File: ../right/lin_like.jpg Graphic file (type jpg)
<use ../right/lin_like.jpg>
Package luatex.def Info: ../right/lin_like.jpg  used on input line 50.
(luatex.def)             Requested size: 17.44109pt x 17.44205pt.
File: ../right/lin_like.jpg Graphic file (type jpg)
<use ../right/lin_like.jpg>
Package luatex.def Info: ../right/lin_like.jpg  used on input line 50.
(luatex.def)             Requested size: 93.01917pt x 93.02728pt.

Overfull \hbox (64.56642pt too wide) in paragraph at lines 50--50
[][]  
 []

File: ../right/lin_like.jpg Graphic file (type jpg)
<use ../right/lin_like.jpg>
Package luatex.def Info: ../right/lin_like.jpg  used on input line 50.
(luatex.def)             Requested size: 17.44109pt x 17.44205pt.


File: content/mass.pdf Graphic file (type pdf)
<use content/mass.pdf>
Package luatex.def Info: content/mass.pdf  used on input line 50.
(luatex.def)             Requested size: 165.85387pt x 56.90677pt.
[5

]
File: ../right/lin_like.jpg Graphic file (type jpg)
<use ../right/lin_like.jpg>
Package luatex.def Info: ../right/lin_like.jpg  used on input line 50.
(luatex.def)             Requested size: 232.56555pt x 232.5697pt.

Overfull \hbox (204.11281pt too wide) in paragraph at lines 50--50
[][]  
 []

File: ../right/lin_like.jpg Graphic file (type jpg)
<use ../right/lin_like.jpg>
Package luatex.def Info: ../right/lin_like.jpg  used on input line 50.
(luatex.def)             Requested size: 232.56555pt x 232.5697pt.

Overfull \hbox (204.11281pt too wide) in paragraph at lines 50--50
[][]  
 []

File: ../right/lin_like.jpg Graphic file (type jpg)
<use ../right/lin_like.jpg>
Package luatex.def Info: ../right/lin_like.jpg  used on input line 50.
(luatex.def)             Requested size: 93.01917pt x 93.02728pt.

Overfull \hbox (64.56642pt too wide) in paragraph at lines 50--50
[][]  
 []

File: ../right/lin_like.jpg Graphic file (type jpg)
<use ../right/lin_like.jpg>
Package luatex.def Info: ../right/lin_like.jpg  used on input line 50.
(luatex.def)             Requested size: 17.44109pt x 17.44205pt.
File: ../right/lin_like.jpg Graphic file (type jpg)
<use ../right/lin_like.jpg>
Package luatex.def Info: ../right/lin_like.jpg  used on input line 50.
(luatex.def)             Requested size: 93.01917pt x 93.02728pt.

Overfull \hbox (64.56642pt too wide) in paragraph at lines 50--50
[][]  
 []

File: ../right/lin_like.jpg Graphic file (type jpg)
<use ../right/lin_like.jpg>
Package luatex.def Info: ../right/lin_like.jpg  used on input line 50.
(luatex.def)             Requested size: 17.44109pt x 17.44205pt.


File: content/mass.pdf Graphic file (type pdf)
<use content/mass.pdf>
Package luatex.def Info: content/mass.pdf  used on input line 50.
(luatex.def)             Requested size: 165.85387pt x 56.90677pt.
[6

]
File: content/mass.pdf Graphic file (type pdf)
<use content/mass.pdf>
Package luatex.def Info: content/mass.pdf  used on input line 70.
(luatex.def)             Requested size: 165.85387pt x 56.90677pt.
File: ../right/lin_like.jpg Graphic file (type jpg)
<use ../right/lin_like.jpg>
Package luatex.def Info: ../right/lin_like.jpg  used on input line 70.
(luatex.def)             Requested size: 164.7332pt x 164.73846pt.

Overfull \hbox (43.95868pt too wide) in paragraph at lines 70--70
[][][] 
 []

File: ../right/lin_like.jpg Graphic file (type jpg)
<use ../right/lin_like.jpg>
Package luatex.def Info: ../right/lin_like.jpg  used on input line 70.
(luatex.def)             Requested size: 164.7332pt x 164.73846pt.

Overfull \hbox (43.95868pt too wide) in paragraph at lines 70--70
[][][] 
 []

File: ../right/lin_like.jpg Graphic file (type jpg)
<use ../right/lin_like.jpg>
Package luatex.def Info: ../right/lin_like.jpg  used on input line 70.
(luatex.def)             Requested size: 164.7332pt x 164.73846pt.

Overfull \hbox (43.95868pt too wide) in paragraph at lines 70--70
[][][] 
 []


Overfull \vbox (4.84952pt too high) detected at line 70
 []



File: content/mass.pdf Graphic file (type pdf)
<use content/mass.pdf>
Package luatex.def Info: content/mass.pdf  used on input line 70.
(luatex.def)             Requested size: 165.85387pt x 56.90677pt.
[7

]
File: ../right/lin_like.jpg Graphic file (type jpg)
<use ../right/lin_like.jpg>
Package luatex.def Info: ../right/lin_like.jpg  used on input line 70.
(luatex.def)             Requested size: 164.7332pt x 164.73846pt.

Overfull \hbox (43.95868pt too wide) in paragraph at lines 70--70
[][][][] 
 []

File: ../right/lin_like.jpg Graphic file (type jpg)
<use ../right/lin_like.jpg>
Package luatex.def Info: ../right/lin_like.jpg  used on input line 70.
(luatex.def)             Requested size: 164.7332pt x 164.73846pt.

Overfull \hbox (43.95868pt too wide) in paragraph at lines 70--70
[][][] 
 []

File: ../right/lin_like.jpg Graphic file (type jpg)
<use ../right/lin_like.jpg>
Package luatex.def Info: ../right/lin_like.jpg  used on input line 70.
(luatex.def)             Requested size: 164.7332pt x 164.73846pt.

Overfull \hbox (43.95868pt too wide) in paragraph at lines 70--70
[][][] 
 []


Overfull \vbox (4.84952pt too high) detected at line 70
 []



File: content/mass.pdf Graphic file (type pdf)
<use content/mass.pdf>
Package luatex.def Info: content/mass.pdf  used on input line 70.
(luatex.def)             Requested size: 165.85387pt x 56.90677pt.
[8

]
File: ../right/lin_like.jpg Graphic file (type jpg)
<use ../right/lin_like.jpg>
Package luatex.def Info: ../right/lin_like.jpg  used on input line 70.
(luatex.def)             Requested size: 164.7332pt x 164.73846pt.

Overfull \hbox (43.95868pt too wide) in paragraph at lines 70--70
[][][][] 
 []

File: ../right/lin_like.jpg Graphic file (type jpg)
<use ../right/lin_like.jpg>
Package luatex.def Info: ../right/lin_like.jpg  used on input line 70.
(luatex.def)             Requested size: 164.7332pt x 164.73846pt.

Overfull \hbox (43.95868pt too wide) in paragraph at lines 70--70
[][][][] 
 []

File: ../right/lin_like.jpg Graphic file (type jpg)
<use ../right/lin_like.jpg>
Package luatex.def Info: ../right/lin_like.jpg  used on input line 70.
(luatex.def)             Requested size: 164.7332pt x 164.73846pt.

Overfull \hbox (43.95868pt too wide) in paragraph at lines 70--70
[][][] 
 []


Overfull \vbox (4.84952pt too high) detected at line 70
 []



File: content/mass.pdf Graphic file (type pdf)
<use content/mass.pdf>
Package luatex.def Info: content/mass.pdf  used on input line 70.
(luatex.def)             Requested size: 165.85387pt x 56.90677pt.
[9

]
File: ../right/lin_like.jpg Graphic file (type jpg)
<use ../right/lin_like.jpg>
Package luatex.def Info: ../right/lin_like.jpg  used on input line 70.
(luatex.def)             Requested size: 164.7332pt x 164.73846pt.

Overfull \hbox (43.95868pt too wide) in paragraph at lines 70--70
[][][][] 
 []

File: ../right/lin_like.jpg Graphic file (type jpg)
<use ../right/lin_like.jpg>
Package luatex.def Info: ../right/lin_like.jpg  used on input line 70.
(luatex.def)             Requested size: 164.7332pt x 164.73846pt.

Overfull \hbox (43.95868pt too wide) in paragraph at lines 70--70
[][][][] 
 []

File: ../right/lin_like.jpg Graphic file (type jpg)
<use ../right/lin_like.jpg>
Package luatex.def Info: ../right/lin_like.jpg  used on input line 70.
(luatex.def)             Requested size: 164.7332pt x 164.73846pt.

Overfull \hbox (43.95868pt too wide) in paragraph at lines 70--70
[][][][] 
 []


Overfull \vbox (4.84952pt too high) detected at line 70
 []



File: content/mass.pdf Graphic file (type pdf)
<use content/mass.pdf>
Package luatex.def Info: content/mass.pdf  used on input line 70.
(luatex.def)             Requested size: 165.85387pt x 56.90677pt.
[10

]
File: content/mass.pdf Graphic file (type pdf)
<use content/mass.pdf>
Package luatex.def Info: content/mass.pdf  used on input line 105.
(luatex.def)             Requested size: 165.85387pt x 56.90677pt.
LaTeX Font Info:    Font shape `TU/FiraSansLight(0)/b/n' will be
(Font)              scaled to size 8.3931pt on input line 105.
File: ../right/lin_like.jpg Graphic file (type jpg)
<use ../right/lin_like.jpg>
Package luatex.def Info: ../right/lin_like.jpg  used on input line 105.
(luatex.def)             Requested size: 85.27344pt x 85.27625pt.

Overfull \hbox (56.8207pt too wide) in paragraph at lines 105--105
[]  
 []

File: ../right/lin_like.jpg Graphic file (type jpg)
<use ../right/lin_like.jpg>
Package luatex.def Info: ../right/lin_like.jpg  used on input line 105.
(luatex.def)             Requested size: 85.27344pt x 85.27625pt.

Overfull \hbox (56.8207pt too wide) in paragraph at lines 105--105
[]  
 []

File: ../right/lin_like.jpg Graphic file (type jpg)
<use ../right/lin_like.jpg>
Package luatex.def Info: ../right/lin_like.jpg  used on input line 105.
(luatex.def)             Requested size: 85.27344pt x 85.27625pt.

Overfull \hbox (56.8207pt too wide) in paragraph at lines 105--105
[]  
 []

File: ../right/lin_like.jpg Graphic file (type jpg)
<use ../right/lin_like.jpg>
Package luatex.def Info: ../right/lin_like.jpg  used on input line 105.
(luatex.def)             Requested size: 85.27344pt x 85.27625pt.

Overfull \hbox (56.8207pt too wide) in paragraph at lines 105--105
[]  
 []



File: content/mass.pdf Graphic file (type pdf)
<use content/mass.pdf>
Package luatex.def Info: content/mass.pdf  used on input line 105.
(luatex.def)             Requested size: 165.85387pt x 56.90677pt.
[11

]
File: ../right/lin_like.jpg Graphic file (type jpg)
<use ../right/lin_like.jpg>
Package luatex.def Info: ../right/lin_like.jpg  used on input line 105.
(luatex.def)             Requested size: 85.27344pt x 85.27625pt.

Overfull \hbox (56.8207pt too wide) in paragraph at lines 105--105
[]  
 []

File: ../right/lin_like.jpg Graphic file (type jpg)
<use ../right/lin_like.jpg>
Package luatex.def Info: ../right/lin_like.jpg  used on input line 105.
(luatex.def)             Requested size: 85.27344pt x 85.27625pt.

Overfull \hbox (56.8207pt too wide) in paragraph at lines 105--105
[]  
 []

File: ../right/lin_like.jpg Graphic file (type jpg)
<use ../right/lin_like.jpg>
Package luatex.def Info: ../right/lin_like.jpg  used on input line 105.
(luatex.def)             Requested size: 85.27344pt x 85.27625pt.

Overfull \hbox (56.8207pt too wide) in paragraph at lines 105--105
[]  
 []

File: ../right/lin_like.jpg Graphic file (type jpg)
<use ../right/lin_like.jpg>
Package luatex.def Info: ../right/lin_like.jpg  used on input line 105.
(luatex.def)             Requested size: 85.27344pt x 85.27625pt.

Overfull \hbox (56.8207pt too wide) in paragraph at lines 105--105
[]  
 []



File: content/mass.pdf Graphic file (type pdf)
<use content/mass.pdf>
Package luatex.def Info: content/mass.pdf  used on input line 105.
(luatex.def)             Requested size: 165.85387pt x 56.90677pt.
[12

]
File: ../right/lin_like.jpg Graphic file (type jpg)
<use ../right/lin_like.jpg>
Package luatex.def Info: ../right/lin_like.jpg  used on input line 105.
(luatex.def)             Requested size: 85.27344pt x 85.27625pt.

Overfull \hbox (56.8207pt too wide) in paragraph at lines 105--105
[]  
 []

File: ../right/lin_like.jpg Graphic file (type jpg)
<use ../right/lin_like.jpg>
Package luatex.def Info: ../right/lin_like.jpg  used on input line 105.
(luatex.def)             Requested size: 85.27344pt x 85.27625pt.

Overfull \hbox (56.8207pt too wide) in paragraph at lines 105--105
[]  
 []

File: ../right/lin_like.jpg Graphic file (type jpg)
<use ../right/lin_like.jpg>
Package luatex.def Info: ../right/lin_like.jpg  used on input line 105.
(luatex.def)             Requested size: 85.27344pt x 85.27625pt.

Overfull \hbox (56.8207pt too wide) in paragraph at lines 105--105
[]  
 []

File: ../right/lin_like.jpg Graphic file (type jpg)
<use ../right/lin_like.jpg>
Package luatex.def Info: ../right/lin_like.jpg  used on input line 105.
(luatex.def)             Requested size: 85.27344pt x 85.27625pt.

Overfull \hbox (56.8207pt too wide) in paragraph at lines 105--105
[]  
 []



File: content/mass.pdf Graphic file (type pdf)
<use content/mass.pdf>
Package luatex.def Info: content/mass.pdf  used on input line 105.
(luatex.def)             Requested size: 165.85387pt x 56.90677pt.
[13

]
File: ../right/lin_like.jpg Graphic file (type jpg)
<use ../right/lin_like.jpg>
Package luatex.def Info: ../right/lin_like.jpg  used on input line 105.
(luatex.def)             Requested size: 85.27344pt x 85.27625pt.

Overfull \hbox (56.8207pt too wide) in paragraph at lines 105--105
[]  
 []

File: ../right/lin_like.jpg Graphic file (type jpg)
<use ../right/lin_like.jpg>
Package luatex.def Info: ../right/lin_like.jpg  used on input line 105.
(luatex.def)             Requested size: 85.27344pt x 85.27625pt.

Overfull \hbox (56.8207pt too wide) in paragraph at lines 105--105
[]  
 []

File: ../right/lin_like.jpg Graphic file (type jpg)
<use ../right/lin_like.jpg>
Package luatex.def Info: ../right/lin_like.jpg  used on input line 105.
(luatex.def)             Requested size: 85.27344pt x 85.27625pt.

Overfull \hbox (56.8207pt too wide) in paragraph at lines 105--105
[]  
 []

File: ../right/lin_like.jpg Graphic file (type jpg)
<use ../right/lin_like.jpg>
Package luatex.def Info: ../right/lin_like.jpg  used on input line 105.
(luatex.def)             Requested size: 85.27344pt x 85.27625pt.

Overfull \hbox (56.8207pt too wide) in paragraph at lines 105--105
[]  
 []



File: content/mass.pdf Graphic file (type pdf)
<use content/mass.pdf>
Package luatex.def Info: content/mass.pdf  used on input line 105.
(luatex.def)             Requested size: 165.85387pt x 56.90677pt.
[14

]
File: ../right/lin_like.jpg Graphic file (type jpg)
<use ../right/lin_like.jpg>
Package luatex.def Info: ../right/lin_like.jpg  used on input line 105.
(luatex.def)             Requested size: 85.27344pt x 85.27625pt.

Overfull \hbox (56.8207pt too wide) in paragraph at lines 105--105
[]  
 []

File: ../right/lin_like.jpg Graphic file (type jpg)
<use ../right/lin_like.jpg>
Package luatex.def Info: ../right/lin_like.jpg  used on input line 105.
(luatex.def)             Requested size: 85.27344pt x 85.27625pt.

Overfull \hbox (56.8207pt too wide) in paragraph at lines 105--105
[]  
 []

File: ../right/lin_like.jpg Graphic file (type jpg)
<use ../right/lin_like.jpg>
Package luatex.def Info: ../right/lin_like.jpg  used on input line 105.
(luatex.def)             Requested size: 85.27344pt x 85.27625pt.

Overfull \hbox (56.8207pt too wide) in paragraph at lines 105--105
[]  
 []

File: ../right/lin_like.jpg Graphic file (type jpg)
<use ../right/lin_like.jpg>
Package luatex.def Info: ../right/lin_like.jpg  used on input line 105.
(luatex.def)             Requested size: 85.27344pt x 85.27625pt.

Overfull \hbox (56.8207pt too wide) in paragraph at lines 105--105
[]  
 []



File: content/mass.pdf Graphic file (type pdf)
<use content/mass.pdf>
Package luatex.def Info: content/mass.pdf  used on input line 105.
(luatex.def)             Requested size: 165.85387pt x 56.90677pt.
[15

]
File: ../right/lin_like.jpg Graphic file (type jpg)
<use ../right/lin_like.jpg>
Package luatex.def Info: ../right/lin_like.jpg  used on input line 105.
(luatex.def)             Requested size: 85.27344pt x 85.27625pt.

Overfull \hbox (56.8207pt too wide) in paragraph at lines 105--105
[]  
 []

File: ../right/lin_like.jpg Graphic file (type jpg)
<use ../right/lin_like.jpg>
Package luatex.def Info: ../right/lin_like.jpg  used on input line 105.
(luatex.def)             Requested size: 85.27344pt x 85.27625pt.

Overfull \hbox (56.8207pt too wide) in paragraph at lines 105--105
[]  
 []

File: ../right/lin_like.jpg Graphic file (type jpg)
<use ../right/lin_like.jpg>
Package luatex.def Info: ../right/lin_like.jpg  used on input line 105.
(luatex.def)             Requested size: 85.27344pt x 85.27625pt.

Overfull \hbox (56.8207pt too wide) in paragraph at lines 105--105
[]  
 []

File: ../right/lin_like.jpg Graphic file (type jpg)
<use ../right/lin_like.jpg>
Package luatex.def Info: ../right/lin_like.jpg  used on input line 105.
(luatex.def)             Requested size: 85.27344pt x 85.27625pt.

Overfull \hbox (56.8207pt too wide) in paragraph at lines 105--105
[]  
 []



File: content/mass.pdf Graphic file (type pdf)
<use content/mass.pdf>
Package luatex.def Info: content/mass.pdf  used on input line 105.
(luatex.def)             Requested size: 165.85387pt x 56.90677pt.
[16

]
File: ../right/lin_like.jpg Graphic file (type jpg)
<use ../right/lin_like.jpg>
Package luatex.def Info: ../right/lin_like.jpg  used on input line 105.
(luatex.def)             Requested size: 85.27344pt x 85.27625pt.

Overfull \hbox (56.8207pt too wide) in paragraph at lines 105--105
[]  
 []

File: ../right/lin_like.jpg Graphic file (type jpg)
<use ../right/lin_like.jpg>
Package luatex.def Info: ../right/lin_like.jpg  used on input line 105.
(luatex.def)             Requested size: 85.27344pt x 85.27625pt.

Overfull \hbox (56.8207pt too wide) in paragraph at lines 105--105
[]  
 []

File: ../right/lin_like.jpg Graphic file (type jpg)
<use ../right/lin_like.jpg>
Package luatex.def Info: ../right/lin_like.jpg  used on input line 105.
(luatex.def)             Requested size: 85.27344pt x 85.27625pt.

Overfull \hbox (56.8207pt too wide) in paragraph at lines 105--105
[]  
 []

File: ../right/lin_like.jpg Graphic file (type jpg)
<use ../right/lin_like.jpg>
Package luatex.def Info: ../right/lin_like.jpg  used on input line 105.
(luatex.def)             Requested size: 85.27344pt x 85.27625pt.

Overfull \hbox (56.8207pt too wide) in paragraph at lines 105--105
[]  
 []



File: content/mass.pdf Graphic file (type pdf)
<use content/mass.pdf>
Package luatex.def Info: content/mass.pdf  used on input line 105.
(luatex.def)             Requested size: 165.85387pt x 56.90677pt.
[17

]
File: ../right/lin_like.jpg Graphic file (type jpg)
<use ../right/lin_like.jpg>
Package luatex.def Info: ../right/lin_like.jpg  used on input line 105.
(luatex.def)             Requested size: 85.27344pt x 85.27625pt.

Overfull \hbox (56.8207pt too wide) in paragraph at lines 105--105
[]  
 []

File: ../right/lin_like.jpg Graphic file (type jpg)
<use ../right/lin_like.jpg>
Package luatex.def Info: ../right/lin_like.jpg  used on input line 105.
(luatex.def)             Requested size: 85.27344pt x 85.27625pt.

Overfull \hbox (56.8207pt too wide) in paragraph at lines 105--105
[]  
 []

File: ../right/lin_like.jpg Graphic file (type jpg)
<use ../right/lin_like.jpg>
Package luatex.def Info: ../right/lin_like.jpg  used on input line 105.
(luatex.def)             Requested size: 85.27344pt x 85.27625pt.

Overfull \hbox (56.8207pt too wide) in paragraph at lines 105--105
[]  
 []

File: ../right/lin_like.jpg Graphic file (type jpg)
<use ../right/lin_like.jpg>
Package luatex.def Info: ../right/lin_like.jpg  used on input line 105.
(luatex.def)             Requested size: 85.27344pt x 85.27625pt.

Overfull \hbox (56.8207pt too wide) in paragraph at lines 105--105
[]  
 []



File: content/mass.pdf Graphic file (type pdf)
<use content/mass.pdf>
Package luatex.def Info: content/mass.pdf  used on input line 105.
(luatex.def)             Requested size: 165.85387pt x 56.90677pt.
[18

]
File: ../right/lin_like.jpg Graphic file (type jpg)
<use ../right/lin_like.jpg>
Package luatex.def Info: ../right/lin_like.jpg  used on input line 105.
(luatex.def)             Requested size: 85.27344pt x 85.27625pt.

Overfull \hbox (56.8207pt too wide) in paragraph at lines 105--105
[]  
 []

File: ../right/lin_like.jpg Graphic file (type jpg)
<use ../right/lin_like.jpg>
Package luatex.def Info: ../right/lin_like.jpg  used on input line 105.
(luatex.def)             Requested size: 85.27344pt x 85.27625pt.

Overfull \hbox (56.8207pt too wide) in paragraph at lines 105--105
[]  
 []

File: ../right/lin_like.jpg Graphic file (type jpg)
<use ../right/lin_like.jpg>
Package luatex.def Info: ../right/lin_like.jpg  used on input line 105.
(luatex.def)             Requested size: 85.27344pt x 85.27625pt.

Overfull \hbox (56.8207pt too wide) in paragraph at lines 105--105
[]  
 []

File: ../right/lin_like.jpg Graphic file (type jpg)
<use ../right/lin_like.jpg>
Package luatex.def Info: ../right/lin_like.jpg  used on input line 105.
(luatex.def)             Requested size: 85.27344pt x 85.27625pt.

Overfull \hbox (56.8207pt too wide) in paragraph at lines 105--105
[]  
 []



File: content/mass.pdf Graphic file (type pdf)
<use content/mass.pdf>
Package luatex.def Info: content/mass.pdf  used on input line 105.
(luatex.def)             Requested size: 165.85387pt x 56.90677pt.
[19

]
File: ../right/lin_like.jpg Graphic file (type jpg)
<use ../right/lin_like.jpg>
Package luatex.def Info: ../right/lin_like.jpg  used on input line 105.
(luatex.def)             Requested size: 85.27344pt x 85.27625pt.

Overfull \hbox (56.8207pt too wide) in paragraph at lines 105--105
[]  
 []

File: ../right/lin_like.jpg Graphic file (type jpg)
<use ../right/lin_like.jpg>
Package luatex.def Info: ../right/lin_like.jpg  used on input line 105.
(luatex.def)             Requested size: 85.27344pt x 85.27625pt.

Overfull \hbox (56.8207pt too wide) in paragraph at lines 105--105
[]  
 []

File: ../right/lin_like.jpg Graphic file (type jpg)
<use ../right/lin_like.jpg>
Package luatex.def Info: ../right/lin_like.jpg  used on input line 105.
(luatex.def)             Requested size: 85.27344pt x 85.27625pt.

Overfull \hbox (56.8207pt too wide) in paragraph at lines 105--105
[]  
 []

File: ../right/lin_like.jpg Graphic file (type jpg)
<use ../right/lin_like.jpg>
Package luatex.def Info: ../right/lin_like.jpg  used on input line 105.
(luatex.def)             Requested size: 85.27344pt x 85.27625pt.

Overfull \hbox (56.8207pt too wide) in paragraph at lines 105--105
[]  
 []



File: content/mass.pdf Graphic file (type pdf)
<use content/mass.pdf>
Package luatex.def Info: content/mass.pdf  used on input line 105.
(luatex.def)             Requested size: 165.85387pt x 56.90677pt.
[20

]
File: content/mass.pdf Graphic file (type pdf)
<use content/mass.pdf>
Package luatex.def Info: content/mass.pdf  used on input line 135.
(luatex.def)             Requested size: 165.85387pt x 56.90677pt.
File: ../right/lin_like.jpg Graphic file (type jpg)
<use ../right/lin_like.jpg>
Package luatex.def Info: ../right/lin_like.jpg  used on input line 135.
(luatex.def)             Requested size: 155.13486pt x 67.83418pt.

Overfull \hbox (126.68211pt too wide) in paragraph at lines 135--135
[][]  
 []

File: ../right/lin_like.jpg Graphic file (type jpg)
<use ../right/lin_like.jpg>
Package luatex.def Info: ../right/lin_like.jpg  used on input line 135.
(luatex.def)             Requested size: 38.75504pt x 38.76112pt.

Overfull \hbox (10.30229pt too wide) in paragraph at lines 135--135
[][]  
 []

File: ../right/lin_like.jpg Graphic file (type jpg)
<use ../right/lin_like.jpg>
Package luatex.def Info: ../right/lin_like.jpg  used on input line 135.
(luatex.def)             Requested size: 155.13486pt x 67.83418pt.

Overfull \hbox (126.68211pt too wide) in paragraph at lines 135--135
[][]  
 []

File: ../right/lin_like.jpg Graphic file (type jpg)
<use ../right/lin_like.jpg>
Package luatex.def Info: ../right/lin_like.jpg  used on input line 135.
(luatex.def)             Requested size: 38.75504pt x 38.76112pt.

Overfull \hbox (10.30229pt too wide) in paragraph at lines 135--135
[][]  
 []

File: ../right/lin_like.jpg Graphic file (type jpg)
<use ../right/lin_like.jpg>
Package luatex.def Info: ../right/lin_like.jpg  used on input line 135.
(luatex.def)             Requested size: 106.5874pt x 106.5953pt.

Overfull \hbox (78.13466pt too wide) in paragraph at lines 135--135
[][]  
 []

File: ../right/lin_like.jpg Graphic file (type jpg)
<use ../right/lin_like.jpg>
Package luatex.def Info: ../right/lin_like.jpg  used on input line 135.
(luatex.def)             Requested size: 38.75504pt x 38.76112pt.

Overfull \hbox (10.30229pt too wide) in paragraph at lines 135--135
[][]  
 []



File: content/mass.pdf Graphic file (type pdf)
<use content/mass.pdf>
Package luatex.def Info: content/mass.pdf  used on input line 135.
(luatex.def)             Requested size: 165.85387pt x 56.90677pt.
[21

]
File: ../right/lin_like.jpg Graphic file (type jpg)
<use ../right/lin_like.jpg>
Package luatex.def Info: ../right/lin_like.jpg  used on input line 135.
(luatex.def)             Requested size: 155.13486pt x 67.83418pt.

Overfull \hbox (126.68211pt too wide) in paragraph at lines 135--135
[][]  
 []

File: ../right/lin_like.jpg Graphic file (type jpg)
<use ../right/lin_like.jpg>
Package luatex.def Info: ../right/lin_like.jpg  used on input line 135.
(luatex.def)             Requested size: 38.75504pt x 38.76112pt.

Overfull \hbox (10.30229pt too wide) in paragraph at lines 135--135
[][]  
 []

File: ../right/lin_like.jpg Graphic file (type jpg)
<use ../right/lin_like.jpg>
Package luatex.def Info: ../right/lin_like.jpg  used on input line 135.
(luatex.def)             Requested size: 155.13486pt x 67.83418pt.

Overfull \hbox (126.68211pt too wide) in paragraph at lines 135--135
[][]  
 []

File: ../right/lin_like.jpg Graphic file (type jpg)
<use ../right/lin_like.jpg>
Package luatex.def Info: ../right/lin_like.jpg  used on input line 135.
(luatex.def)             Requested size: 38.75504pt x 38.76112pt.

Overfull \hbox (10.30229pt too wide) in paragraph at lines 135--135
[][]  
 []

File: ../right/lin_like.jpg Graphic file (type jpg)
<use ../right/lin_like.jpg>
Package luatex.def Info: ../right/lin_like.jpg  used on input line 135.
(luatex.def)             Requested size: 106.5874pt x 106.5953pt.

Overfull \hbox (78.13466pt too wide) in paragraph at lines 135--135
[][]  
 []

File: ../right/lin_like.jpg Graphic file (type jpg)
<use ../right/lin_like.jpg>
Package luatex.def Info: ../right/lin_like.jpg  used on input line 135.
(luatex.def)             Requested size: 38.75504pt x 38.76112pt.

Overfull \hbox (10.30229pt too wide) in paragraph at lines 135--135
[][]  
 []



File: content/mass.pdf Graphic file (type pdf)
<use content/mass.pdf>
Package luatex.def Info: content/mass.pdf  used on input line 135.
(luatex.def)             Requested size: 165.85387pt x 56.90677pt.
[22

]
File: ../right/lin_like.jpg Graphic file (type jpg)
<use ../right/lin_like.jpg>
Package luatex.def Info: ../right/lin_like.jpg  used on input line 135.
(luatex.def)             Requested size: 155.13486pt x 67.83418pt.

Overfull \hbox (126.68211pt too wide) in paragraph at lines 135--135
[][]  
 []

File: ../right/lin_like.jpg Graphic file (type jpg)
<use ../right/lin_like.jpg>
Package luatex.def Info: ../right/lin_like.jpg  used on input line 135.
(luatex.def)             Requested size: 38.75504pt x 38.76112pt.

Overfull \hbox (10.30229pt too wide) in paragraph at lines 135--135
[][]  
 []

File: ../right/lin_like.jpg Graphic file (type jpg)
<use ../right/lin_like.jpg>
Package luatex.def Info: ../right/lin_like.jpg  used on input line 135.
(luatex.def)             Requested size: 155.13486pt x 67.83418pt.

Overfull \hbox (126.68211pt too wide) in paragraph at lines 135--135
[][]  
 []

File: ../right/lin_like.jpg Graphic file (type jpg)
<use ../right/lin_like.jpg>
Package luatex.def Info: ../right/lin_like.jpg  used on input line 135.
(luatex.def)             Requested size: 38.75504pt x 38.76112pt.

Overfull \hbox (10.30229pt too wide) in paragraph at lines 135--135
[][]  
 []

File: ../right/lin_like.jpg Graphic file (type jpg)
<use ../right/lin_like.jpg>
Package luatex.def Info: ../right/lin_like.jpg  used on input line 135.
(luatex.def)             Requested size: 106.5874pt x 106.5953pt.

Overfull \hbox (78.13466pt too wide) in paragraph at lines 135--135
[][]  
 []

File: ../right/lin_like.jpg Graphic file (type jpg)
<use ../right/lin_like.jpg>
Package luatex.def Info: ../right/lin_like.jpg  used on input line 135.
(luatex.def)             Requested size: 38.75504pt x 38.76112pt.

Overfull \hbox (10.30229pt too wide) in paragraph at lines 135--135
[][]  
 []



File: content/mass.pdf Graphic file (type pdf)
<use content/mass.pdf>
Package luatex.def Info: content/mass.pdf  used on input line 135.
(luatex.def)             Requested size: 165.85387pt x 56.90677pt.
[23

]
File: ../right/lin_like.jpg Graphic file (type jpg)
<use ../right/lin_like.jpg>
Package luatex.def Info: ../right/lin_like.jpg  used on input line 135.
(luatex.def)             Requested size: 155.13486pt x 67.83418pt.

Overfull \hbox (126.68211pt too wide) in paragraph at lines 135--135
[][]  
 []

File: ../right/lin_like.jpg Graphic file (type jpg)
<use ../right/lin_like.jpg>
Package luatex.def Info: ../right/lin_like.jpg  used on input line 135.
(luatex.def)             Requested size: 38.75504pt x 38.76112pt.

Overfull \hbox (10.30229pt too wide) in paragraph at lines 135--135
[][]  
 []

File: ../right/lin_like.jpg Graphic file (type jpg)
<use ../right/lin_like.jpg>
Package luatex.def Info: ../right/lin_like.jpg  used on input line 135.
(luatex.def)             Requested size: 155.13486pt x 67.83418pt.

Overfull \hbox (126.68211pt too wide) in paragraph at lines 135--135
[][]  
 []

File: ../right/lin_like.jpg Graphic file (type jpg)
<use ../right/lin_like.jpg>
Package luatex.def Info: ../right/lin_like.jpg  used on input line 135.
(luatex.def)             Requested size: 38.75504pt x 38.76112pt.

Overfull \hbox (10.30229pt too wide) in paragraph at lines 135--135
[][]  
 []

File: ../right/lin_like.jpg Graphic file (type jpg)
<use ../right/lin_like.jpg>
Package luatex.def Info: ../right/lin_like.jpg  used on input line 135.
(luatex.def)             Requested size: 106.5874pt x 106.5953pt.

Overfull \hbox (78.13466pt too wide) in paragraph at lines 135--135
[][]  
 []

File: ../right/lin_like.jpg Graphic file (type jpg)
<use ../right/lin_like.jpg>
Package luatex.def Info: ../right/lin_like.jpg  used on input line 135.
(luatex.def)             Requested size: 38.75504pt x 38.76112pt.

Overfull \hbox (10.30229pt too wide) in paragraph at lines 135--135
[][]  
 []



File: content/mass.pdf Graphic file (type pdf)
<use content/mass.pdf>
Package luatex.def Info: content/mass.pdf  used on input line 135.
(luatex.def)             Requested size: 165.85387pt x 56.90677pt.
[24

]
File: content/mass.pdf Graphic file (type pdf)
<use content/mass.pdf>
Package luatex.def Info: content/mass.pdf  used on input line 173.
(luatex.def)             Requested size: 165.85387pt x 56.90677pt.
File: ../right/lin_like.jpg Graphic file (type jpg)
<use ../right/lin_like.jpg>
Package luatex.def Info: ../right/lin_like.jpg  used on input line 173.
(luatex.def)             Requested size: 81.39177pt x 81.39925pt.

Overfull \hbox (52.93903pt too wide) in paragraph at lines 173--173
[]  
 []

File: ../right/lin_like.jpg Graphic file (type jpg)
<use ../right/lin_like.jpg>
Package luatex.def Info: ../right/lin_like.jpg  used on input line 173.
(luatex.def)             Requested size: 81.39177pt x 81.39925pt.

Overfull \hbox (52.93903pt too wide) in paragraph at lines 173--173
[]  
 []

File: ../right/lin_like.jpg Graphic file (type jpg)
<use ../right/lin_like.jpg>
Package luatex.def Info: ../right/lin_like.jpg  used on input line 173.
(luatex.def)             Requested size: 81.39177pt x 81.39925pt.

Overfull \hbox (52.93903pt too wide) in paragraph at lines 173--173
[]  
 []

File: ../right/lin_like.jpg Graphic file (type jpg)
<use ../right/lin_like.jpg>
Package luatex.def Info: ../right/lin_like.jpg  used on input line 173.
(luatex.def)             Requested size: 81.39177pt x 81.39925pt.

Overfull \hbox (52.93903pt too wide) in paragraph at lines 173--173
[]  
 []

File: ../right/lin_like.jpg Graphic file (type jpg)
<use ../right/lin_like.jpg>
Package luatex.def Info: ../right/lin_like.jpg  used on input line 173.
(luatex.def)             Requested size: 81.39177pt x 81.39925pt.

Overfull \hbox (52.93903pt too wide) in paragraph at lines 173--173
[]  
 []



File: content/mass.pdf Graphic file (type pdf)
<use content/mass.pdf>
Package luatex.def Info: content/mass.pdf  used on input line 173.
(luatex.def)             Requested size: 165.85387pt x 56.90677pt.
[25

]
File: ../right/lin_like.jpg Graphic file (type jpg)
<use ../right/lin_like.jpg>
Package luatex.def Info: ../right/lin_like.jpg  used on input line 173.
(luatex.def)             Requested size: 81.39177pt x 81.39925pt.

Overfull \hbox (52.93903pt too wide) in paragraph at lines 173--173
[]  
 []

File: ../right/lin_like.jpg Graphic file (type jpg)
<use ../right/lin_like.jpg>
Package luatex.def Info: ../right/lin_like.jpg  used on input line 173.
(luatex.def)             Requested size: 81.39177pt x 81.39925pt.

Overfull \hbox (52.93903pt too wide) in paragraph at lines 173--173
[]  
 []

File: ../right/lin_like.jpg Graphic file (type jpg)
<use ../right/lin_like.jpg>
Package luatex.def Info: ../right/lin_like.jpg  used on input line 173.
(luatex.def)             Requested size: 81.39177pt x 81.39925pt.

Overfull \hbox (52.93903pt too wide) in paragraph at lines 173--173
[]  
 []

File: ../right/lin_like.jpg Graphic file (type jpg)
<use ../right/lin_like.jpg>
Package luatex.def Info: ../right/lin_like.jpg  used on input line 173.
(luatex.def)             Requested size: 81.39177pt x 81.39925pt.

Overfull \hbox (52.93903pt too wide) in paragraph at lines 173--173
[]  
 []

File: ../right/lin_like.jpg Graphic file (type jpg)
<use ../right/lin_like.jpg>
Package luatex.def Info: ../right/lin_like.jpg  used on input line 173.
(luatex.def)             Requested size: 81.39177pt x 81.39925pt.

Overfull \hbox (52.93903pt too wide) in paragraph at lines 173--173
[]  
 []



File: content/mass.pdf Graphic file (type pdf)
<use content/mass.pdf>
Package luatex.def Info: content/mass.pdf  used on input line 173.
(luatex.def)             Requested size: 165.85387pt x 56.90677pt.
[26

]
File: ../right/lin_like.jpg Graphic file (type jpg)
<use ../right/lin_like.jpg>
Package luatex.def Info: ../right/lin_like.jpg  used on input line 173.
(luatex.def)             Requested size: 81.39177pt x 81.39925pt.

Overfull \hbox (52.93903pt too wide) in paragraph at lines 173--173
[]  
 []

File: ../right/lin_like.jpg Graphic file (type jpg)
<use ../right/lin_like.jpg>
Package luatex.def Info: ../right/lin_like.jpg  used on input line 173.
(luatex.def)             Requested size: 81.39177pt x 81.39925pt.

Overfull \hbox (52.93903pt too wide) in paragraph at lines 173--173
[]  
 []

File: ../right/lin_like.jpg Graphic file (type jpg)
<use ../right/lin_like.jpg>
Package luatex.def Info: ../right/lin_like.jpg  used on input line 173.
(luatex.def)             Requested size: 81.39177pt x 81.39925pt.

Overfull \hbox (52.93903pt too wide) in paragraph at lines 173--173
[]  
 []

File: ../right/lin_like.jpg Graphic file (type jpg)
<use ../right/lin_like.jpg>
Package luatex.def Info: ../right/lin_like.jpg  used on input line 173.
(luatex.def)             Requested size: 81.39177pt x 81.39925pt.

Overfull \hbox (52.93903pt too wide) in paragraph at lines 173--173
[]  
 []

File: ../right/lin_like.jpg Graphic file (type jpg)
<use ../right/lin_like.jpg>
Package luatex.def Info: ../right/lin_like.jpg  used on input line 173.
(luatex.def)             Requested size: 81.39177pt x 81.39925pt.

Overfull \hbox (52.93903pt too wide) in paragraph at lines 173--173
[]  
 []



File: content/mass.pdf Graphic file (type pdf)
<use content/mass.pdf>
Package luatex.def Info: content/mass.pdf  used on input line 173.
(luatex.def)             Requested size: 165.85387pt x 56.90677pt.
[27

]
File: ../right/lin_like.jpg Graphic file (type jpg)
<use ../right/lin_like.jpg>
Package luatex.def Info: ../right/lin_like.jpg  used on input line 173.
(luatex.def)             Requested size: 81.39177pt x 81.39925pt.

Overfull \hbox (52.93903pt too wide) in paragraph at lines 173--173
[]  
 []

File: ../right/lin_like.jpg Graphic file (type jpg)
<use ../right/lin_like.jpg>
Package luatex.def Info: ../right/lin_like.jpg  used on input line 173.
(luatex.def)             Requested size: 81.39177pt x 81.39925pt.

Overfull \hbox (52.93903pt too wide) in paragraph at lines 173--173
[]  
 []

File: ../right/lin_like.jpg Graphic file (type jpg)
<use ../right/lin_like.jpg>
Package luatex.def Info: ../right/lin_like.jpg  used on input line 173.
(luatex.def)             Requested size: 81.39177pt x 81.39925pt.

Overfull \hbox (52.93903pt too wide) in paragraph at lines 173--173
[]  
 []

File: ../right/lin_like.jpg Graphic file (type jpg)
<use ../right/lin_like.jpg>
Package luatex.def Info: ../right/lin_like.jpg  used on input line 173.
(luatex.def)             Requested size: 81.39177pt x 81.39925pt.

Overfull \hbox (52.93903pt too wide) in paragraph at lines 173--173
[]  
 []

File: ../right/lin_like.jpg Graphic file (type jpg)
<use ../right/lin_like.jpg>
Package luatex.def Info: ../right/lin_like.jpg  used on input line 173.
(luatex.def)             Requested size: 81.39177pt x 81.39925pt.

Overfull \hbox (52.93903pt too wide) in paragraph at lines 173--173
[]  
 []



File: content/mass.pdf Graphic file (type pdf)
<use content/mass.pdf>
Package luatex.def Info: content/mass.pdf  used on input line 173.
(luatex.def)             Requested size: 165.85387pt x 56.90677pt.
[28

]
File: ../right/lin_like.jpg Graphic file (type jpg)
<use ../right/lin_like.jpg>
Package luatex.def Info: ../right/lin_like.jpg  used on input line 173.
(luatex.def)             Requested size: 81.39177pt x 81.39925pt.

Overfull \hbox (52.93903pt too wide) in paragraph at lines 173--173
[]  
 []

File: ../right/lin_like.jpg Graphic file (type jpg)
<use ../right/lin_like.jpg>
Package luatex.def Info: ../right/lin_like.jpg  used on input line 173.
(luatex.def)             Requested size: 81.39177pt x 81.39925pt.

Overfull \hbox (52.93903pt too wide) in paragraph at lines 173--173
[]  
 []

File: ../right/lin_like.jpg Graphic file (type jpg)
<use ../right/lin_like.jpg>
Package luatex.def Info: ../right/lin_like.jpg  used on input line 173.
(luatex.def)             Requested size: 81.39177pt x 81.39925pt.

Overfull \hbox (52.93903pt too wide) in paragraph at lines 173--173
[]  
 []

File: ../right/lin_like.jpg Graphic file (type jpg)
<use ../right/lin_like.jpg>
Package luatex.def Info: ../right/lin_like.jpg  used on input line 173.
(luatex.def)             Requested size: 81.39177pt x 81.39925pt.

Overfull \hbox (52.93903pt too wide) in paragraph at lines 173--173
[]  
 []

File: ../right/lin_like.jpg Graphic file (type jpg)
<use ../right/lin_like.jpg>
Package luatex.def Info: ../right/lin_like.jpg  used on input line 173.
(luatex.def)             Requested size: 81.39177pt x 81.39925pt.

Overfull \hbox (52.93903pt too wide) in paragraph at lines 173--173
[]  
 []



File: content/mass.pdf Graphic file (type pdf)
<use content/mass.pdf>
Package luatex.def Info: content/mass.pdf  used on input line 173.
(luatex.def)             Requested size: 165.85387pt x 56.90677pt.
[29

]
File: ../right/lin_like.jpg Graphic file (type jpg)
<use ../right/lin_like.jpg>
Package luatex.def Info: ../right/lin_like.jpg  used on input line 173.
(luatex.def)             Requested size: 81.39177pt x 81.39925pt.

Overfull \hbox (52.93903pt too wide) in paragraph at lines 173--173
[]  
 []

File: ../right/lin_like.jpg Graphic file (type jpg)
<use ../right/lin_like.jpg>
Package luatex.def Info: ../right/lin_like.jpg  used on input line 173.
(luatex.def)             Requested size: 81.39177pt x 81.39925pt.

Overfull \hbox (52.93903pt too wide) in paragraph at lines 173--173
[]  
 []

File: ../right/lin_like.jpg Graphic file (type jpg)
<use ../right/lin_like.jpg>
Package luatex.def Info: ../right/lin_like.jpg  used on input line 173.
(luatex.def)             Requested size: 81.39177pt x 81.39925pt.

Overfull \hbox (52.93903pt too wide) in paragraph at lines 173--173
[]  
 []

File: ../right/lin_like.jpg Graphic file (type jpg)
<use ../right/lin_like.jpg>
Package luatex.def Info: ../right/lin_like.jpg  used on input line 173.
(luatex.def)             Requested size: 81.39177pt x 81.39925pt.

Overfull \hbox (52.93903pt too wide) in paragraph at lines 173--173
[]  
 []

File: ../right/lin_like.jpg Graphic file (type jpg)
<use ../right/lin_like.jpg>
Package luatex.def Info: ../right/lin_like.jpg  used on input line 173.
(luatex.def)             Requested size: 81.39177pt x 81.39925pt.

Overfull \hbox (52.93903pt too wide) in paragraph at lines 173--173
[]  
 []



File: content/mass.pdf Graphic file (type pdf)
<use content/mass.pdf>
Package luatex.def Info: content/mass.pdf  used on input line 173.
(luatex.def)             Requested size: 165.85387pt x 56.90677pt.
[30

]
File: ../right/lin_like.jpg Graphic file (type jpg)
<use ../right/lin_like.jpg>
Package luatex.def Info: ../right/lin_like.jpg  used on input line 173.
(luatex.def)             Requested size: 81.39177pt x 81.39925pt.

Overfull \hbox (52.93903pt too wide) in paragraph at lines 173--173
[]  
 []

File: ../right/lin_like.jpg Graphic file (type jpg)
<use ../right/lin_like.jpg>
Package luatex.def Info: ../right/lin_like.jpg  used on input line 173.
(luatex.def)             Requested size: 81.39177pt x 81.39925pt.

Overfull \hbox (52.93903pt too wide) in paragraph at lines 173--173
[]  
 []

File: ../right/lin_like.jpg Graphic file (type jpg)
<use ../right/lin_like.jpg>
Package luatex.def Info: ../right/lin_like.jpg  used on input line 173.
(luatex.def)             Requested size: 81.39177pt x 81.39925pt.

Overfull \hbox (52.93903pt too wide) in paragraph at lines 173--173
[]  
 []

File: ../right/lin_like.jpg Graphic file (type jpg)
<use ../right/lin_like.jpg>
Package luatex.def Info: ../right/lin_like.jpg  used on input line 173.
(luatex.def)             Requested size: 81.39177pt x 81.39925pt.

Overfull \hbox (52.93903pt too wide) in paragraph at lines 173--173
[]  
 []

File: ../right/lin_like.jpg Graphic file (type jpg)
<use ../right/lin_like.jpg>
Package luatex.def Info: ../right/lin_like.jpg  used on input line 173.
(luatex.def)             Requested size: 81.39177pt x 81.39925pt.

Overfull \hbox (52.93903pt too wide) in paragraph at lines 173--173
[]  
 []



File: content/mass.pdf Graphic file (type pdf)
<use content/mass.pdf>
Package luatex.def Info: content/mass.pdf  used on input line 173.
(luatex.def)             Requested size: 165.85387pt x 56.90677pt.
[31

]
File: ../right/lin_like.jpg Graphic file (type jpg)
<use ../right/lin_like.jpg>
Package luatex.def Info: ../right/lin_like.jpg  used on input line 173.
(luatex.def)             Requested size: 81.39177pt x 81.39925pt.

Overfull \hbox (52.93903pt too wide) in paragraph at lines 173--173
[]  
 []

File: ../right/lin_like.jpg Graphic file (type jpg)
<use ../right/lin_like.jpg>
Package luatex.def Info: ../right/lin_like.jpg  used on input line 173.
(luatex.def)             Requested size: 81.39177pt x 81.39925pt.

Overfull \hbox (52.93903pt too wide) in paragraph at lines 173--173
[]  
 []

File: ../right/lin_like.jpg Graphic file (type jpg)
<use ../right/lin_like.jpg>
Package luatex.def Info: ../right/lin_like.jpg  used on input line 173.
(luatex.def)             Requested size: 81.39177pt x 81.39925pt.

Overfull \hbox (52.93903pt too wide) in paragraph at lines 173--173
[]  
 []

File: ../right/lin_like.jpg Graphic file (type jpg)
<use ../right/lin_like.jpg>
Package luatex.def Info: ../right/lin_like.jpg  used on input line 173.
(luatex.def)             Requested size: 81.39177pt x 81.39925pt.

Overfull \hbox (52.93903pt too wide) in paragraph at lines 173--173
[]  
 []

File: ../right/lin_like.jpg Graphic file (type jpg)
<use ../right/lin_like.jpg>
Package luatex.def Info: ../right/lin_like.jpg  used on input line 173.
(luatex.def)             Requested size: 81.39177pt x 81.39925pt.

Overfull \hbox (52.93903pt too wide) in paragraph at lines 173--173
[]  
 []



File: content/mass.pdf Graphic file (type pdf)
<use content/mass.pdf>
Package luatex.def Info: content/mass.pdf  used on input line 173.
(luatex.def)             Requested size: 165.85387pt x 56.90677pt.
[32

]
File: ../right/lin_like.jpg Graphic file (type jpg)
<use ../right/lin_like.jpg>
Package luatex.def Info: ../right/lin_like.jpg  used on input line 173.
(luatex.def)             Requested size: 81.39177pt x 81.39925pt.

Overfull \hbox (52.93903pt too wide) in paragraph at lines 173--173
[]  
 []

File: ../right/lin_like.jpg Graphic file (type jpg)
<use ../right/lin_like.jpg>
Package luatex.def Info: ../right/lin_like.jpg  used on input line 173.
(luatex.def)             Requested size: 81.39177pt x 81.39925pt.

Overfull \hbox (52.93903pt too wide) in paragraph at lines 173--173
[]  
 []

File: ../right/lin_like.jpg Graphic file (type jpg)
<use ../right/lin_like.jpg>
Package luatex.def Info: ../right/lin_like.jpg  used on input line 173.
(luatex.def)             Requested size: 81.39177pt x 81.39925pt.

Overfull \hbox (52.93903pt too wide) in paragraph at lines 173--173
[]  
 []

File: ../right/lin_like.jpg Graphic file (type jpg)
<use ../right/lin_like.jpg>
Package luatex.def Info: ../right/lin_like.jpg  used on input line 173.
(luatex.def)             Requested size: 81.39177pt x 81.39925pt.

Overfull \hbox (52.93903pt too wide) in paragraph at lines 173--173
[]  
 []

File: ../right/lin_like.jpg Graphic file (type jpg)
<use ../right/lin_like.jpg>
Package luatex.def Info: ../right/lin_like.jpg  used on input line 173.
(luatex.def)             Requested size: 81.39177pt x 81.39925pt.

Overfull \hbox (52.93903pt too wide) in paragraph at lines 173--173
[]  
 []



File: content/mass.pdf Graphic file (type pdf)
<use content/mass.pdf>
Package luatex.def Info: content/mass.pdf  used on input line 173.
(luatex.def)             Requested size: 165.85387pt x 56.90677pt.
[33

]
File: ../right/lin_like.jpg Graphic file (type jpg)
<use ../right/lin_like.jpg>
Package luatex.def Info: ../right/lin_like.jpg  used on input line 173.
(luatex.def)             Requested size: 81.39177pt x 81.39925pt.

Overfull \hbox (52.93903pt too wide) in paragraph at lines 173--173
[]  
 []

File: ../right/lin_like.jpg Graphic file (type jpg)
<use ../right/lin_like.jpg>
Package luatex.def Info: ../right/lin_like.jpg  used on input line 173.
(luatex.def)             Requested size: 81.39177pt x 81.39925pt.

Overfull \hbox (52.93903pt too wide) in paragraph at lines 173--173
[]  
 []

File: ../right/lin_like.jpg Graphic file (type jpg)
<use ../right/lin_like.jpg>
Package luatex.def Info: ../right/lin_like.jpg  used on input line 173.
(luatex.def)             Requested size: 81.39177pt x 81.39925pt.

Overfull \hbox (52.93903pt too wide) in paragraph at lines 173--173
[]  
 []

File: ../right/lin_like.jpg Graphic file (type jpg)
<use ../right/lin_like.jpg>
Package luatex.def Info: ../right/lin_like.jpg  used on input line 173.
(luatex.def)             Requested size: 81.39177pt x 81.39925pt.

Overfull \hbox (52.93903pt too wide) in paragraph at lines 173--173
[]  
 []

File: ../right/lin_like.jpg Graphic file (type jpg)
<use ../right/lin_like.jpg>
Package luatex.def Info: ../right/lin_like.jpg  used on input line 173.
(luatex.def)             Requested size: 81.39177pt x 81.39925pt.

Overfull \hbox (52.93903pt too wide) in paragraph at lines 173--173
[]  
 []



File: content/mass.pdf Graphic file (type pdf)
<use content/mass.pdf>
Package luatex.def Info: content/mass.pdf  used on input line 173.
(luatex.def)             Requested size: 165.85387pt x 56.90677pt.
[34

]
File: ../right/lin_like.jpg Graphic file (type jpg)
<use ../right/lin_like.jpg>
Package luatex.def Info: ../right/lin_like.jpg  used on input line 173.
(luatex.def)             Requested size: 81.39177pt x 81.39925pt.

Overfull \hbox (52.93903pt too wide) in paragraph at lines 173--173
[]  
 []

File: ../right/lin_like.jpg Graphic file (type jpg)
<use ../right/lin_like.jpg>
Package luatex.def Info: ../right/lin_like.jpg  used on input line 173.
(luatex.def)             Requested size: 81.39177pt x 81.39925pt.

Overfull \hbox (52.93903pt too wide) in paragraph at lines 173--173
[]  
 []

File: ../right/lin_like.jpg Graphic file (type jpg)
<use ../right/lin_like.jpg>
Package luatex.def Info: ../right/lin_like.jpg  used on input line 173.
(luatex.def)             Requested size: 81.39177pt x 81.39925pt.

Overfull \hbox (52.93903pt too wide) in paragraph at lines 173--173
[]  
 []

File: ../right/lin_like.jpg Graphic file (type jpg)
<use ../right/lin_like.jpg>
Package luatex.def Info: ../right/lin_like.jpg  used on input line 173.
(luatex.def)             Requested size: 81.39177pt x 81.39925pt.

Overfull \hbox (52.93903pt too wide) in paragraph at lines 173--173
[]  
 []

File: ../right/lin_like.jpg Graphic file (type jpg)
<use ../right/lin_like.jpg>
Package luatex.def Info: ../right/lin_like.jpg  used on input line 173.
(luatex.def)             Requested size: 81.39177pt x 81.39925pt.

Overfull \hbox (52.93903pt too wide) in paragraph at lines 173--173
[]  
 []



File: content/mass.pdf Graphic file (type pdf)
<use content/mass.pdf>
Package luatex.def Info: content/mass.pdf  used on input line 173.
(luatex.def)             Requested size: 165.85387pt x 56.90677pt.
[35

]
File: content/mass.pdf Graphic file (type pdf)
<use content/mass.pdf>
Package luatex.def Info: content/mass.pdf  used on input line 177.
(luatex.def)             Requested size: 165.85387pt x 56.90677pt.


File: content/mass.pdf Graphic file (type pdf)
<use content/mass.pdf>
Package luatex.def Info: content/mass.pdf  used on input line 177.
(luatex.def)             Requested size: 165.85387pt x 56.90677pt.
[36

]
\tf@nav=\write7

\openout7 = main.nav
\tf@toc=\write8

\openout8 = main.toc
\tf@snm=\write9

\openout9 = main.snm
(./build/main.aux)
 ***********
LaTeX2e <2025-06-01> patch level 1
L3 programming layer <2025-08-13>
 ***********
Package rerunfilecheck Info: File `main.out' has not changed.
(rerunfilecheck)             Checksum: BF2257CB66276797598F17E77F4108AE;162.
Package logreq Info: Writing requests to 'main.run.xml'.

\openout1 = main.run.xml
)

Here is how much of LuaTeX's memory you used:
 50568 strings out of 470117
 125165,2373549 words of node,token memory allocated
 1716 words of node memory still in use:
   32 hlist, 7 vlist, 4 rule, 4 local_par, 43 glue, 7 kern, 15 penalty, 1 margin
_kern, 13 glyph, 97 attribute, 81 glue_spec, 51 attribute_list, 4 write, 8 pdf_c
olorstack, 2 pdf_setmatrix, 2 pdf_save, 2 pdf_restore nodes
   avail lists: 1:3,2:1159,3:424,4:234,5:460,6:59,7:2671,9:604,10:6,11:205
 77095 multiletter control sequences out of 65536+600000
 83 fonts using 21755631 bytes
 133i,18n,119p,1000b,2367s stack positions out of 10000i,1000n,20000p,200000b,200000s
</home/fritz/.local/texlive/2025/texmf-dist/fonts/opentype/public/fira/FiraSans-
Light.otf></home/fritz/.local/texlive/2025/texmf-dist/fonts/opentype/public/fira
/FiraSans-Medium.otf>
Output written on main.pdf (36 pages, 745236 bytes).

PDF statistics: 1325 PDF objects out of 1440 (max. 8388607)
 1056 compressed objects within 11 object streams
 74 named destinations out of 1000 (max. 131072)
 104 words of extra memory for PDF output out of 10000 (max. 100000000)

