                                                          Cloudy 25.00
                                                         www.nublado.org

                                                  PRNG seed: 0xd207ae006052a086

                       **************************************25Aug25**************************************
                       *                                                                                 *
                       * table power law                                                                 *
                       * phi(H) 18.5                                                                     *
                       * hden 10                                                                         *
                       * stop column density 22                                                          *
                       * iterate to convergence                                                          *
                       * print last iteration                                                            *
                       * save overview "blr.ovr" last                                                    *
                       * save continuum "blr.con" units microns last                                     *
                       *                                                                                 *
                       ***********************************************************************************



           !The plasma frequency is 2.99e-07 Ryd.  The incident continuum is set to 0 below this.
           9244CellPeak1.00E+00   Lo 3.04e-09=  29.98m   Hi-Con:7.13E+06 Ryd   E(hi):7.35E+06Ryd     E(hi):     100.00 MeV
           I(nu>1ryd):   8.8025   Average nu:9.206E+00   I( X-ray):   8.5941   I(BalC):   7.9801     Phi(BalmrC):  18.9772
           phi(1.0-1.8):18.1503   phi(1.8-4.0): 17.982   phi(4.0-20): 17.804   phi(20--): 17.186     Ion pht flx:3.162E+18
           I(gam ray):   7.5261   phi(gam r):  14.0099   I(Infred):   8.3942   Alf(ox):  -1.0000     Total inten:   8.9903
           U(1.0----):1.055E-02   U(4.0----):2.634E-03   T(En-Den):1.441E+03   T(Comp):2.105E+07     nuJnu(912A):6.891E+07
           Occ(FarIR):0.000E+00   Occ(H n=6):5.362E-03   Occ(1Ryd):3.179E-09   Occ(4R):1.232E-11     Occ (Nu-hi):0.000E+00
           Tbr(FarIR):0.000E+00   Tbr(H n=6):2.349E+01   Tbr(1Ryd):5.017E-04   Tbr(4R):7.795E-06     Tbr (Nu-hi):0.000E+00
  
                                                  Gas Phase Chemical Composition
        H :  0.0000  He: -1.0000  Li: -8.6904  Be:-10.5800  B : -9.2097  C : -3.6108  N : -4.0701  O : -3.3098  F : -7.5200
        Ne: -4.0000  Na: -5.6696  Mg: -4.4597  Al: -5.5302  Si: -4.4597  P : -6.4949  S : -4.7352  Cl: -6.7190  Ar: -5.6003
        K : -6.8794  Ca: -5.6402  Sc: -8.8297  Ti: -6.9788  V : -8.0000  Cr: -6.3298  Mn: -6.5406  Fe: -4.5498  Co: -7.0799
                                               Ni: -5.7496  Cu: -7.7905  Zn: -7.4001
 
 ####  1  Te:2.193E+04 Hden:1.000E+10 Ne:1.199E+10 R:1.000E+30 R-R0:1.937E+05 dR:3.873E+05 NTR:  9 Htot:9.747E-04 T912: 1.23e-05###
 Hydrogen      4.99e-04 1.00e+00 H+o/Hden 1.00e+00 7.49e-13 H-    H2 1.21e-18 7.33e-14 H2+ HeH+ 7.87e-14 Ho+ ColD 1.93e+12 3.87e+15
 Helium        2.58e-05 4.45e-02 9.55e-01 HeI 2s3S 9.03e-08 Comp H,C 1.03e-07 1.07e-10 Fill Fac 1.00e+00 Gam1/tot 9.87e-01
 He singlet n  2.58e-05 1.23e-09 1.43e-13 1.14e-13 7.07e-14 9.49e-14 He tripl 9.03e-08 9.81e-11 1.12e-12 3.53e-12 8.13e-13
 Pressure      NgasTgas 5.04e+14 P(total) 6.96e-02 P( gas ) 6.96e-02 P(Radtn) 0.00e+00 Rad accl 1.63e+01 ForceMul 1.51e+03
 Texc(La)      6.76e+03 T(I con) 1.44e+03 T(D con) 3.33e+01 T(U tot) 1.44e+03 nT (c+d) 3.56e+08 Prad/Gas 0.00e+00 Pmag/Gas 0.00e+00
 Molecules     CH/Ctot: 1.40e-19 CH+/Ctot 2.98e-16 CO/Ctot: 1.92e-26 CO+/Ctot 5.02e-24 H2O/Otot 1.74e-34 OH/Ototl 1.91e-20
 Lithium       7.07e-07 3.15e-02 3.65e-01 6.04e-01 Berylliu 3.28e-06 1.66e-03 2.43e-01 6.47e-01 1.09e-01 sec ion: 2.46e-06
 Boron         3.36e-07 4.34e-03 4.94e-02 6.97e-01 2.37e-01 1.14e-02
 Carbon        9.26e-08 1.06e-03 7.95e-02 2.68e-01 6.00e-01 5.11e-02 8.22e-04 H2O+/O   4.49e-35 OH+/Otot 9.02e-21 Hex(tot) 0.00e+00
 Nitrogen      9.09e-08 4.14e-04 6.76e-02 3.66e-01 3.64e-01 1.96e-01 5.87e-03 3.73e-05 O2/Ototl 2.35e-27 O2+/Otot 4.77e-28
 Oxygen        6.42e-08 1.65e-04 3.02e-02 3.66e-01 4.06e-01 1.62e-01 3.51e-02 4.26e-04 1.21e-06
 Fluorine      1.28e-08 1.02e-04 1.99e-02 2.29e-01 5.76e-01 1.57e-01 1.53e-02 2.33e-03 1.28e-05 0.00e+00
 Neon          6.44e-09 5.20e-05 1.77e-02 2.08e-01 5.11e-01 2.42e-01 1.93e-02 1.79e-03 1.22e-04 3.34e-07 0.00e+00
 Sodium        2.27e-10 1.93e-05 7.27e-03 1.74e-01 5.63e-01 2.20e-01 3.49e-02 1.22e-03 4.76e-05 2.85e-06 0.00e+00 0.00e+00
 Magnesium     5.78e-08 1.34e-05 5.66e-03 1.10e-01 4.68e-01 3.45e-01 6.64e-02 4.29e-03 2.10e-04 6.20e-06 2.38e-07 0.00e+00 0.00e+00
 Aluminium  0  8.51e-09 5.33e-05 6.40e-04 4.08e-02 3.30e-01 5.14e-01 1.04e-01 9.47e-03 4.86e-04 9.64e-06 1.52e-07 0.00e+00 0.00e+00
 Silicon    0  2.21e-09 8.15e-05 4.66e-03 2.81e-02 2.55e-01 4.45e-01 2.39e-01 2.89e-02 3.50e-04 7.64e-06 0.00e+00 0.00e+00 0.00e+00
 Phosphorus 0  9.18e-09 2.12e-04 6.96e-03 4.01e-02 1.25e-01 4.92e-01 2.86e-01 4.76e-02 2.19e-03 5.05e-05 3.23e-07 0.00e+00 0.00e+00
 Sulphur    0  4.48e-09 2.00e-04 1.69e-02 9.22e-02 1.20e-01 2.30e-01 4.17e-01 1.18e-01 5.50e-03 1.00e-04 1.64e-06 0.00e+00 0.00e+00
 Chlorine   0  6.16e-09 1.41e-04 1.65e-02 1.79e-01 2.82e-01 1.80e-01 1.62e-01 1.62e-01 1.84e-02 7.55e-04 7.67e-06 0.00e+00 0.00e+00
 Argon      0  2.84e-09 3.42e-05 2.31e-02 1.61e-01 3.91e-01 3.04e-01 4.69e-02 4.89e-02 2.36e-02 1.26e-03 2.59e-05 3.26e-07 0.00e+00
 Potassium  0  8.01e-10 1.50e-04 1.84e-02 2.03e-01 3.94e-01 2.90e-01 7.42e-02 1.30e-02 4.88e-03 1.87e-03 5.74e-05 6.35e-07 0.00e+00
 Calcium    0  2.38e-11 2.48e-06 7.77e-03 1.35e-01 4.86e-01 2.96e-01 5.88e-02 1.47e-02 9.00e-04 5.36e-04 9.98e-05 1.76e-06 0.00e+00
 Scandium   0  2.83e-12 5.10e-07 6.53e-04 9.13e-02 3.26e-01 4.84e-01 7.47e-02 2.20e-02 1.35e-03 1.23e-04 1.34e-05 4.88e-06 0.00e+00
 Titanium   0  8.94e-12 1.55e-06 5.40e-04 9.71e-02 3.07e-01 3.88e-01 1.85e-01 2.12e-02 1.76e-03 1.47e-04 6.69e-06 1.56e-06 2.21e-07
 Vanadium   0  1.80e-12 1.44e-07 1.20e-04 6.86e-03 1.81e-01 5.37e-01 2.07e-01 6.64e-02 2.43e-03 1.49e-04 5.10e-06 9.01e-07 1.14e-07
 Chromium   0  3.17e-13 5.92e-08 8.58e-05 4.48e-03 7.76e-02 4.35e-01 3.79e-01 9.21e-02 1.19e-02 3.15e-04 1.28e-05 8.86e-07 2.11e-07
 Manganese  0  1.18e-12 6.73e-08 5.99e-05 2.99e-03 7.16e-02 3.54e-01 5.12e-01 4.95e-02 8.39e-03 8.87e-04 1.39e-05 1.00e-06 0.00e+00
 Iron       0  2.09e-13 6.93e-09 8.28e-06 1.19e-03 2.84e-02 1.98e-01 4.77e-01 2.86e-01 8.32e-03 7.36e-04 1.23e-05 6.04e-07 0.00e+00
 Cobalt     0  2.31e-13 3.93e-09 2.99e-06 4.17e-04 2.10e-02 1.78e-01 3.95e-01 3.30e-01 6.93e-02 5.94e-03 2.53e-04 2.14e-05 2.29e-07
 Nickel     0  1.66e-13 3.54e-09 2.54e-06 2.28e-04 1.06e-02 1.34e-01 3.49e-01 3.80e-01 1.11e-01 1.58e-02 3.23e-04 4.03e-05 1.44e-06
 Copper     0  4.62e-14 8.57e-10 2.09e-06 1.93e-04 6.12e-03 8.29e-02 3.07e-01 4.16e-01 1.54e-01 3.18e-02 1.71e-03 2.41e-05 3.14e-06
 Zinc       1  1.47e-10 2.26e-07 7.04e-05 4.58e-03 6.39e-02 2.46e-01 4.53e-01 1.84e-01 4.52e-02 3.11e-03 2.10e-04 6.23e-06 2.35e-07
 ####255  Te:8.558E+03 Hden:1.000E+10 Ne:2.126E+09 R:1.000E+30 R-R0:9.998E+11 dR:3.871E+08 NTR:  7 Htot:2.417E-05 T912: 2.02e+04###
 P(Lines):(O  1 8446.76A 0.12) (O  1 8446.36A 0.10) (O  1 8446.25A 0.05) 
 Hydrogen      7.91e-01 2.09e-01 H+o/Hden 1.00e+00 1.98e-09 H-    H2 7.85e-11 9.32e-10 H2+ HeH+ 9.27e-10 Ho+ ColD 3.18e+21 6.82e+21
 Helium        9.70e-01 2.96e-02 1.11e-04 HeI 2s3S 2.18e-07 Comp H,C 1.78e-08 5.31e-12 Fill Fac 1.00e+00 Gam1/tot 1.57e-01
 He singlet n  9.70e-01 9.39e-09 8.69e-12 2.86e-14 2.12e-13 2.67e-14 He tripl 2.18e-07 2.41e-11 2.09e-13 6.65e-13 6.09e-13
 Pressure      NgasTgas 1.12e+14 P(total) 1.92e-02 P( gas ) 1.55e-02 P(Radtn) 3.64e-03 Rad accl 8.99e-02 ForceMul 6.33e+01
 Texc(La)      7.80e+03 T(I con) 1.29e+03 T(D con) 7.77e+02 T(U tot) 1.33e+03 nT (c+d) 5.00e+08 Prad/Gas 1.90e-01 Pmag/Gas 0.00e+00
 Molecules     CH/Ctot: 2.38e-13 CH+/Ctot 1.43e-09 CO/Ctot: 8.87e-13 CO+/Ctot 3.13e-13 H2O/Otot 5.99e-20 OH/Ototl 1.05e-09
 Lithium       6.86e-05 1.00e+00 1.78e-06 0.00e+00 Berylliu 2.56e-03 9.79e-01 1.80e-02 1.41e-04 0.00e+00 sec ion: 1.73e-05
 Boron         5.69e-05 9.87e-01 1.32e-03 1.16e-02 1.68e-07 0.00e+00
 Carbon        1.42e-04 9.83e-01 1.71e-02 1.56e-05 3.97e-07 0.00e+00 0.00e+00 H2O+/O   6.22e-20 OH+/Otot 1.09e-09 Hex(tot) 0.00e+00
 Nitrogen      5.87e-02 9.41e-01 9.59e-05 2.74e-05 0.00e+00 0.00e+00 0.00e+00 0.00e+00 O2/Ototl 4.55e-13 O2+/Otot 1.57e-13
 Oxygen        8.22e-01 1.78e-01 1.51e-04 5.04e-06 0.00e+00 0.00e+00 0.00e+00 0.00e+00 0.00e+00
 Fluorine      3.38e-01 5.56e-01 1.05e-01 1.20e-05 3.95e-05 0.00e+00 0.00e+00 0.00e+00 0.00e+00 0.00e+00
 Neon          2.47e-01 5.54e-01 1.99e-01 2.58e-05 5.05e-06 0.00e+00 0.00e+00 0.00e+00 0.00e+00 0.00e+00 0.00e+00
 Sodium        7.32e-04 7.59e-01 2.40e-01 8.08e-05 3.96e-04 0.00e+00 0.00e+00 0.00e+00 0.00e+00 0.00e+00 0.00e+00 0.00e+00
 Magnesium     1.34e-03 7.53e-01 2.46e-01 2.82e-05 1.14e-05 0.00e+00 0.00e+00 0.00e+00 0.00e+00 0.00e+00 0.00e+00 0.00e+00 0.00e+00
 Aluminium  0  1.15e-05 8.12e-01 9.50e-02 9.33e-02 1.73e-04 1.06e-06 0.00e+00 0.00e+00 0.00e+00 0.00e+00 0.00e+00 0.00e+00 0.00e+00
 Silicon    0  2.04e-05 9.97e-01 2.59e-03 3.25e-04 1.65e-05 3.02e-06 0.00e+00 0.00e+00 0.00e+00 0.00e+00 0.00e+00 0.00e+00 0.00e+00
 Phosphorus 0  4.99e-05 9.41e-01 5.70e-02 1.75e-03 2.31e-05 6.88e-06 2.96e-07 0.00e+00 0.00e+00 0.00e+00 0.00e+00 0.00e+00 0.00e+00
 Sulphur    0  4.64e-05 8.91e-01 1.09e-01 8.32e-05 1.77e-05 5.56e-06 1.63e-06 0.00e+00 0.00e+00 0.00e+00 0.00e+00 0.00e+00 0.00e+00
 Chlorine   0  1.10e-04 8.41e-01 1.59e-01 1.27e-04 1.74e-05 4.82e-06 1.32e-06 2.15e-07 0.00e+00 0.00e+00 0.00e+00 0.00e+00 0.00e+00
 Argon      0  3.51e-01 6.18e-01 3.11e-02 4.98e-05 1.33e-05 2.40e-06 6.10e-07 0.00e+00 0.00e+00 0.00e+00 0.00e+00 0.00e+00 0.00e+00
 Potassium  0  9.54e-05 6.92e-01 3.00e-01 9.68e-05 7.56e-03 4.97e-06 1.14e-06 2.18e-07 0.00e+00 0.00e+00 0.00e+00 0.00e+00 0.00e+00
 Calcium    0  6.83e-07 2.39e-02 9.74e-01 1.82e-03 1.52e-04 1.11e-05 1.37e-06 3.52e-07 0.00e+00 0.00e+00 0.00e+00 0.00e+00 0.00e+00
 Scandium   0  4.60e-06 8.65e-02 8.42e-01 6.75e-02 4.12e-03 1.36e-05 1.68e-06 2.73e-07 0.00e+00 0.00e+00 0.00e+00 0.00e+00 0.00e+00
 Titanium   0  3.56e-05 7.13e-01 2.66e-01 8.39e-04 2.09e-02 1.28e-05 2.75e-06 3.29e-07 0.00e+00 0.00e+00 0.00e+00 0.00e+00 0.00e+00
 Vanadium   0  1.81e-04 7.03e-01 2.94e-01 1.33e-04 2.77e-03 1.17e-05 1.56e-06 1.57e-07 0.00e+00 0.00e+00 0.00e+00 0.00e+00 0.00e+00
 Chromium   0  3.41e-05 9.56e-01 4.33e-02 6.38e-05 4.91e-04 4.23e-05 3.83e-06 1.57e-07 0.00e+00 0.00e+00 0.00e+00 0.00e+00 0.00e+00
 Manganese  0  7.05e-05 9.67e-01 3.17e-02 6.40e-05 1.53e-03 4.46e-05 1.30e-05 2.34e-06 0.00e+00 0.00e+00 0.00e+00 0.00e+00 0.00e+00
 Iron       0  2.46e-05 9.86e-01 1.38e-02 2.49e-04 1.25e-04 4.03e-05 1.07e-05 1.60e-06 0.00e+00 0.00e+00 0.00e+00 0.00e+00 0.00e+00
 Cobalt     0  2.45e-04 9.98e-01 5.03e-04 2.86e-04 1.17e-03 3.32e-05 8.59e-06 4.40e-07 0.00e+00 0.00e+00 0.00e+00 0.00e+00 0.00e+00
 Nickel     0  9.58e-05 9.99e-01 4.30e-04 8.93e-05 2.45e-04 2.99e-05 6.76e-06 2.44e-07 0.00e+00 0.00e+00 0.00e+00 0.00e+00 0.00e+00
 Copper     0  1.62e-04 9.19e-01 8.04e-02 9.65e-05 4.64e-05 2.81e-05 6.66e-06 4.68e-07 0.00e+00 0.00e+00 0.00e+00 0.00e+00 0.00e+00
 Zinc       0  3.29e-04 2.42e-01 5.47e-01 1.43e-01 6.73e-02 5.01e-05 2.16e-05 6.40e-06 3.98e-07 0.00e+00 0.00e+00 0.00e+00 0.00e+00
   
   Calculation stopped because H column dens reached. Iteration 4 of 4
   The geometry is plane-parallel.
  !The high electron density makes the Nussbaumer/Storey CNO recombination predictions unreliable.
  !Suprathermal collisional ionization of H reached 83.81% of the local H ionization rate.
  !Charge transfer H => H+ reached 23340.5% of the local H ionization rate.
  !Photoionization of upper level of Mg II 2798 reached 98.6% of the total Mg+ photo rate.
  !The largest plasma frequency was 2.99e-07 Ryd = 3.05e+05 micron  The continuum is set to 0 below this.
  !AGE: Cloud age was not set.  Longest timescale was 1.70e+03 s.
  !Some iso-structure lines mased: H -like HELI, line 58-57 had optical depth -1.08e-01
  !Some iso-structure lines mased: H -like HELI, line 59-58 had optical depth -1.74e-01
  !Some iso-structure lines mased: H -like HELI, line 60-59 had optical depth -2.60e-01
  !Some iso-structure lines mased: H -like HELI, line 61-60 had optical depth -3.47e-01
  !Some iso-structure lines mased: H -like HELI, line 62-60 had optical depth -1.17e-01
  !Some iso-structure lines mased: H -like HELI, line 62-61 had optical depth -4.30e-01
  !Some iso-structure lines mased: H -like HELI, line 63-62 had optical depth -5.21e-01
  !Some iso-structure lines mased: H -like HELI, line 64-62 had optical depth -2.53e-01
  !Some iso-structure lines mased: H -like HELI, line 64-63 had optical depth -6.13e-01
  !Some iso-structure lines mased: H -like HELI, line 65-64 had optical depth -6.87e-01
  !Some iso-structure lines mased: H -like HELI, line 66-64 had optical depth -2.98e-01
  !Some iso-structure lines mased: H -like HELI, line 66-65 had optical depth -7.63e-01
  !Some iso-structure lines mased: H -like HELI, line 67-65 had optical depth -1.13e-01
  !Some iso-structure lines mased: H -like HELI, line 67-66 had optical depth -8.82e-01
  !Some iso-structure lines mased: H -like HELI, line 68-66 had optical depth -2.32e-01
  !Some iso-structure lines mased: H -like HELI, line 68-67 had optical depth -1.12e+00
  !Some iso-structure lines mased: He-like HELI, line 45-44 had optical depth -1.17e-01
  !Some iso-structure lines mased: He-like HELI, line 46-45 had optical depth -2.60e-01
  !Some iso-structure lines mased: He-like HELI, line 47-46 had optical depth -2.98e-01
  !Some iso-structure lines mased: He-like HELI, line 48-47 had optical depth -2.33e-01
  !Some hydrogenic lines mased, species was He 2, smallest tau was -1.82e+00, transition 69-68
  !The CMB was not included.  This is added with the CMB command.
  !The radiation pressure jumped by 594% from 7.07e-04 (zone 252) to 2.13e-03 (zone 253) to 9.30e-06 (zone 254)
   Thermal collisional ionization of H reached 3.86% of the local ionization rate.
   Charge transfer heating reached 1.92% of the local heating.
   Photoionization of upper levels of [O I] reached 2.1% of the total O destruction rate.
   The largest continuum occupation number was 8.034e+01 at 2.987e-07 Ryd.
   Induced recombination was  24.3% of the total for H level 68
   Stimulated emission was  87.0% of the total for H transition 55 - 54
   Timescale-photoerosion of Fe=1.56e+08 yr
   The Balmer continuum optical depth was 2.62e-01.
   The Balmer continuum stimulated emission correction to optical depths reached 1.22e-01.
   The continuum optical depth at the lowest energy considered (3.045e-09 Ryd) was 7.053e+10.
   The optical depth to Rayleigh scattering at 1300A is 2.13e-02
   The ratio of radiation to gas pressure reached 2.34e-01 at zone 255.  Caused by line number 6, label dBaseLin O  1
   Line radiation pressure capped by thermalization length.

                       *********************************> Cloudy 25.00 <**********************************
                       * table power law                                                                 *
                       * phi(H) 18.5                                                                     *
                       * hden 10                                                                         *
                       * stop column density 22                                                          *
                       * iterate to convergence                                                          *
                       * print last iteration                                                            *
                       * save overview "blr.ovr" last                                                    *
                       * save continuum "blr.con" units microns last                                     *
                       *********************************> Log(U): -1.98 <*********************************

                     Emission Line Spectrum.   Constant  Density Model.    Open geometry.  Iteration 4 of 4.
                                                     Intensity (erg/s/cm^2).


                                                   Intrinsic line intensities
general properties..............................      Ca B                4.01977m     4.018    0.0030      Na 1                5889.95A     3.755    0.0016
Inci                      0      8.990  282.9937      Ca B                3.90648m     3.929    0.0025      Na 1                5895.92A     3.731    0.0016
TotH                      0      8.319   60.2874      Ca B                3.81841m     3.845    0.0020      Ne 3                3868.76A     4.071    0.0034
TotC                      0      8.319   60.2878      Ca B                3.74837m     3.765    0.0017      Ne 3                489.500A     3.745    0.0016
BFH1                      0      7.596   11.4223      Ca B                3.69163m     3.690    0.0014      Ne 3                488.108A     3.676    0.0014
BFHx                      0      5.282    0.0553      Ca B                3.64493m     3.619    0.0012      Ne 3                313.056A     3.684    0.0014
BFHe                      0      7.945   25.5215      Ca B                3.60599m     3.551    0.0010      Ne 3                3967.47A     3.553    0.0010
TotM                      0      7.874   21.6374      Ca B                19.0567m     4.390    0.0071      Ne 3                1814.56A     3.598    0.0011
Cbnd                      0      4.879    0.0219      Ca B                11.3056m     4.315    0.0060      Ne 3                491.045A     3.671    0.0014
ComH                      0      4.781    0.0175      Ca B                8.75768m     4.215    0.0048      Ne 3                489.645A     3.648    0.0013
CT H                      0      6.026    0.3072      Ca B                7.50606m     4.112    0.0037      Ne 3                488.875A     3.666    0.0013
H FB                      0      7.128    3.8836      Ca B                6.77015m     4.010    0.0030      Ne 3                313.688A     3.660    0.0013
HFBc                      0      6.975    2.7299      Ca B                6.29020m     3.912    0.0024      Ne 3                283.576A     3.585    0.0011
HFBh                      0      5.282    0.0553      Ca B                5.95522m     3.818    0.0019      Ne 3                490.311A     3.675    0.0014
Hind                      0      4.516    0.0095      Ca B                5.70991m     3.729    0.0015      Ne 3                313.961A     3.574    0.0011
H  1c                     0      7.595   11.3783      Ca B                5.52368m     3.645    0.0013      Ne 3                283.799A     3.609    0.0012
He 2h                     0      4.693    0.0143      Ca B                5.37831m     3.565    0.0011      Ne 3                379.308A     3.600    0.0012
He 1c                     0      6.369    0.6767      Ca B                27.7958m     4.100    0.0036      Ne 3                427.852A     3.664    0.0013
C  5c                     0      3.788    0.0018      Ca B                16.2047m     4.027    0.0031      Ne 5                568.424A     3.657    0.0013
Al 3c                     0      5.607    0.1170      Ca B                12.3838m     3.931    0.0025      Ne 5                480.415A     3.628    0.0012
Ar 4c                     0      3.679    0.0014      Ca B                10.5006m     3.832    0.0020      Ne 5                357.947A     3.672    0.0014
Ar 5c                     0      4.211    0.0047      Ca B                9.38946m     3.735    0.0016      Ne 5                1136.52A     4.427    0.0077
Ar 6c                     0      3.699    0.0014      Ca B                8.66214m     3.642    0.0013      Ne 5                569.756A     3.640    0.0013
C  2c                     0      6.157    0.4152      Ca B                8.15267m     3.554    0.0010      Ne 5                569.828A     3.713    0.0015
C  3c                     0      7.099    3.6348      Ca B                38.8593m     3.832    0.0020      Ne 5                481.293A     3.629    0.0012
Fe 2c                     0      6.718    1.5133      Ca B                22.3344m     3.762    0.0017      Ne 5                358.474A     3.748    0.0016
Fe 3c                     0      4.767    0.0169      Ca B                16.8760m     3.671    0.0014      Ne 5                3425.88A     3.678    0.0014
Fe 7c                     0      3.868    0.0021      Ca B                14.1792m     3.577    0.0011      Ne 5                1145.61A     4.874    0.0216
Mg 1c                     0      5.048    0.0323      Ca B                52.5206m     3.583    0.0011      Ne 5                572.105A     3.648    0.0013
Mn 2c                     0      4.621    0.0121      H  1                2430.61A     5.802    0.1836      Ne 5                572.335A     3.794    0.0018
N  1c                     0      4.336    0.0063      H  1                1215.67A     7.832   19.6493      Ne 5                482.994A     3.679    0.0014
N  4c                     0      6.585    1.1134      H  1                1025.72A     5.687    0.1406      Ne 5                359.374A     3.797    0.0018
N  5c                     0      6.431    0.7802      H  1                972.537A     4.800    0.0182      Ne 5                416.212A     3.677    0.0014
Na 1c                     0      3.775    0.0017      H  1                949.743A     4.357    0.0066      Ne 5                416.834A     3.572    0.0011
Ne 3c                     0      4.313    0.0060      H  1                937.803A     4.072    0.0034      O  1                1027.43A     4.372    0.0068
Ne 5c                     0      5.064    0.0335      H  1                930.748A     3.977    0.0027      O  1                1027.43A     4.626    0.0122
O  1c                     0      5.566    0.1065      H  1                926.226A     3.920    0.0024      O  1                1028.16A     4.766    0.0169
O  2c                     0      4.321    0.0061      H  1                923.150A     3.882    0.0022      O  1                1302.17A     6.776    1.7290
O  3c                     0      6.767    1.6910      H  1                920.963A     3.854    0.0021      O  1                1304.86A     6.722    1.5263
O  5c                     0      6.366    0.6726      H  1                919.351A     3.833    0.0020      O  1                1306.03A     6.608    1.1746
P  2c                     0      3.798    0.0018      H  1                918.129A     3.816    0.0019      O  1                1355.60A     3.828    0.0019
P  4c                     0      3.972    0.0027      H  1                917.181A     3.805    0.0018      O  1                1641.31A     5.638    0.1258
S  2c                     0      4.401    0.0073      H  1                916.429A     3.794    0.0018      O  1                8446.25A     5.842    0.2013
S  3c                     0      5.598    0.1146      H  1                915.824A     3.784    0.0018      O  1                8446.36A     5.912    0.2361
S  5c                     0      5.313    0.0595      H  1                915.329A     3.775    0.0017      O  1                8446.76A     6.030    0.3099
Si 2c                     0      6.207    0.4657      H  1                914.919A     3.766    0.0017      O  1                1.12863m     5.684    0.1397
Si 3c                     0      6.827    1.9418      H  1                914.576A     3.757    0.0017      O  1                1.12864m     5.495    0.0904
Si 4c                     0      6.624    1.2182      H  1                914.286A     3.748    0.0016      O  1                1.12869m     5.578    0.1096
Si 7c                     0      4.352    0.0065      H  1                914.039A     3.738    0.0016      O  1                1.12870m     5.284    0.0556
Al 2c                     0      5.937    0.2505      H  1                913.826A     3.728    0.0015      O  1                1.12871m     4.450    0.0082
C  4c                     0      7.748   16.1806      H  1                6562.80A     7.198    4.5662      O  1                1.12873m     5.715    0.1501
Ca 2c                     0      5.780    0.1744      H  1                4861.32A     6.539    1.0000      O  2                832.758A     3.689    0.0014
Fe 4c                     0      4.220    0.0048      H  1                4340.46A     6.195    0.4536      O  2                833.330A     3.837    0.0020
Fe 5c                     0      4.014    0.0030      H  1                4101.73A     5.702    0.1458      O  2                834.465A     3.926    0.0024
Fe 6c                     0      4.027    0.0031      H  1                3970.07A     5.432    0.0782      O  3                832.929A     4.576    0.0109
Mg 2c                     0      7.311    5.9233      H  1                3889.05A     5.236    0.0499      O  3                702.337A     4.197    0.0046
Mg 5c                     0      4.152    0.0041      H  1                3835.38A     5.086    0.0352      O  3                507.388A     3.870    0.0021
Mg 6c                     0      3.831    0.0020      H  1                3797.90A     4.963    0.0266      O  3                2320.95A     3.597    0.0011
N  2c                     0      5.161    0.0419      H  1                3770.63A     4.864    0.0212      O  3                1660.81A     6.134    0.3941
N  3c                     0      6.309    0.5900      H  1                3750.15A     4.783    0.0176      O  3                833.715A     4.585    0.0111
Ne 4c                     0      4.060    0.0033      H  1                3734.37A     4.716    0.0150      O  3                833.749A     4.780    0.0174
Ne 6c                     0      4.622    0.0121      H  1                3721.94A     4.658    0.0132      O  3                702.838A     4.115    0.0038
O  4c                     0      6.651    1.2949      H  1                3711.97A     4.607    0.0117      O  3                702.896A     3.827    0.0019
O  6c                     0      6.176    0.4340      H  1                3703.85A     4.563    0.0106      O  3                702.900A     4.107    0.0037
P  5c                     0      4.093    0.0036      H  1                3697.15A     4.522    0.0096      O  3                507.680A     3.955    0.0026
S  4c                     0      5.945    0.2547      H  1                3691.55A     4.485    0.0088      O  3                5006.84A     3.697    0.0014
S  6c                     0      5.431    0.0781      H  1                3686.83A     4.451    0.0082      O  3                1666.15A     6.519    0.9567
S  8c                     0      4.015    0.0030      H  1                3682.81A     4.419    0.0076      O  3                835.059A     4.660    0.0132
Si 6c                     0      4.030    0.0031      H  1                3679.35A     4.388    0.0071      O  3                835.092A     4.821    0.0191
continua........................................      H  1                1.87510m     6.114    0.3766      O  3                835.289A     4.963    0.0266
Bac                 3646.00A     7.836   19.8538      H  1                1.28181m     6.148    0.4072      O  3                703.851A     3.680    0.0014
nFnu                3645.00A     7.892   22.5677      H  1                1.09381m     5.735    0.1572      O  3                703.854A     4.213    0.0047
nFnu                3647.00A     6.972    2.7139      H  1                1.00494m     5.460    0.0834      O  3                508.178A     3.995    0.0029
cout                3646.00A     7.549   10.2473      H  1                9545.97A     5.243    0.0507      O  3                4363.21A     4.224    0.0048
cref                3646.00A     7.521    9.6065      H  1                9229.02A     5.076    0.0345      O  3                1002.49A     3.916    0.0024
thin                3646.00A     7.938   25.0931      H  1                9014.91A     4.946    0.0255      O  3                599.590A     3.920    0.0024
Inci                4860.00A     7.838   19.9399      H  1                8862.79A     4.843    0.0202      O  3                525.794A     3.709    0.0015
Inci                1367.00A     7.838   19.9399      H  1                8750.48A     4.760    0.0167      O  3                597.814A     3.893    0.0023
Inci                2066.00A     7.838   19.9399      H  1                8665.02A     4.689    0.0141      O  5                1218.34A     6.341    0.6353
Inci                1215.00A     7.838   19.9399      H  1                8598.40A     4.625    0.0122      O  5                629.732A     4.749    0.0162
Ba C                      0      7.218    4.7818      H  1                8545.39A     4.566    0.0106      O  5                286.448A     3.606    0.0012
PA C                      0      6.871    2.1491      H  1                8502.49A     4.509    0.0093      P  4                950.657A     4.086    0.0035
FIR                 83.0000m     5.898    0.2290      H  1                8467.26A     4.454    0.0082      S  2                1259.52A     4.031    0.0031
TIR                 1800.00m     3.697    0.0014      H  1                8437.96A     4.401    0.0073      S  2                1253.81A     3.949    0.0026
NIRa                2.85000m     8.366   67.2339      H  1                8413.32A     4.348    0.0065      S  2                1250.58A     3.759    0.0017
NIRb                3.00000m     8.112   37.4903      H  1                8392.40A     4.297    0.0057      S  2                1204.32A     3.599    0.0012
MIRa                15.0000m     7.841   20.0515      H  1                8374.48A     4.247    0.0051      S  3                1713.11A     4.708    0.0148
MIRb                22.5000m     7.848   20.3783      H  1                4.05115m     5.379    0.0693      S  3                1728.94A     5.140    0.0400
NMIR                21.7500m     8.366   67.2339      H  1                2.62515m     5.282    0.0553      S  3                1190.20A     4.259    0.0053
TFIR                611.250m     5.231    0.0493      H  1                2.16553m     5.127    0.0388      S  3                1194.45A     4.193    0.0045
TALL                10000.0A     8.983  278.3673      H  1                1.94456m     4.957    0.0262      S  3                1202.12A     3.625    0.0012
F12                 12.0000m     7.431    7.8020      H  1                1.81741m     4.808    0.0186      S  3                1194.06A     4.519    0.0096
F25                 25.0000m     6.308    0.5887      H  1                1.73621m     4.685    0.0140      S  3                1201.73A     4.403    0.0073
F60                 60.0000m     5.616    0.1196      H  1                1.68065m     4.583    0.0111      S  3                1200.97A     4.834    0.0197
F100                100.000m     4.992    0.0284      H  1                1.64072m     4.497    0.0091      S  3                1015.50A     3.814    0.0019
MIPS                24.0000m     6.008    0.2945      H  1                1.61093m     4.421    0.0076      S  3                1012.50A     3.802    0.0018
MIPS                70.0000m     5.038    0.0316      H  1                1.58805m     4.350    0.0065      S  3                1015.57A     3.783    0.0018
MIPS                160.000m     4.560    0.0105      H  1                1.57007m     4.284    0.0056      S  3                1021.11A     3.833    0.0020
IRAC                3.60000m     7.196    4.5448      H  1                1.55565m     4.219    0.0048      S  3                1015.78A     4.034    0.0031
IRAC                4.50000m     7.222    4.8236      H  1                1.54389m     4.158    0.0042      S  3                1021.32A     4.099    0.0036
IRAC                5.80000m     7.247    5.1062      H  1                1.53418m     4.098    0.0036      S  3                1077.16A     4.228    0.0049
IRAC                8.00000m     7.405    7.3516      H  1                1.52605m     4.040    0.0032      S  5                1199.13A     5.165    0.0423
SPR1                250.000m     4.435    0.0079      H  1                1.51919m     3.983    0.0028      S  5                786.468A     4.464    0.0084
SPR2                350.000m     4.119    0.0038      H  1                1.51332m     3.929    0.0025      Si 2                2334.41A     5.286    0.0559
SPR3                500.000m     3.767    0.0017      H  1                7.45782m     4.435    0.0079      Si 2                2328.52A     3.726    0.0015
PAC1                70.0000m     5.099    0.0363      H  1                4.65251m     4.562    0.0106      Si 2                1808.01A     5.232    0.0494
PAC2                100.000m     4.991    0.0284      H  1                3.73954m     4.497    0.0091      Si 2                1526.71A     4.696    0.0144
PAC3                160.000m     4.837    0.0199      H  1                3.29609m     4.402    0.0073      Si 2                1304.37A     4.237    0.0050
PAH                 3.30000m     6.348    0.6441      H  1                3.03837m     4.312    0.0059      Si 2                1260.42A     4.544    0.0101
PAHC                3.23000m     6.054    0.3277      H  1                2.87221m     4.234    0.0050      Si 2                1193.29A     4.479    0.0087
PAHC                3.37000m     6.031    0.3104      H  1                2.75752m     4.166    0.0042      Si 2                1190.42A     4.582    0.0111
PAH                 6.20000m     6.763    1.6781      H  1                2.67440m     4.103    0.0037      Si 2                2350.17A     5.392    0.0714
PAHC                5.65000m     6.801    1.8294      H  1                2.61194m     4.042    0.0032      Si 2                2344.20A     4.833    0.0197
PAH                 7.90000m     6.955    2.6080      H  1                2.56363m     3.982    0.0028      Si 2                2334.60A     5.403    0.0733
PAHC                6.90000m     7.013    2.9824      H  1                2.52540m     3.922    0.0024      Si 2                1817.45A     5.095    0.0360
PAH                 11.3000m     6.216    0.4762      H  1                2.49458m     3.864    0.0021      Si 2                1816.93A     5.621    0.1208
PAHC                10.9000m     6.285    0.5573      H  1                2.46931m     3.806    0.0019      Si 2                1533.43A     4.724    0.0153
PAH                 11.8000m     6.352    0.6506      H  1                2.44833m     3.750    0.0016      Si 2                1309.28A     4.278    0.0055
PAHC                12.6500m     6.247    0.5110      H  1                2.43070m     3.695    0.0014      Si 2                1265.00A     4.495    0.0091
PAH                 13.3000m     6.206    0.4653      H  1                2.41573m     3.641    0.0013      Si 2                1264.74A     4.770    0.0170
PAHC                14.1000m     6.096    0.3612      H  1                12.3685m     3.930    0.0025      Si 2                1197.39A     4.464    0.0084
Bcon                3640.00A     8.516   94.9327      H  1                7.50045m     4.135    0.0039      Si 2                1194.50A     4.643    0.0127
Pcon                5000.00A     7.975   27.2946      H  1                5.90660m     4.149    0.0041      Si 3                1892.03A     6.726    1.5412
O3bn                5007.00A     6.321    0.6057      H  1                5.12726m     4.112    0.0037      Si 3                1206.50A     6.136    0.3962
SX                  25.0000A     7.421    7.6213      H  1                4.67124m     4.062    0.0033      Si 3                1298.89A     3.873    0.0022
HX                  4.70000A     8.085   35.1548      H  1                4.37526m     4.005    0.0029      Si 3                1294.54A     4.066    0.0034
ROSA                12.3980A     7.858   20.8723      H  1                4.16966m     3.943    0.0025      Si 3                1118.63A     3.711    0.0015
HFFc                      0      7.097    3.6210      H  1                4.01977m     3.878    0.0022      Si 3                1118.58A     3.807    0.0019
H FF                      0      7.052    3.2649      H  1                3.90648m     3.812    0.0019      Si 3                994.790A     3.545    0.0010
FF H                      0      5.000    0.0290      H  1                3.81841m     3.747    0.0016      Si 3                1303.32A     3.555    0.0010
HeFF                      0      6.081    0.3488      H  1                3.74837m     3.683    0.0014      Si 3                1298.95A     3.719    0.0015
MeFB                      0      5.377    0.0690      H  1                3.69163m     3.620    0.0012      Si 3                1121.81A     3.973    0.0027
MeFF                      0      4.772    0.0171      H  1                3.64493m     3.559    0.0010      Si 3                2541.82A     3.911    0.0024
ToFF                      0      7.099    3.6308      H  1                11.3056m     3.714    0.0015      Si 4                1393.75A     6.442    0.8004
nFnu                122.367m     5.176    0.0434      H  1                8.75768m     3.788    0.0018      Si 4                1402.77A     6.158    0.4163
nInu                122.367m     3.907    0.0023      H  1                7.50606m     3.800    0.0018      Si 7                2146.64A     4.198    0.0046
nFnu                60.8157m     5.499    0.0912      H  1                6.77015m     3.779    0.0017      Si 7                2350.02A     3.564    0.0011
nInu                60.8157m     5.064    0.0336      H  1                6.29020m     3.737    0.0016      Ti 5                252.959A     3.558    0.0010
nFnu                41.2039m     5.660    0.1323      H  1                5.95522m     3.682    0.0014      Al 2                2669.15A     5.781    0.1749
nInu                41.2039m     5.673    0.1362      H  1                5.70991m     3.621    0.0012      Al 2                1670.79A     5.422    0.0765
nFnu                30.8611m     5.773    0.1715      H  1                5.52368m     3.558    0.0010      Al 2                1858.03A     3.539    0.0010
nInu                30.8611m     6.119    0.3805      Ca A                303.784A     4.552    0.0103      Al 2                1763.87A     3.550    0.0010
nFnu                24.7761m     5.858    0.2088      Ca A                256.317A     3.841    0.0020      Al 2                1760.11A     3.686    0.0014
nInu                24.7761m     6.456    0.8264      Ca B                1640.41A     6.570    1.0757      Al 2                1763.95A     3.619    0.0012
nFnu                24.2932m     5.866    0.2125      Ca B                1215.13A     6.135    0.3950      Al 2                1721.27A     3.667    0.0013
nInu                24.2932m     6.486    0.8867      Ca B                1084.94A     5.834    0.1973      Al 2                1724.98A     3.836    0.0020
nFnu                22.8240m     5.890    0.2249      Ca B                1025.27A     5.614    0.1189      C  4                1550.77A     7.279    5.5029
nInu                22.8240m     6.578    1.0950      Ca B                992.358A     5.445    0.0806      C  4                1548.19A     7.563   10.5708
nFnu                21.4141m     5.915    0.2378      Ca B                972.106A     5.307    0.0587      C  4                419.525A     3.656    0.0013
nInu                21.4141m     6.675    1.3680      Ca B                958.693A     5.190    0.0448      C  4                419.714A     3.851    0.0021
nFnu                21.1177m     5.921    0.2414      Ca B                949.323A     5.090    0.0356      C  4                312.451A     3.698    0.0014
nInu                21.1177m     6.700    1.4506      Ca B                942.507A     5.005    0.0293      C  4                312.420A     3.706    0.0015
nFnu                19.6146m     5.952    0.2590      Ca B                937.389A     4.934    0.0248      C  4                384.031A     3.558    0.0010
nInu                19.6146m     6.812    1.8767      Ca B                933.444A     4.872    0.0216      C  4                384.174A     3.643    0.0013
nFnu                17.6486m     5.995    0.2863      Ca B                930.337A     4.815    0.0189      Ca 2                3968.47A     5.175    0.0433
nInu                17.6486m     6.969    2.6973      Ca B                927.846A     4.758    0.0166      Ca 2                8662.14A     4.880    0.0220
nFnu                17.3653m     6.002    0.2907      Ca B                925.816A     4.699    0.0145      Ca 2                3933.66A     5.279    0.0550
nInu                17.3653m     6.995    2.8597      Ca B                924.142A     4.638    0.0126      Ca 2                8498.02A     4.979    0.0276
nFnu                15.6859m     6.044    0.3205      Ca B                922.743A     4.577    0.0109      Ca 2                8542.09A     4.980    0.0276
nInu                15.6859m     7.152    4.1093      Ca B                921.562A     4.515    0.0095      Fe 4                2835.74A     3.807    0.0019
nFnu                14.5997m     6.077    0.3456      Ca B                920.556A     4.455    0.0082      Fe 8                185.213A     3.550    0.0010
nInu                14.5997m     7.259    5.2523      Ca B                919.693A     4.396    0.0072      Fe 8                168.929A     3.594    0.0011
nFnu                12.4266m     6.155    0.4130      Ca B                918.945A     4.338    0.0063      Fe 8                168.544A     3.646    0.0013
nInu                12.4266m     7.508    9.3106      Ca B                918.295A     4.282    0.0055      Fe 8                168.172A     3.766    0.0017
nFnu                11.3969m     6.196    0.4544      Ca B                917.724A     4.228    0.0049      Fe 8                167.486A     3.691    0.0014
nInu                11.3969m     7.639   12.6144      Ca B                4685.68A     5.620    0.1207      Mg 2                2802.71A     6.813    1.8830
nFnu                10.4572m     6.245    0.5087      Ca B                3203.08A     5.336    0.0627      Mg 2                2795.53A     7.021    3.0355
nInu                10.4572m     7.771   17.0881      Ca B                2733.28A     5.113    0.0376      Mg 2                2936.52A     4.385    0.0070
nFnu                9.47744m     6.283    0.5550      Ca B                2511.19A     4.940    0.0252      Mg 2                2928.64A     4.409    0.0074
nInu                9.47744m     7.838   19.9139      Ca B                2385.39A     4.798    0.0182      Mg 2                2797.93A     4.205    0.0046
nFnu                9.32234m     6.287    0.5609      Ca B                2306.18A     4.678    0.0138      Mg 2                2790.77A     4.499    0.0091
nInu                9.32234m     7.838   19.9148      Ca B                2252.67A     4.577    0.0109      Mg 2                2798.00A     4.801    0.0183
nFnu                8.20812m     6.329    0.6174      Ca B                2214.65A     4.491    0.0090      Mg 4                320.994A     3.671    0.0014
nInu                8.20812m     7.838   19.9192      Ca B                2186.59A     4.420    0.0076      Mg 4                323.307A     3.666    0.0013
nFnu                7.57793m     6.351    0.6494      Ca B                2165.23A     4.359    0.0066      Mg 5                2782.76A     3.941    0.0025
nInu                7.57793m     7.838   19.9226      Ca B                2148.58A     4.302    0.0058      Mg 5                353.092A     3.628    0.0012
nFnu                7.04834m     6.381    0.6958      Ca B                2135.34A     4.244    0.0051      Mg 5                355.329A     3.581    0.0011
nInu                7.04834m     7.838   19.9226      Ca B                2124.61A     4.185    0.0044      Mg 5                351.085A     3.570    0.0011
nFnu                4.11258m     6.562    1.0564      Ca B                2115.81A     4.124    0.0039      Mg 5                354.221A     3.599    0.0011
nInu                4.11258m     7.838   19.9277      Ca B                2108.49A     4.063    0.0033      Mg 5                352.197A     3.556    0.0010
nFnu                2.32377m     6.728    1.5457      Ca B                2102.33A     4.002    0.0029      Mg 6                1190.12A     3.676    0.0014
nInu                2.32377m     7.838   19.9318      Ca B                2097.10A     3.941    0.0025      Mg 6                403.307A     3.602    0.0012
nFnu                1.64268m     6.850    2.0496      Ca B                2092.63A     3.882    0.0022      Mg 6                400.662A     3.583    0.0011
nInu                1.64268m     7.838   19.9189      Ca B                2088.76A     3.824    0.0019      Mg 6                399.281A     3.544    0.0010
nFnu                1.47981m     6.859    2.0930      Ca B                2085.40A     3.768    0.0017      N  2                2139.01A     4.579    0.0110
nInu                1.47981m     7.838   19.9216      Ca B                2082.46A     3.714    0.0015      N  2                2142.77A     4.966    0.0267
nFnu                1.43610m     7.007    2.9390      Ca B                1.01235m     4.973    0.0272      N  2                1085.70A     4.198    0.0046
nInu                1.43610m     7.836   19.8486      Ca B                6560.01A     4.759    0.0166      N  2                1084.58A     3.983    0.0028
nFnu                1.11836m     7.013    2.9846      Ca B                5411.45A     4.580    0.0110      N  2                1085.55A     3.916    0.0024
nInu                1.11836m     7.837   19.8866      Ca B                4859.26A     4.434    0.0079      N  2                1083.99A     3.892    0.0023
nFnu                8327.39A     6.990    2.8264      Ca B                4541.54A     4.312    0.0059      N  2                1084.56A     3.707    0.0015
nInu                8327.39A     7.838   19.9085      Ca B                4338.62A     4.210    0.0047      N  2                915.612A     3.855    0.0021
nFnu                8076.39A     7.328    6.1647      Ca B                4199.78A     4.124    0.0038      N  2                916.020A     3.632    0.0012
nInu                8076.39A     7.832   19.6721      Ca B                4099.99A     4.052    0.0033      N  2                916.710A     3.558    0.0010
nFnu                6207.94A     7.255    5.2015      Ca B                4025.55A     3.991    0.0028      N  2                916.012A     3.865    0.0021
nInu                6207.94A     7.835   19.8079      Ca B                3968.39A     3.934    0.0025      N  2                916.701A     3.988    0.0028
nFnu                4884.00A     7.153    4.1133      Ca B                3923.44A     3.876    0.0022      N  2                915.962A     3.850    0.0020
nInu                4884.00A     7.837   19.8703      Ca B                3887.40A     3.817    0.0019      N  3                1748.65A     5.368    0.0675
nFnu                3703.28A     6.979    2.7569      Ca B                3858.03A     3.757    0.0017      N  3                1753.99A     5.383    0.0698
nInu                3703.28A     7.838   19.9059      Ca B                3833.76A     3.696    0.0014      N  3                1746.82A     4.312    0.0059
nFnu                3586.64A     7.883   22.1285      Ca B                3813.45A     3.634    0.0012      N  3                1752.16A     5.151    0.0410
nInu                3586.64A     7.729   15.4900      Ca B                3796.29A     3.574    0.0011      N  3                1749.67A     5.883    0.2212
nFnu                2429.31A     7.435    7.8743      Ca B                1.86365m     4.459    0.0083      N  3                989.799A     5.034    0.0313
nInu                2429.31A     7.800   18.2673      Ca B                1.16262m     4.294    0.0057      N  3                991.511A     5.125    0.0386
nFnu                2391.30A     7.411    7.4626      Ca B                9344.80A     4.148    0.0041      N  3                991.577A     5.544    0.1013
nInu                2391.30A     7.802   18.3400      Ca B                8236.67A     4.025    0.0031      N  3                763.334A     4.142    0.0040
nFnu                2070.68A     7.204    4.6339      Ca B                7592.65A     3.923    0.0024      N  3                764.351A     4.152    0.0041
nInu                2070.68A     7.814   18.8514      Ca B                7177.41A     3.836    0.0020      N  3                685.515A     3.981    0.0028
nFnu                2052.02A     7.212    4.7136      Ca B                6890.80A     3.765    0.0017      N  3                686.336A     3.950    0.0026
nInu                2052.02A     7.815   18.8805      Ca B                6683.11A     3.704    0.0015      N  3                684.998A     4.022    0.0030
nFnu                1793.44A     7.100    3.6456      Ca B                6527.01A     3.647    0.0013      N  3                685.817A     4.100    0.0036
nInu                1793.44A     7.822   19.2030      Ca B                6406.30A     3.590    0.0011      N  3                451.871A     3.632    0.0012
nFnu                1585.12A     6.924    2.4296      Ca B                3.09080m     4.032    0.0031      N  3                452.227A     3.697    0.0014
nInu                1585.12A     7.826   19.3983      Ca B                1.87431m     3.905    0.0023      Ne 4                1601.45A     3.742    0.0016
nFnu                1458.33A     6.814    1.8836      Ca B                1.47602m     3.786    0.0018      Ne 4                541.126A     3.697    0.0014
nInu                1458.33A     7.829   19.5028      Ca B                1.28127m     3.685    0.0014      Ne 4                542.076A     3.737    0.0016
nFnu                1356.96A     6.735    1.5718      Ca B                1.16730m     3.600    0.0012      Ne 4                543.886A     3.761    0.0017
nInu                1356.96A     7.830   19.5759      Ca B                4.76213m     3.672    0.0014      Ne 4                388.225A     3.626    0.0012
nFnu                1297.29A     6.743    1.5994      Ca B                2.82519m     3.576    0.0011      Ne 6                997.038A     3.592    0.0011
nInu                1297.29A     7.831   19.6066      He 2                607.571A     5.142    0.0401      Ne 6                1010.20A     3.546    0.0010
nFnu                1262.79A     6.888    2.2376      He 2                303.784A     7.490    8.9469      Ne 6                1005.73A     4.048    0.0032
nInu                1262.79A     7.831   19.5938      He 2                256.317A     4.190    0.0045      Ne 6                999.233A     4.308    0.0059
nFnu                1218.08A     7.839   19.9758      He 2                243.027A     3.960    0.0026      Ne 6                558.603A     3.655    0.0013
nInu                1218.08A     7.832   19.6384      He 2                237.331A     3.746    0.0016      Ne 6                562.805A     3.713    0.0015
nFnu                1196.33A     7.334    6.2465      He 2                234.347A     3.685    0.0014      Ne 6                433.179A     3.565    0.0011
nInu                1196.33A     7.828   19.4594      He 2                232.584A     3.590    0.0011      Ne 6                435.646A     3.629    0.0012
nFnu                1175.06A     6.876    2.1755      He 2                231.454A     3.604    0.0012      Ne 6                401.146A     3.650    0.0013
nInu                1175.06A     7.832   19.6327      He 2                230.686A     3.576    0.0011      Ne 6                403.260A     3.629    0.0012
nFnu                1143.64A     6.540    1.0037      He 2                230.139A     3.589    0.0011      Ne 6                399.841A     3.601    0.0012
nInu                1143.64A     7.833   19.6919      He 2                229.736A     3.596    0.0011      Ne 6                401.941A     3.732    0.0016
nFnu                1113.22A     6.400    0.7269      He 2                229.431A     3.614    0.0012      Ne 7                465.221A     3.623    0.0012
nInu                1113.22A     7.833   19.7163      He 2                229.194A     3.633    0.0012      O  4                1399.78A     5.683    0.1395
nFnu                1103.23A     6.374    0.6844      He 2                229.006A     3.657    0.0013      O  4                1407.38A     5.673    0.1363
nInu                1103.23A     7.833   19.7211      He 2                228.855A     3.681    0.0014      O  4                1397.23A     4.871    0.0215
nFnu                1073.86A     6.321    0.6061      He 2                228.731A     3.702    0.0015      O  4                1404.81A     5.743    0.1601
nInu                1073.86A     7.829   19.5238      He 2                228.629A     3.718    0.0015      O  4                1401.16A     6.299    0.5763
nFnu                1064.34A     6.204    0.4626      He 2                228.543A     3.729    0.0016      O  4                787.710A     4.798    0.0182
nInu                1064.34A     7.707   14.7449      He 2                228.471A     3.736    0.0016      O  4                790.114A     4.885    0.0222
nFnu                1035.92A     6.136    0.3960      He 2                228.409A     3.740    0.0016      O  4                790.201A     4.995    0.0286
nInu                1035.92A     7.707   14.7553      He 2                228.356A     3.740    0.0016      O  4                608.397A     4.037    0.0032
nFnu                1000.00A     6.064    0.3352      He 2                1640.41A     6.578    1.0949      O  4                609.830A     4.093    0.0036
nInu                1000.00A     7.701   14.5334      He 2                1215.13A     5.969    0.2692      O  4                554.076A     4.000    0.0029
nFnu                925.144A     5.939    0.2516      He 2                1084.94A     5.779    0.1739      O  4                555.264A     3.950    0.0026
nInu                925.144A     7.703   14.5926      He 2                1025.27A     5.385    0.0702      O  4                553.329A     4.037    0.0031
nFnu                897.800A     7.397    7.2157      He 2                992.358A     5.390    0.0711      O  4                554.514A     4.174    0.0043
nInu                897.800A     3.841    0.0020      He 2                972.106A     5.073    0.0343      O  6                1037.61A     5.718    0.1513
nFnu                760.023A     7.071    3.4106      He 2                958.693A     5.127    0.0388      O  6                1031.91A     5.996    0.2865
nInu                760.023A     4.051    0.0033      He 2                949.323A     4.914    0.0237      O  6                150.125A     3.644    0.0013
nFnu                701.514A     6.867    2.1291      He 2                942.507A     4.933    0.0248      O  6                150.089A     3.674    0.0014
nInu                701.514A     4.144    0.0040      He 2                937.389A     4.802    0.0183      P  5                1128.01A     3.846    0.0020
nFnu                608.160A     6.414    0.7502      He 2                933.444A     4.769    0.0170      P  5                1117.98A     4.048    0.0032
nInu                608.160A     4.298    0.0057      He 2                930.337A     4.705    0.0147      S  4                1404.81A     4.849    0.0204
nFnu                575.146A     6.206    0.4646      He 2                927.846A     4.676    0.0137      S  4                1423.84A     4.719    0.0152
nInu                575.146A     4.354    0.0065      He 2                925.816A     4.617    0.0120      S  4                1398.04A     3.990    0.0028
nFnu                511.948A     5.737    0.1581      He 2                924.142A     4.576    0.0109      S  4                1416.89A     5.287    0.0560
nInu                511.948A     4.461    0.0084      He 2                922.743A     4.523    0.0096      S  4                1406.02A     5.461    0.0836
nFnu                496.874A     6.949    2.5740      He 2                921.562A     4.474    0.0086      S  4                1062.66A     4.693    0.0143
nInu                496.874A     4.422    0.0076      He 2                920.556A     4.423    0.0077      S  4                1073.52A     4.670    0.0135
nFnu                399.153A     5.847    0.2036      He 2                919.693A     4.373    0.0068      S  4                1072.97A     5.132    0.0392
nInu                399.153A     4.570    0.0107      He 2                4685.68A     5.683    0.1394      S  4                809.656A     3.876    0.0022
RRC.............................................      He 2                3203.08A     5.321    0.0606      S  4                815.941A     3.895    0.0023
H  1                911.753A     6.663    1.3324      He 2                2733.28A     5.146    0.0405      S  4                748.393A     3.863    0.0021
H  1                3645.98A     6.819    1.9072      He 2                2511.19A     4.902    0.0231      S  4                753.760A     3.841    0.0020
H  1                3645.98A     7.139    3.9864      He 2                2385.39A     4.788    0.0178      S  4                744.904A     3.908    0.0023
H  1                8203.57A     6.162    0.4198      He 2                2306.18A     4.622    0.0121      S  4                750.221A     4.022    0.0030
H  1                8203.57A     6.538    0.9983      He 2                2252.67A     4.525    0.0097      S  4                657.319A     3.788    0.0018
H  1                8203.57A     6.418    0.7580      He 2                2214.65A     4.421    0.0076      S  4                661.455A     3.685    0.0014
H  1                1.45842m     5.692    0.1423      He 2                2186.59A     4.344    0.0064      S  4                661.396A     3.897    0.0023
H  1                1.45842m     6.072    0.3418      He 2                2165.23A     4.273    0.0054      S  6                944.523A     5.001    0.0290
H  1                1.45842m     6.056    0.3294      He 2                2148.58A     4.214    0.0047      S  6                933.378A     5.261    0.0527
H  1                1.45842m     5.702    0.1456      He 2                2135.34A     4.162    0.0042      S  8                9913.98A     4.016    0.0030
H  1                2.27878m     5.344    0.0639      He 2                2124.61A     4.112    0.0037      Si 6                1.96247m     4.030    0.0031
H  1                2.27878m     5.723    0.1528      He 2                2115.81A     4.062    0.0033      Si 6                246.002A     3.589    0.0011
H  1                2.27878m     5.737    0.1578      He 2                2108.49A     4.011    0.0030      Si 6                249.124A     3.657    0.0013
H  1                2.27878m     5.527    0.0973      He 2                2102.33A     3.960    0.0026      level 1 lines...................................
H  1                2.27878m     5.022    0.0305      He 2                2097.10A     3.910    0.0024      recombination...................................
H  1                3.28145m     5.070    0.0340      He 2                2092.63A     3.859    0.0021      level2 lines....................................
H  1                3.28145m     5.446    0.0809      He 2                1.01235m     4.944    0.0254      C  2                596.559A     3.586    0.0011
H  1                3.28145m     5.471    0.0857      He 2                6560.01A     4.766    0.0169      C  3                271.090A     3.721    0.0015
H  1                3.28145m     5.314    0.0596      He 2                5411.45A     4.540    0.0100      C  3                268.600A     3.705    0.0015
H  1                3.28145m     4.982    0.0277      He 2                4859.26A     4.419    0.0076      C  3                266.880A     3.688    0.0014
H  1                3.28145m     4.378    0.0069      He 2                4541.54A     4.255    0.0052      C  3                288.500A     3.682    0.0014
H  1                4.46642m     4.845    0.0203      He 2                4338.62A     4.157    0.0042      C  4                223.140A     3.679    0.0014
H  1                4.46642m     5.219    0.0479      He 2                4199.78A     4.052    0.0033      C  4                212.750A     3.571    0.0011
H  1                4.46642m     5.248    0.0513      He 2                4099.99A     3.975    0.0027      N  1                942.258A     3.567    0.0011
H  1                4.46642m     5.115    0.0377      He 2                4025.55A     3.904    0.0023      N  3                293.510A     3.720    0.0015
H  1                4.46642m     4.852    0.0206      He 2                3968.39A     3.846    0.0020      N  3                283.090A     3.697    0.0014
H  1                4.46642m     4.440    0.0080      He 2                3923.44A     3.794    0.0018      N  3                264.550A     3.689    0.0014
H  1                4.46642m     3.768    0.0017      He 2                3887.40A     3.744    0.0016      N  3                277.180A     3.679    0.0014
H  1                5.83369m     4.654    0.0131      He 2                3858.03A     3.694    0.0014      N  3                312.110A     3.671    0.0014
H  1                5.83369m     5.026    0.0308      He 2                3833.76A     3.644    0.0013      N  3                273.490A     3.659    0.0013
H  1                5.83369m     5.057    0.0330      He 2                3813.45A     3.593    0.0011      N  3                267.450A     3.644    0.0013
H  1                5.83369m     4.937    0.0250      He 2                3796.29A     3.542    0.0010      N  3                248.910A     3.613    0.0012
H  1                5.83369m     4.709    0.0148      He 2                1.86365m     4.445    0.0081      N  3                271.020A     3.638    0.0013
H  1                5.83369m     4.380    0.0069      He 2                1.16262m     4.251    0.0052      N  3                305.650A     3.627    0.0012
H  1                5.83369m     3.914    0.0024      He 2                9344.80A     4.128    0.0039      N  3                269.290A     3.621    0.0012
H  1                7.38326m     4.489    0.0089      He 2                8236.67A     3.968    0.0027      N  3                300.710A     3.612    0.0012
H  1                7.38326m     4.859    0.0209      He 2                7592.65A     3.869    0.0021      N  4                197.610A     3.633    0.0012
H  1                7.38326m     4.891    0.0225      He 2                7177.41A     3.763    0.0017      N  4                182.190A     3.560    0.0011
H  1                7.38326m     4.777    0.0173      He 2                6890.80A     3.687    0.0014      O  1                976.791A     3.835    0.0020
H  1                7.38326m     4.570    0.0108      He 2                6683.11A     3.616    0.0012      O  1                969.049A     3.666    0.0013
H  1                7.38326m     4.286    0.0056      He 2                6527.01A     3.559    0.0010      O  1                946.387A     3.615    0.0012
H  1                7.38326m     3.913    0.0024      He 2                3.09080m     3.986    0.0028      O  1                934.501A     3.589    0.0011
H  1                9.11514m     4.342    0.0064      He 2                1.87431m     3.881    0.0022      O  1                973.577A     3.585    0.0011
H  1                9.11514m     4.712    0.0149      He 2                1.47602m     3.728    0.0015      O  1                927.472A     3.572    0.0011
H  1                9.11514m     4.743    0.0160      He 2                1.28127m     3.630    0.0012      O  1                948.506A     3.558    0.0010
H  1                9.11514m     4.634    0.0125      He 2                4.76213m     3.643    0.0013      O  1                922.969A     3.560    0.0011
H  1                9.11514m     4.439    0.0080      C  6                33.7360A     4.107    0.0037      O  1                919.912A     3.555    0.0010
H  1                9.11514m     4.181    0.0044      He-like iso-sequence............................      O  1                935.672A     3.549    0.0010
H  1                9.11514m     3.861    0.0021      He 1                1202.81A     4.368    0.0068      O  1                917.726A     3.548    0.0010
H  1                11.0293m     5.231    0.0492      He 1                591.412A     5.015    0.0299      O  1                918.704A     3.546    0.0010
H  1                13.1258m     5.118    0.0380      Blnd                591.412A     5.016    0.0300      O  1                928.186A     3.541    0.0010
H  1                15.4046m     5.015    0.0299      He 1                584.334A     6.085    0.3516      O  2                425.190A     3.639    0.0013
H  1                17.8657m     4.919    0.0240      He 1                537.030A     4.493    0.0090      O  2                388.410A     3.599    0.0011
H  1                20.5091m     4.830    0.0195      He 1                522.213A     4.132    0.0039      O  2                373.600A     3.561    0.0011
H  1                23.3348m     4.746    0.0161      He 1                515.617A     3.947    0.0026      O  2                361.821A     3.549    0.0010
H  1                26.3428m     4.667    0.0135      He 1                512.099A     3.817    0.0019      O  3                305.400A     4.317    0.0060
H  1                29.5331m     4.593    0.0113      He 1                510.018A     3.813    0.0019      O  3                268.070A     3.888    0.0022
H  1                32.9057m     4.523    0.0096      He 1                508.657A     3.785    0.0018      O  3                263.850A     3.861    0.0021
H  1                36.4606m     4.456    0.0083      He 1                507.727A     3.738    0.0016      O  3                373.640A     3.794    0.0018
H  1                40.1978m     4.393    0.0072      He 1                507.065A     3.745    0.0016      O  3                265.020A     3.839    0.0020
H  1                44.1173m     4.332    0.0062      He 1                506.576A     3.724    0.0015      O  3                248.730A     3.750    0.0016
H  1                48.2191m     4.275    0.0054      He 1                506.204A     3.698    0.0014      O  3                241.200A     3.724    0.0015
H  1                52.5033m     4.219    0.0048      He 1                505.916A     3.672    0.0014      O  3                248.620A     3.713    0.0015
H  1                56.9697m     5.385    0.0703      He 1                505.687A     3.645    0.0013      O  3                236.890A     3.706    0.0015
He 2                227.838A     6.227    0.4876      He 1                505.502A     3.618    0.0012      O  3                234.190A     3.690    0.0014
He 2                911.351A     5.329    0.0617      He 1                505.352A     3.591    0.0011      O  3                276.900A     3.720    0.0015
He 2                911.351A     5.706    0.1470      He 1                505.227A     3.564    0.0011      O  3                241.140A     3.697    0.0014
He 2                2049.91A     5.250    0.0514      He 1                1.08291m     5.645    0.1279      O  3                280.450A     3.700    0.0015
He 2                2049.91A     5.690    0.1418      He 1                1.08302m     5.672    0.1360      O  3                263.230A     3.702    0.0015
He 2                2049.91A     5.654    0.1304      He 1                1.08303m     5.999    0.2890      O  3                232.380A     3.684    0.0014
He 2                3644.44A     4.717    0.0151      Blnd                1.08302m     6.281    0.5529      O  3                236.860A     3.681    0.0014
He 2                3644.44A     5.162    0.0420      He 1                3888.64A     4.981    0.0277      O  3                231.110A     3.674    0.0014
He 2                3644.44A     5.231    0.0493      He 1                3187.74A     4.391    0.0071      O  3                255.390A     3.677    0.0014
He 2                3644.44A     4.954    0.0260      He 1                2945.10A     3.988    0.0028      O  3                232.350A     3.666    0.0013
He 2                5694.49A     4.355    0.0065      He 1                2829.08A     3.716    0.0015      O  3                234.180A     3.657    0.0013
He 2                5694.49A     4.803    0.0184      He 1                2760.44A     3.549    0.0010      O  3                231.100A     3.633    0.0012
He 2                5694.49A     4.912    0.0236      He 1                2.05813m     4.159    0.0042      O  3                244.650A     3.646    0.0013
He 2                5694.49A     4.794    0.0180      He 1                5015.68A     4.748    0.0162      O  3                238.930A     3.620    0.0012
He 2                5694.49A     4.366    0.0067      He 1                3964.73A     4.215    0.0047      O  3                233.340A     3.600    0.0012
He 2                8200.12A     4.062    0.0033      He 1                3613.64A     3.802    0.0018      O  3                235.520A     3.586    0.0011
He 2                8200.12A     4.509    0.0093      He 1                7065.71A     5.235    0.0498      O  4                239.130A     4.342    0.0064
He 2                8200.12A     4.632    0.0124      He 1                7065.21A     4.866    0.0213      O  4                207.610A     3.724    0.0015
He 2                8200.12A     4.571    0.0108      He 1                7065.18A     5.081    0.0349      O  4                196.560A     3.713    0.0015
He 2                8200.12A     4.318    0.0060      Blnd                7065.25A     5.563    0.1059      O  4                214.760A     3.707    0.0015
He 2                8200.12A     3.773    0.0017      He 1                5875.98A     5.578    0.1094      O  4                181.780A     3.668    0.0013
He 2                1.11613m     3.822    0.0019      He 1                5875.64A     4.796    0.0181      O  4                280.550A     3.790    0.0018
He 2                1.11613m     4.267    0.0054      He 1                5875.61A     5.010    0.0296      O  4                174.710A     3.641    0.0013
He 2                1.11613m     4.396    0.0072      Blnd                5875.66A     5.735    0.1571      O  4                203.010A     3.626    0.0012
He 2                1.11613m     4.362    0.0067      He 1                4713.38A     3.652    0.0013      O  4                174.310A     3.622    0.0012
He 2                1.11613m     4.182    0.0044      He 1                4713.16A     3.902    0.0023      O  4                182.700A     3.606    0.0012
He 2                1.11613m     3.831    0.0020      He 1                4713.14A     4.121    0.0038      O  4                181.770A     3.603    0.0012
He 2                1.45781m     3.619    0.0012      Blnd                4713.17A     4.410    0.0074      O  4                170.710A     3.586    0.0011
He 2                1.45781m     4.063    0.0033      He 1                4471.69A     4.447    0.0081      O  4                159.680A     3.581    0.0011
He 2                1.45781m     4.194    0.0045      He 1                4471.49A     4.265    0.0053      O  4                168.240A     3.565    0.0011
He 2                1.45781m     4.174    0.0043      He 1                4471.47A     4.482    0.0088      O  4                152.360A     3.568    0.0011
He 2                1.45781m     4.031    0.0031      Blnd                4471.50A     4.885    0.0222      O  5                135.810A     3.694    0.0014
He 2                1.45781m     3.766    0.0017      He 1                4120.81A     3.688    0.0014      O  5                139.140A     3.682    0.0014
He 2                1.84504m     3.886    0.0022      Blnd                4120.84A     3.957    0.0026      O  5                124.910A     3.675    0.0014
He 2                1.84504m     4.019    0.0030      He 1                4026.36A     3.928    0.0025      O  5                119.360A     3.645    0.0013
He 2                1.84504m     4.006    0.0029      He 1                4026.20A     4.043    0.0032      O  5                116.430A     3.602    0.0012
He 2                1.84504m     3.885    0.0022      He 1                4026.19A     4.261    0.0053      O  5                114.620A     3.578    0.0011
He 2                1.84504m     3.666    0.0013      Blnd                4026.21A     4.577    0.0109      O  5                113.410A     3.553    0.0010
He 2                2.27783m     3.731    0.0016      Blnd                3867.49A     3.569    0.0011      O  6                105.000A     3.587    0.0011
He 2                2.27783m     3.864    0.0021      He 1                3819.76A     3.672    0.0014      Ne 3                250.920A     3.741    0.0016
He 2                2.27783m     3.856    0.0021      He 1                3819.61A     3.870    0.0021      Ne 3                227.420A     3.565    0.0011
He 2                2.27783m     3.748    0.0016      He 1                3819.60A     4.092    0.0036      Ne 3                228.870A     3.646    0.0013
He 2                2.27783m     3.557    0.0010      Blnd                3819.62A     4.389    0.0071      Ne 3                281.580A     3.669    0.0014
He 2                2.75620m     4.410    0.0074      He 1                3704.76A     3.768    0.0017      Ne 3                265.510A     3.658    0.0013
He 2                3.28011m     4.299    0.0058      He 1                3704.75A     3.990    0.0028      Ne 3                238.070A     3.588    0.0011
He 2                3.84958m     4.196    0.0045      Blnd                3704.77A     4.275    0.0054      Ne 4                171.550A     3.722    0.0015
He 2                4.46460m     4.100    0.0036      He 1                3634.08A     3.680    0.0014      Ne 4                148.550A     3.638    0.0013
He 2                5.12518m     4.012    0.0030      He 1                3634.07A     3.900    0.0023      Ne 4                207.180A     3.558    0.0010
He 2                5.83131m     3.928    0.0025      Blnd                3634.09A     4.175    0.0043      Ne 4                139.980A     3.565    0.0011
He 2                6.58301m     3.850    0.0020      He 1                3587.16A     3.584    0.0011      Ne 4                159.100A     3.556    0.0010
He 2                7.38026m     3.776    0.0017      He 1                3587.15A     3.806    0.0019      Ne 4                135.720A     3.539    0.0010
He 2                8.22307m     3.706    0.0015      Blnd                3587.17A     4.074    0.0034      Ne 5                143.350A     3.935    0.0025
He 2                9.11143m     3.640    0.0013      He 1                3554.33A     3.720    0.0015      Ne 5                142.640A     3.746    0.0016
He 2                10.0454m     3.577    0.0011      Blnd                3554.35A     3.985    0.0028      Ne 5                119.100A     3.685    0.0014
He 2                14.2366m     4.591    0.0113      He 1                3530.43A     3.630    0.0012      Ne 5                132.560A     3.623    0.0012
He 1                504.259A     5.967    0.2685      Blnd                3530.44A     3.894    0.0023      Ne 5                167.820A     3.595    0.0011
He 1                2599.69A     5.384    0.0701      Blnd                3512.48A     3.800    0.0018      Ne 5                110.570A     3.599    0.0012
He 1                3120.85A     4.849    0.0205      Blnd                3498.62A     3.710    0.0015      Ne 5                131.150A     3.574    0.0011
He 1                3421.00A     4.788    0.0178      Blnd                3487.70A     3.624    0.0012      Ne 5                118.920A     3.566    0.0011
He 1                3420.88A     5.265    0.0533      Blnd                3478.95A     3.540    0.0010      Ne 5                106.470A     3.543    0.0010
He 1                3420.88A     5.487    0.0888      He 1                7281.35A     4.481    0.0088      Ne 6                122.920A     3.828    0.0019
He 1                3678.70A     5.044    0.0320      He 1                6678.15A     4.969    0.0269      Ne 6                111.440A     3.620    0.0012
He 1                6632.16A     4.536    0.0099      He 1                5047.74A     3.776    0.0017      Ne 6                98.4397A     3.587    0.0011
He 1                7435.20A     4.096    0.0036      He 1                4921.93A     4.524    0.0097      Ne 6                114.600A     3.578    0.0011
He 1                7843.40A     5.084    0.0351      He 1                4387.93A     4.240    0.0050      Na 5                124.710A     3.546    0.0010
He 1                8188.35A     4.791    0.0179      He 1                4143.76A     3.992    0.0028      Mg 5                114.050A     3.692    0.0014
He 1                8190.64A     4.300    0.0058      He 1                4009.05A     3.893    0.0023      Mg 5                121.620A     3.620    0.0012
He 1                8261.30A     4.452    0.0082      He 1                3926.41A     3.723    0.0015      Mg 5                114.810A     3.618    0.0012
He 1                1.24770m     4.028    0.0031      He 1                3871.69A     3.579    0.0011      Mg 5                110.840A     3.585    0.0011
He 1                1.35640m     3.615    0.0012      He 1                4.29471m     4.534    0.0099      Mg 5                113.720A     3.571    0.0011
He 1                1.40933m     4.617    0.0120      He 1                1.25275m     3.891    0.0022      Mg 6                95.1402A     3.909    0.0023
He 1                1.45602m     4.444    0.0080      He 1                2.11202m     3.806    0.0019      Mg 6                79.7798A     3.558    0.0010
He 1                1.45643m     3.950    0.0026      He 1                1.70025m     4.438    0.0079      Mg 7                84.0598A     3.622    0.0012
He 1                1.45759m     4.031    0.0031      He 1                1.19691m     4.076    0.0034      Si 2                1179.59A     4.915    0.0238
He 1                1.45759m     3.554    0.0010      He 1                1.03113m     3.789    0.0018      Si 2                993.354A     4.019    0.0030
He 1                1.46631m     4.008    0.0029      He 1                9515.00A     3.641    0.0013      Si 2                1024.03A     3.578    0.0011
He 1                2.01409m     3.662    0.0013      He 1                1.95431m     3.656    0.0013      Si 5                95.5502A     3.824    0.0019
He 1                2.21671m     4.270    0.0054      He 1                1.86854m     4.639    0.0126      Si 5                84.6403A     3.613    0.0012
He 1                2.27546m     4.135    0.0040      He 1                1.27849m     4.251    0.0052      Si 6                83.3299A     3.738    0.0016
He 1                2.27605m     3.641    0.0013      He 1                1.09130m     3.938    0.0025      Si 6                80.5899A     3.690    0.0014
He 1                2.27752m     3.864    0.0021      He 1                1.00275m     3.713    0.0015      Si 6                80.6998A     3.748    0.0016
He 1                2.28865m     3.672    0.0014      He 1                1.86972m     3.957    0.0026      Si 6                71.4000A     3.605    0.0012
He 1                3.20639m     3.997    0.0029      He 1                1.27905m     3.636    0.0013      Si 6                80.8597A     3.621    0.0012
He 1                3.27716m     3.879    0.0022      He 1                4.04791m     3.823    0.0019      Si 7                69.7199A     3.709    0.0015
He 1                3.27969m     3.658    0.0013      Ca B                2945.10A     4.710    0.0148      Si 7                70.1198A     3.635    0.0012
He 1                4.46460m     4.325    0.0061      Ca B                3187.74A     5.251    0.0516      Si 7                68.2198A     3.598    0.0011
He 1                5.83132m     4.154    0.0041      Ca B                3613.64A     4.122    0.0038      Si 7                73.2000A     3.573    0.0011
He 1                7.38026m     4.003    0.0029      Ca B                3888.64A     5.898    0.2290      Si 7                69.4599A     3.544    0.0010
He 1                9.11143m     3.867    0.0021      Ca B                3964.73A     4.570    0.0107      Si 8                60.8598A     3.645    0.0013
He 1                11.0248m     3.744    0.0016      Ca B                4026.20A     5.073    0.0342      S  3                667.049A     4.039    0.0032
He 1                13.1205m     3.632    0.0012      Ca B                4120.82A     4.229    0.0049      S  3                691.219A     3.762    0.0017
He 1                61.5933m     3.873    0.0022      Ca B                4387.93A     4.541    0.0101      S  3                704.220A     3.863    0.0021
C  5                31.6213A     4.510    0.0094      Ca B                4437.55A     3.624    0.0012      S  7                59.8301A     4.007    0.0029
C  1                1101.07A     4.159    0.0042      Ca B                4471.49A     5.347    0.0644      S  7                51.6601A     3.699    0.0014
C  2                508.483A     3.628    0.0012      Ca B                4713.16A     4.770    0.0171      S  8                52.8701A     3.553    0.0010
C  3                258.906A     3.626    0.0012      Ca B                4921.93A     4.880    0.0219      S  8                52.9101A     3.571    0.0011
N  3                261.320A     3.983    0.0028      Ca B                5015.68A     5.245    0.0508      Ar 3                458.140A     3.688    0.0014
O  2                353.019A     5.341    0.0635      Ca B                5047.74A     4.244    0.0051      Ar 3                464.671A     3.580    0.0011
O  4                160.158A     4.220    0.0048      Ca B                5875.64A     5.944    0.2541      Ar 4                444.680A     3.909    0.0023
O  5                108.855A     3.617    0.0012      Ca B                6678.15A     5.548    0.1022      Ar 5                441.850A     3.767    0.0017
Ne 2                302.674A     4.132    0.0039      Ca B                7065.21A     5.753    0.1639      Ar 5                455.901A     3.609    0.0012
Ne 4                127.569A     4.839    0.0200      Ca B                7281.35A     5.139    0.0398      Ca 3                351.260A     3.815    0.0019
Ne 5                98.2077A     3.672    0.0014      Ca B                1.08302m     7.294    5.7007      Ca 4                303.870A     3.879    0.0022
Mg 4                113.471A     4.008    0.0029      Ca B                1.19691m     4.076    0.0035      Ca 4                310.370A     3.699    0.0014
Mg 5                87.7239A     4.235    0.0050      Ca B                1.25275m     3.757    0.0017      Ca 4                307.850A     3.752    0.0016
S  1                1196.76A     3.662    0.0013      Ca B                1.27849m     4.378    0.0069      Ca 4                323.400A     3.694    0.0014
Fe 6                125.255A     3.734    0.0016      Ca B                1.27905m     3.960    0.0026      Ca 4                319.070A     3.785    0.0018
Fe 7                99.2134A     3.710    0.0015      Ca B                1.29684m     3.643    0.0013      Ca 5                314.530A     3.943    0.0025
grains..........................................      Ca B                1.70025m     4.197    0.0046      Ca 5                325.410A     3.852    0.0021
H-like iso-sequence.............................      Ca B                1.86854m     4.767    0.0169      Ca 5                332.080A     3.616    0.0012
H  1 Cool           1215.67A     7.048    3.2306      Ca B                1.86972m     4.368    0.0067      Ca 6                330.390A     3.759    0.0017
Crst                960.000A     6.931    2.4710      Ca B                1.90894m     3.846    0.0020      Fe 4                309.190A     3.583    0.0011
Hrst                960.000A     5.843    0.2016      Ca B                2.05813m     6.668    1.3482      Fe 6                174.510A     3.582    0.0011
Crst                4861.32A     7.197    4.5581      Ca B                2.11202m     3.954    0.0026      Fe 6                156.820A     3.638    0.0013
Crst                      0      6.793    1.7985      C  5                81.4655A     4.550    0.0103      Fe 7                152.390A     3.957    0.0026
LA X                1215.67A     5.895    0.2273      C  5                40.7306A     4.791    0.0179      Fe 7                163.470A     3.792    0.0018
CION                      0      6.770    1.7025      Blnd                40.7306A     4.791    0.0179      Fe 7                148.230A     3.739    0.0016
He2H                      0      3.812    0.0019      C  5                40.2678A     4.764    0.0168      Fe 7                148.660A     3.673    0.0014
Strk                6562.80A     4.247    0.0051      C  5                34.9728A     3.619    0.0012      P  2                967.202A     3.667    0.0013
Strk                4861.32A     3.809    0.0019      C  5                41.4719A     5.312    0.0594      P  2                963.828A     3.811    0.0019
Strk                1.87510m     3.985    0.0028      C  5                31.8980A     3.924    0.0024      Ti 2                3364.74A     5.056    0.0329
Dest                1215.67A     4.581    0.0110      C  5                2277.92A     3.688    0.0014      Ti 2                3237.15A     4.875    0.0217
Dest                6562.80A     4.757    0.0165      C  5                2270.89A     3.991    0.0028      Ti 2                1907.36A     3.568    0.0011
Dest                4861.32A     4.124    0.0039      Blnd                2273.63A     4.222    0.0048      Cr 2                2059.78A     4.454    0.0082
Ca B                1215.67A     8.298   57.4868      C  5                227.192A     3.840    0.0020      Ni 2                1751.83A     3.835    0.0020
Q(H)                4861.32A     6.192    0.4499      C  5                248.661A     3.705    0.0015      Ni 2                1744.24A     4.014    0.0030
Q(H)                1215.67A     7.713   14.9529      C  5                248.745A     3.813    0.0019      Ni 2                1375.73A     3.698    0.0014
CaBo                4861.32A     6.760    1.6651      Blnd                248.708A     4.122    0.0038      Ni 2                1324.11A     3.627    0.0012
CaBo                1640.00A     6.564    1.0605      Blnd                186.722A     3.669    0.0014      hyperfine structure.............................
CaBo                4685.64A     5.669    0.1349      C  5                267.267A     3.605    0.0012      inner shell.....................................
Ca A                1215.67A     7.996   28.6911      N  6                29.0840A     3.619    0.0012      C  4                527.592A     4.964    0.0266
Ca A                1025.72A     7.442    8.0099      Blnd                29.0840A     3.620    0.0012      N  3                31.2775A     3.894    0.0023
Ca A                972.537A     7.164    4.2172      N  6                28.7870A     4.066    0.0034      N  4                1476.00A     4.501    0.0092
Ca A                949.743A     6.977    2.7471      N  6                29.5343A     4.163    0.0042      N  5                411.908A     4.463    0.0084
Ca A                937.803A     6.837    1.9889      O  7                21.6020A     3.960    0.0026      O  2                23.6476A     4.182    0.0044
Ca A                930.748A     6.740    1.5904      O  7                22.1012A     3.904    0.0023      O  2                23.6476A     4.182    0.0044
Ca A                926.226A     6.673    1.3624      Pho+                3889.00A     6.159    0.4177      O  3                1653.12A     4.181    0.0044
Ca A                923.150A     6.603    1.1612      extra Lyman.....................................      O  3                1653.12A     4.181    0.0044
Ca A                920.963A     6.521    0.9606      database lines..................................      O  3                23.3977A     4.564    0.0106
Ca A                919.351A     6.431    0.7808      Al 3                1862.79A     5.134    0.0394      O  3                23.3977A     4.257    0.0052
Ca A                918.129A     6.338    0.6299      Al 3                1854.72A     5.420    0.0761      O  4                1393.08A     4.697    0.0144
Ca A                917.181A     6.245    0.5083      Ar 5                827.049A     3.696    0.0014      O  4                432.001A     4.905    0.0232
Ca A                916.429A     6.154    0.4123      Ar 5                834.903A     3.970    0.0027      O  4                23.0797A     4.740    0.0159
Ca A                915.824A     6.066    0.3372      Ar 5                835.797A     3.670    0.0014      O  5                1215.53A     5.034    0.0313
Ca A                915.329A     5.983    0.2784      Ar 6                754.930A     3.594    0.0011      O  4                1393.08A     3.579    0.0011
Ca A                914.919A     5.904    0.2320      Ar 6                767.066A     3.748    0.0016      O  5                22.9346A     4.139    0.0040
Ca A                914.576A     5.829    0.1951      C  1                1657.01A     3.543    0.0010      O  6                339.683A     4.793    0.0180
Ca A                914.286A     5.758    0.1656      C  2                903.623A     3.893    0.0023      Ne 2                14.6139A     3.689    0.0014
Ca A                914.039A     5.690    0.1416      C  2                903.962A     3.834    0.0020      Ne 2                14.6104A     3.987    0.0028
Ca A                913.826A     5.625    0.1220      C  2                904.142A     3.960    0.0026      Ne 3                490.056A     3.542    0.0010
Ca A                913.641A     5.563    0.1059      C  2                904.480A     3.793    0.0018      Ne 3                490.056A     3.843    0.0020
Ca A                913.480A     5.505    0.0925      C  2                1009.86A     3.635    0.0012      Ne 3                14.3833A     3.980    0.0028
Ca A                913.339A     5.448    0.0812      C  2                1010.08A     3.666    0.0013      Ne 3                14.3833A     4.156    0.0041
Ca A                6562.80A     6.726    1.5394      C  2                1010.37A     3.712    0.0015      Ne 4                543.790A     3.813    0.0019
Ca A                4861.32A     6.371    0.6792      C  2                1036.34A     4.473    0.0086      Ne 4                543.790A     3.989    0.0028
Ca A                4340.46A     6.140    0.3997      C  2                1037.02A     4.501    0.0092      Ne 4                14.1923A     4.074    0.0034
Ca A                4101.73A     5.982    0.2779      C  2                1334.53A     5.003    0.0291      Ne 4                14.1923A     4.074    0.0034
Ca A                3970.07A     5.879    0.2191      C  2                1335.66A     4.931    0.0247      Ne 5                1127.13A     3.632    0.0012
Ca A                3889.05A     5.810    0.1868      C  2                1335.71A     5.409    0.0741      Ne 5                1127.13A     3.632    0.0012
Ca A                3835.38A     5.740    0.1590      C  2                2323.50A     4.049    0.0032      Ne 6                14.1084A     3.590    0.0011
Ca A                3797.90A     5.658    0.1316      C  2                2324.69A     5.308    0.0588      Mg 3                9.78025A     3.826    0.0019
Ca A                3770.63A     5.568    0.1069      C  2                2325.40A     5.688    0.1409      Mg 3                9.77870A     4.125    0.0039
Ca A                3750.15A     5.474    0.0863      C  2                2326.93A     4.830    0.0195      Mg 4                189.578A     3.779    0.0017
Ca A                3734.37A     5.381    0.0696      C  2                2328.12A     5.360    0.0663      Mg 4                190.452A     4.079    0.0035
Ca A                3721.94A     5.291    0.0565      C  3                1908.73A     6.829    1.9523      Mg 3                246.489A     4.287    0.0056
Ca A                3711.97A     5.203    0.0462      C  3                977.020A     6.708    1.4784      Mg 3                247.968A     4.284    0.0056
Ca A                3703.85A     5.120    0.0382      C  3                1175.26A     4.931    0.0247      Mg 4                9.68854A     3.559    0.0010
Ca A                3697.15A     5.041    0.0318      C  3                538.080A     3.586    0.0011      Mg 4                9.68626A     3.862    0.0021
Ca A                3691.55A     4.966    0.0268      C  3                1175.99A     4.923    0.0242      Si 3                7.12553A     3.923    0.0024
Ca A                3686.83A     4.895    0.0227      C  3                1175.59A     4.977    0.0274      Si 3                7.12553A     4.225    0.0049
Ca A                3682.81A     4.827    0.0194      C  3                1174.93A     5.364    0.0670      Si 5                120.490A     4.286    0.0056
Ca A                3679.35A     4.763    0.0167      C  3                538.149A     3.739    0.0016      Si 4                720.838A     4.095    0.0036
Ca A                3676.36A     4.701    0.0145      C  3                1176.37A     4.915    0.0238      Si 5                119.791A     3.988    0.0028
Ca A                3673.76A     4.642    0.0127      C  3                1175.71A     5.276    0.0546      Si 5                120.490A     4.270    0.0054
Ca A                3671.48A     4.586    0.0112      C  3                538.312A     3.763    0.0017      Si 5                250.980A     3.753    0.0016
Ca A                1.87510m     5.869    0.2141      C  3                2296.87A     4.363    0.0067      Si 5                247.968A     4.059    0.0033
Ca A                1.28181m     5.634    0.1246      Ca 4                655.998A     3.580    0.0011      Si 5                119.791A     4.074    0.0034
Ca A                1.09381m     5.470    0.0853      Ca 4                669.696A     3.565    0.0011      Si 5                120.490A     4.373    0.0068
Ca A                1.00494m     5.364    0.0669      Ca 6                641.904A     3.540    0.0010      Si 5                119.791A     5.246    0.0510
Ca A                9545.97A     5.294    0.0570      Fe 2                4287.39A     3.841    0.0020      Si 5                120.490A     5.244    0.0507
Ca A                9229.02A     5.224    0.0485      Fe 2                2599.40A     4.794    0.0180      S  3                5.36449A     3.751    0.0016
Ca A                9014.91A     5.142    0.0402      Fe 2                2585.88A     4.530    0.0098      S  3                5.36449A     4.051    0.0033
Ca A                8862.79A     5.053    0.0327      Fe 2                2382.04A     5.010    0.0296      S  5                1203.73A     3.823    0.0019
Ca A                8750.48A     4.960    0.0264      Fe 2                2373.74A     4.357    0.0066      S  5                1203.73A     4.187    0.0045
Ca A                8665.02A     4.867    0.0213      Fe 2                2366.87A     4.142    0.0040      S  6                488.127A     3.665    0.0013
Ca A                8598.40A     4.776    0.0173      Fe 2                2343.50A     4.159    0.0042      S  6                488.127A     4.507    0.0093
Ca A                8545.39A     4.689    0.0142      Fe 2                2260.08A     4.135    0.0040      S  7                203.253A     3.697    0.0014
Ca A                8502.49A     4.606    0.0117      Fe 2                2249.18A     3.864    0.0021      S  7                72.4207A     3.844    0.0020
Ca A                8467.26A     4.527    0.0097      Fe 2                2233.75A     3.905    0.0023      S  7                72.9319A     4.142    0.0040
Ca A                8437.96A     4.452    0.0082      Fe 2                4359.33A     3.710    0.0015      S  7                72.4207A     5.176    0.0434
Ca A                8413.32A     4.381    0.0070      Fe 2                2625.67A     5.525    0.0969      S  7                72.9319A     5.173    0.0430
Ca A                8392.40A     4.313    0.0060      Fe 2                2611.87A     5.381    0.0696      Fe 3                1.93925A     4.045    0.0032
Ca A                8374.48A     4.249    0.0051      Fe 2                2598.37A     5.184    0.0442      Fe 3                1.93532A     4.347    0.0064
Ca A                8359.01A     4.187    0.0045      Fe 2                2395.63A     5.387    0.0706      Fe 3                16.7682A     4.482    0.0088
Ca A                8345.56A     4.129    0.0039      Fe 2                2388.63A     4.863    0.0211      Fe 3                17.0683A     3.856    0.0021
Ca A                8333.79A     4.072    0.0034      Fe 2                2383.06A     4.273    0.0054      Fe 3                17.0683A     4.333    0.0062
Ca A                4.05115m     5.242    0.0506      Fe 2                2364.83A     4.534    0.0099      Fe 4                16.3697A     3.689    0.0014
Ca A                2.62515m     5.094    0.0359      Fe 2                2332.80A     4.618    0.0120      Fe 6                167.773A     3.707    0.0015
Ca A                2.16553m     4.991    0.0284      Fe 2                2279.91A     4.161    0.0042      Fe 4                16.6556A     3.540    0.0010
Ca A                1.94456m     4.923    0.0242      Fe 2                2268.82A     3.954    0.0026      Fe 6                172.200A     3.589    0.0011
Ca A                1.81741m     4.854    0.0207      Fe 2                2253.13A     3.938    0.0025      Fe 6                134.473A     3.884    0.0022
Ca A                1.73621m     4.773    0.0171      Fe 2                4413.78A     3.559    0.0010      Fe 7                177.120A     3.561    0.0011
Ca A                1.68065m     4.684    0.0140      Fe 2                2631.32A     5.246    0.0510      Fe 7                108.568A     3.589    0.0011
Ca A                1.64072m     4.591    0.0113      Fe 2                2617.62A     4.937    0.0250      Fe 5                16.2050A     3.975    0.0027
Ca A                1.61093m     4.499    0.0091      Fe 2                2607.09A     5.086    0.0353      Fe 6                167.773A     4.531    0.0098
Ca A                1.58805m     4.408    0.0074      Fe 2                2404.89A     4.896    0.0228      Fe 6                172.200A     3.903    0.0023
Ca A                1.57007m     4.321    0.0061      Fe 2                2399.24A     4.796    0.0181      Fe 6                134.473A     4.260    0.0053
Ca A                1.55565m     4.239    0.0050      Fe 2                2395.42A     4.263    0.0053      Fe 5                16.4851A     3.544    0.0010
Ca A                1.54389m     4.160    0.0042      Fe 2                2380.76A     4.850    0.0205      Fe 6                167.773A     4.035    0.0031
Ca A                1.53418m     4.085    0.0035      Fe 2                2348.30A     4.570    0.0107      Fe 6                172.200A     4.424    0.0077
Ca A                1.52605m     4.014    0.0030      Fe 2                2327.40A     4.290    0.0056      Fe 6                134.473A     4.545    0.0101
Ca A                1.51919m     3.946    0.0026      Fe 2                2283.48A     3.960    0.0026      Fe 6                15.9568A     3.593    0.0011
Ca A                1.51332m     3.882    0.0022      Fe 2                2267.59A     3.934    0.0025      Fe 7                172.440A     4.043    0.0032
Ca A                1.50828m     3.820    0.0019      Fe 2                2631.05A     5.087    0.0354      Fe 7                177.120A     3.935    0.0025
Ca A                1.50390m     3.761    0.0017      Fe 2                2620.41A     4.488    0.0089      Fe 7                172.440A     3.604    0.0012
Ca A                1.50009m     3.705    0.0015      Fe 2                2613.82A     4.871    0.0215      Fe 7                177.120A     4.276    0.0055
Ca A                7.45782m     4.772    0.0171      Fe 2                2410.52A     4.819    0.0191      Fe 6                167.773A     4.800    0.0182
Ca A                4.65251m     4.692    0.0142      Fe 2                2406.66A     4.636    0.0125      Fe 6                172.200A     4.788    0.0178
Ca A                3.73954m     4.629    0.0123      Fe 2                2404.43A     4.187    0.0044      Fe 7                15.7962A     3.547    0.0010
Ca A                3.29609m     4.563    0.0106      Fe 2                2359.11A     4.414    0.0075      Fe 8                185.328A     4.149    0.0041
Ca A                3.03837m     4.483    0.0088      Fe 2                2338.01A     4.405    0.0074      Fe 8                190.745A     4.031    0.0031
Ca A                2.87221m     4.395    0.0072      Fe 2                2628.29A     4.930    0.0247      Fe 8                185.328A     3.728    0.0015
Ca A                2.75752m     4.303    0.0058      Fe 2                2621.67A     4.578    0.0110      Fe 8                190.745A     4.352    0.0065
Ca A                2.67440m     4.211    0.0047      Fe 2                2413.31A     4.511    0.0094      Fe 7                172.440A     5.032    0.0311
Ca A                2.61194m     4.121    0.0038      Fe 2                2411.07A     4.458    0.0083      Fe 7                177.120A     5.020    0.0303
Ca A                2.56363m     4.034    0.0031      Fe 2                2344.28A     4.364    0.0067      Fe 9                194.333A     4.084    0.0035
Ca A                2.52540m     3.952    0.0026      Fe 2                5158.79A     4.059    0.0033      Fe 9                200.622A     3.943    0.0025
Ca A                2.49458m     3.873    0.0022      Fe 2                4243.97A     3.995    0.0029      Fe 9                194.333A     3.642    0.0013
Ca A                2.46931m     3.798    0.0018      Fe 2                2732.45A     5.055    0.0328      Fe 9                200.622A     4.250    0.0051
Ca A                2.44833m     3.727    0.0015      Fe 2                2493.30A     5.338    0.0630      Fe 8                335.092A     3.841    0.0020
Ca A                2.43070m     3.660    0.0013      Fe 2                2484.20A     4.528    0.0098      Fe 8                185.328A     3.797    0.0018
Ca A                2.41573m     3.595    0.0011      Fe 2                2476.68A     4.216    0.0048      Fe 8                190.745A     4.085    0.0035
Ca A                12.3685m     4.417    0.0076      Fe 2                2360.00A     4.673    0.0136      Fe 8                185.328A     5.034    0.0313
Ca A                7.50045m     4.380    0.0069      Fe 2                2348.12A     4.762    0.0167      Fe 8                190.745A     5.021    0.0304
Ca A                5.90660m     4.320    0.0060      Fe 2                2331.31A     3.985    0.0028      Fe10                144.672A     3.681    0.0014
Ca A                5.12726m     4.243    0.0051      Fe 2                5261.63A     3.839    0.0020      Fe10                148.129A     3.586    0.0011
Ca A                4.67124m     4.157    0.0042      Fe 2                4276.84A     3.720    0.0015      Fe 9                200.622A     3.644    0.0013
Ca A                4.37526m     4.066    0.0034      Fe 2                2774.73A     4.556    0.0104      Fe 9                194.333A     4.599    0.0115
Ca A                4.16966m     3.974    0.0027      Fe 2                2759.34A     4.592    0.0113      Fe 9                200.622A     4.585    0.0111
Ca A                4.01977m     3.885    0.0022      Fe 2                2519.11A     4.066    0.0034      Ni 3                14.1405A     3.664    0.0013
Ca A                3.90648m     3.799    0.0018      Fe 2                2511.37A     4.228    0.0049      Ni 7                136.546A     3.831    0.0020
Ca A                3.81841m     3.716    0.0015      Fe 2                2505.22A     4.223    0.0048      Ni 7                140.891A     3.596    0.0011
Ca A                3.74837m     3.638    0.0013      Fe 2                2485.07A     4.271    0.0054      Ni 8                136.396A     3.873    0.0022
Ca A                3.69163m     3.563    0.0011      Fe 2                2391.48A     4.268    0.0054      Ni 8                140.891A     3.859    0.0021
Ca A                19.0567m     4.140    0.0040      Fe 2                2379.28A     4.057    0.0033      Ni 9                142.675A     3.667    0.0013
Ca A                11.3056m     4.106    0.0037      Fe 2                2362.02A     4.426    0.0077      Ni 9                147.600A     3.653    0.0013
Ca A                8.75768m     4.036    0.0031      Fe 2                2775.34A     4.103    0.0037      molecules.......................................
Ca A                7.50606m     3.953    0.0026      Fe 2                2531.09A     4.106    0.0037      H-FB                      0      5.033    0.0312
Ca A                6.77015m     3.863    0.0021      Fe 2                2526.83A     4.088    0.0035      H-FF                      0      4.819    0.0191
Ca A                6.29020m     3.773    0.0017      Fe 2                2385.01A     4.083    0.0035      H-CT                6562.80A     4.009    0.0030
Ca A                5.95522m     3.684    0.0014      Fe 2                2542.32A     3.876    0.0022      H- H                      0      4.952    0.0259
Ca A                5.70991m     3.598    0.0011      Fe 2                3277.35A     5.132    0.0393      H2+                       0      4.713    0.0149
Ca A                27.7958m     3.891    0.0023      Fe 2                3255.89A     4.744    0.0160      H2+p                      0      3.775    0.0017
Ca A                16.2047m     3.848    0.0020      Fe 2                2926.59A     4.660    0.0132      bands...........................................
Ca A                12.3838m     3.771    0.0017      Fe 2                2916.15A     4.182    0.0044      Fe 2b               2500.00A     6.606    1.1672
Ca A                10.5006m     3.685    0.0014      Fe 2                2907.86A     3.954    0.0026      Fe 2b               5000.00A     5.688    0.1410
Ca A                9.38946m     3.597    0.0011      Fe 2                2880.76A     4.516    0.0095      Fe 2b               7000.00A     4.460    0.0083
Ca A                38.8593m     3.653    0.0013      Fe 2                2755.74A     4.999    0.0289      Fe 2b               10000.0A     3.856    0.0021
Ca A                22.3344m     3.603    0.0012      Fe 2                2739.55A     4.717    0.0151      Fe 2b               2355.00A     6.121    0.3820
Ca B                6562.80A     7.263    5.3031      Fe 2                2716.70A     4.546    0.0102      Fe 2b               2430.00A     6.520    0.9576
Ca B                4861.32A     6.842    2.0134      Fe 2                3302.86A     4.039    0.0032      Fe 2b               2445.00A     6.519    0.9553
Ca B                4340.46A     6.553    1.0338      Fe 2                3281.29A     4.495    0.0090      Fe 2b               2495.00A     5.574    0.1085
Ca B                4101.73A     6.344    0.6387      Fe 2                3264.76A     3.835    0.0020      Fe 2b               2610.00A     6.193    0.4512
Ca B                3970.07A     6.189    0.4475      Fe 2                2953.77A     4.379    0.0069      Fe 2b               2695.00A     4.568    0.0107
Ca B                3889.05A     6.066    0.3373      Fe 2                2939.51A     4.020    0.0030      Fe 2b               2758.00A     5.643    0.1273
Ca B                3835.38A     5.952    0.2590      Fe 2                2917.47A     3.728    0.0015      Fe 2b               2780.00A     5.737    0.1579
Ca B                3797.90A     5.839    0.1995      Fe 2                2868.87A     4.193    0.0045      Fe 2b               2797.00A     3.714    0.0015
Ca B                3770.63A     5.728    0.1547      Fe 2                2772.73A     4.692    0.0142      Fe 2b               2840.00A     4.324    0.0061
Ca B                3750.15A     5.622    0.1211      Fe 2                2749.32A     4.571    0.0108      Fe 2b               2935.00A     5.344    0.0639
Ca B                3734.37A     5.520    0.0959      Fe 2                3295.82A     4.321    0.0061      Fe 2b               2960.00A     5.252    0.0516
Ca B                3721.94A     5.424    0.0769      Fe 2                3285.41A     3.706    0.0015      Fe 2b               3180.00A     5.505    0.0925
Ca B                3711.97A     5.334    0.0624      Fe 2                2970.52A     4.376    0.0069      Fe 2b               3250.00A     5.510    0.0935
Ca B                3703.85A     5.249    0.0513      Fe 2                2964.66A     3.759    0.0017      Fe 2b               3590.00A     4.310    0.0059
Ca B                3697.15A     5.169    0.0427      Fe 2                2961.27A     3.972    0.0027      Fe 2b               3910.00A     4.497    0.0091
Ca B                3691.55A     5.093    0.0358      Fe 2                2892.83A     3.885    0.0022      Fe 2b               4255.00A     5.151    0.0410
Ca B                3686.83A     5.021    0.0304      Fe 2                2861.17A     3.694    0.0014      Fe 2b               4558.00A     5.008    0.0294
Ca B                3682.81A     4.953    0.0260      Fe 2                3313.99A     3.627    0.0012      Fe 2b               4600.00A     5.005    0.0293
Ca B                3679.35A     4.888    0.0224      Fe 2                3303.47A     4.039    0.0032      Fe 2b               4743.00A     3.543    0.0010
Ca B                3676.36A     4.827    0.0194      Fe 2                2979.35A     4.235    0.0050      Fe 2b               4855.00A     4.191    0.0045
Ca B                3673.76A     4.768    0.0170      Fe 2                2975.94A     3.976    0.0027      Fe 2b               4920.00A     4.848    0.0204
Ca B                3671.48A     4.712    0.0149      Fe 2                3969.40A     3.910    0.0024      Fe 2b               4975.00A     4.675    0.0137
Ca B                1.87510m     6.278    0.5483      Fe 2                3938.29A     4.122    0.0038      Fe 2b               4971.00A     4.391    0.0071
Ca B                1.28181m     6.023    0.3051      Fe 2                3475.74A     3.778    0.0017      Fe 2b               5070.00A     3.820    0.0019
Ca B                1.09381m     5.822    0.1920      Fe 2                3227.74A     4.243    0.0051      Fe 2b               5143.00A     4.740    0.0159
Ca B                1.00494m     5.670    0.1355      Fe 2                3196.07A     4.236    0.0050      Fe 2b               5270.00A     5.207    0.0466
Ca B                9545.97A     5.549    0.1025      Fe 2                3945.21A     3.579    0.0011      Fe 2b               5318.00A     5.026    0.0307
Ca B                9229.02A     5.436    0.0789      Fe 2                4233.16A     4.265    0.0053      Fe 2b               5540.00A     3.561    0.0011
Ca B                9014.91A     5.323    0.0609      Fe 2                4178.85A     3.913    0.0024      Fe 2b               5865.00A     3.917    0.0024
Ca B                8862.79A     5.213    0.0472      Fe 2                4825.73A     3.637    0.0013      Fe 2b               6565.00A     4.051    0.0033
Ca B                8750.48A     5.107    0.0370      Fe 2                4384.31A     3.840    0.0020      Fe 2b               7445.00A     4.048    0.0032
Ca B                8665.02A     5.006    0.0293      Fe 2                4413.59A     4.337    0.0063      miscellaneous...................................
Ca B                8598.40A     4.910    0.0235      Fe 2                4372.21A     4.241    0.0050      C 1R                1656.00A     4.031    0.0031
Ca B                8545.39A     4.820    0.0191      Fe 2                4314.30A     3.565    0.0011      C 2R                1335.00A     5.238    0.0501
Ca B                8502.49A     4.735    0.0157      Fe 2                4397.27A     3.902    0.0023      C 3R                977.000A     5.083    0.0351
Ca B                8467.26A     4.655    0.0131      Fe 2                4338.70A     3.708    0.0015      C 3R                1909.00A     4.508    0.0093
Ca B                8437.96A     4.579    0.0110      Fe 2                4629.33A     4.328    0.0062      C 3R                1175.00A     4.738    0.0158
Ca B                8413.32A     4.507    0.0093      Fe 2                4583.83A     4.236    0.0050      C 4R                1549.00A     4.704    0.0146
Ca B                8392.40A     4.439    0.0080      Fe 2                4520.22A     4.077    0.0035      N 2R                1085.00A     4.360    0.0066
Ca B                8374.48A     4.375    0.0069      Fe 2                4666.75A     3.904    0.0023      N 3R                990.000A     5.273    0.0542
Ca B                8359.01A     4.313    0.0060      Fe 2                4620.51A     4.154    0.0041      N 4R                765.000A     3.686    0.0014
Ca B                8345.56A     4.254    0.0052      Fe 2                4555.89A     3.951    0.0026      O 2R                4651.00A     3.910    0.0024
Ca B                8333.79A     4.198    0.0046      Fe 2                4648.23A     3.594    0.0011      O 2R                4341.00A     3.630    0.0012
Ca B                4.05115m     5.615    0.1193      Fe 2                4582.83A     3.674    0.0014      O 3A                1665.00A     3.847    0.0020
Ca B                2.62515m     5.439    0.0796      Fe 2                6516.08A     3.867    0.0021      O 3R                835.000A     5.498    0.0910
Ca B                2.16553m     5.295    0.0571      Fe 2                5284.10A     4.356    0.0066      O 4R                789.000A     5.209    0.0469
Ca B                1.94456m     5.177    0.0435      Fe 2                5169.03A     4.532    0.0098      O 5R                630.000A     4.163    0.0042
Ca B                1.81741m     5.065    0.0336      Fe 2                5018.44A     4.338    0.0063      Blnd                1912.00A     4.368    0.0067
Ca B                1.73621m     4.953    0.0260      Fe 2                4923.92A     4.259    0.0053      Blnd                1400.00A     6.891    2.2504
Ca B                1.68065m     4.844    0.0202      Fe 2                5316.61A     4.394    0.0072      Blnd                1650.00A     6.927    2.4457
Ca B                1.64072m     4.738    0.0158      Fe 2                5425.25A     3.926    0.0024      Blnd                8446.00A     6.412    0.7473
Ca B                1.61093m     4.637    0.0126      Fe 2                5362.86A     3.732    0.0016      Blnd                1304.00A     7.185    4.4299
Ca B                1.58805m     4.542    0.0101      Fe 2                5276.00A     4.185    0.0044      Blnd                1039.00A     3.664    0.0013
Ca B                1.57007m     4.452    0.0082      Fe 2                5325.55A     3.819    0.0019      Blnd                1.13000m     6.282    0.5536
Ca B                1.55565m     4.367    0.0067      Fe 2                7711.72A     3.749    0.0016      Blnd                2798.00A     7.230    4.9185
Ca B                1.54389m     4.287    0.0056      Fe 3                1926.30A     3.808    0.0019      Blnd                1256.00A     4.405    0.0073
Ca B                1.53418m     4.212    0.0047      Fe 3                1914.06A     3.887    0.0022      Blnd                1198.00A     5.216    0.0476
Ca B                1.52605m     4.140    0.0040      Fe 3                1895.46A     3.963    0.0027      Blnd                1720.00A     5.277    0.0547
Ca B                1.51919m     4.072    0.0034      Mg 1                2852.13A     4.824    0.0193      Blnd                1406.00A     5.789    0.1779
Ca B                1.51332m     4.007    0.0029      Mg 1                3838.29A     3.584    0.0011      Blnd                1199.00A     5.165    0.0423
Ca B                1.50828m     3.946    0.0026      Mg 1                4571.10A     4.156    0.0041      Blnd                5892.00A     4.044    0.0032
Ca B                1.50390m     3.887    0.0022      Mg 1                5167.32A     3.609    0.0012      Blnd                2665.00A     5.781    0.1749
Ca B                1.50009m     3.831    0.0020      Mg 1                5172.68A     3.925    0.0024      Blnd                1860.00A     5.601    0.1155
Ca B                7.45782m     5.112    0.0374      Mg 1                5183.60A     3.761    0.0017      Blnd                2335.00A     5.885    0.2218
Ca B                4.65251m     4.993    0.0285      Mg 3                231.734A     3.609    0.0012      Blnd                1888.00A     6.726    1.5412
Ca B                3.73954m     4.882    0.0220      Mn 2                2576.10A     4.221    0.0048      Blnd                1397.00A     6.624    1.2167
Ca B                3.29609m     4.773    0.0172      Mn 2                2593.72A     4.154    0.0041      Blnd                8579.00A     5.426    0.0772
Ca B                3.03837m     4.663    0.0133      Mn 2                2605.68A     4.052    0.0033      Blnd                3933.00A     5.531    0.0983
Ca B                2.87221m     4.555    0.0104      N  1                1134.17A     3.589    0.0011      Blnd                1657.00A     4.204    0.0046
Ca B                2.75752m     4.450    0.0082      N  1                1134.41A     3.637    0.0013      Blnd                2326.00A     5.999    0.2888
Ca B                2.67440m     4.350    0.0065      N  1                1134.98A     3.660    0.0013      Blnd                1335.00A     5.646    0.1279
Ca B                2.61194m     4.255    0.0052      N  1                1199.55A     4.085    0.0035      Blnd                1909.00A     6.829    1.9525
Ca B                2.56363m     4.165    0.0042      N  1                1200.22A     4.073    0.0034      Blnd                1176.00A     5.884    0.2217
Ca B                2.52540m     4.080    0.0035      N  1                1200.71A     3.921    0.0024      Blnd                1549.00A     7.745   16.0738
Ca B                2.49458m     4.000    0.0029      N  1                1492.63A     3.598    0.0011      Blnd                1085.00A     4.676    0.0137
Ca B                2.46931m     3.925    0.0024      N  1                1742.73A     3.711    0.0015      Blnd                2141.00A     5.115    0.0377
Ca B                2.44833m     3.854    0.0021      N  4                1486.50A     6.525    0.9701      Blnd                1750.00A     6.147    0.4055
Ca B                2.43070m     3.786    0.0018      N  4                765.147A     4.884    0.0222      Blnd                990.000A     5.772    0.1712
Ca B                2.41573m     3.721    0.0015      N  4                922.519A     3.901    0.0023      Blnd                1486.00A     6.525    0.9702
Ca B                2.40290m     3.660    0.0013      N  4                923.676A     3.812    0.0019      Blnd                1240.00A     6.432    0.7823
Ca B                2.39182m     3.601    0.0012      N  4                923.056A     3.640    0.0013      Blnd                833.000A     4.305    0.0058
Ca B                2.38217m     3.545    0.0010      N  4                921.994A     4.221    0.0048      Blnd                1666.00A     6.669    1.3509
Ca B                12.3685m     4.716    0.0151      N  4                924.284A     3.899    0.0023      Blnd                5007.00A     3.826    0.0019
Ca B                7.50045m     4.631    0.0124      N  4                923.219A     3.851    0.0021      Blnd                835.000A     5.532    0.0984
Ca B                5.90660m     4.530    0.0098      N  4                463.736A     3.597    0.0011      Blnd                1402.00A     6.553    1.0337
Ca B                5.12726m     4.423    0.0077      N  5                209.274A     3.629    0.0012      Blnd                789.000A     5.377    0.0690
Ca B                4.67124m     4.316    0.0060      N  5                209.308A     3.590    0.0011      Blnd                1218.00A     6.342    0.6353
Ca B                4.37526m     4.212    0.0047      N  5                1238.82A     6.253    0.5177      Blnd                1035.00A     6.180    0.4378
Ca B                4.16966m     4.113    0.0038      N  5                1242.80A     5.961    0.2647

                                                    Emergent line intensities
general properties..............................      He 1                3871.69A     3.576    0.0011      Si 2                2334.60A     5.342    0.0639
continua........................................      He 1                4.29471m     4.533    0.0099      Si 2                1817.45A     5.071    0.0342
FIR                 83.0000m     5.741    0.1599      He 1                1.25275m     3.886    0.0022      Si 2                1816.93A     5.600    0.1157
NIRa                2.85000m     8.365   67.3393      He 1                2.11202m     3.803    0.0018      Si 2                1533.43A     4.710    0.0149
NIRb                3.00000m     8.109   37.3316      He 1                1.70025m     4.437    0.0079      Si 2                1309.28A     4.269    0.0054
MIRa                15.0000m     7.838   20.0099      He 1                1.19691m     4.072    0.0034      Si 2                1265.00A     4.486    0.0089
MIRb                22.5000m     7.844   20.2743      He 1                1.03113m     3.786    0.0018      Si 2                1264.74A     4.761    0.0168
NMIR                21.7500m     8.365   67.3393      He 1                9515.00A     3.639    0.0013      Si 2                1197.39A     4.455    0.0083
TFIR                611.250m     4.934    0.0250      He 1                1.95431m     3.653    0.0013      Si 2                1194.50A     4.634    0.0125
TALL                10000.0A     8.963  267.0138      He 1                1.86854m     4.637    0.0126      Si 3                1892.03A     6.696    1.4435
F12                 12.0000m     7.428    7.7849      He 1                1.27849m     4.246    0.0051      Si 3                1206.50A     6.130    0.3920
F25                 25.0000m     6.299    0.5779      He 1                1.09130m     3.934    0.0025      Si 3                1298.89A     3.863    0.0021
F60                 60.0000m     5.574    0.1090      He 1                1.00275m     3.710    0.0015      Si 3                1294.54A     4.057    0.0033
F100                100.000m     4.893    0.0227      He 1                1.86972m     3.954    0.0026      Si 3                1118.63A     3.704    0.0015
MIPS                24.0000m     5.998    0.2893      He 1                1.27905m     3.631    0.0012      Si 3                1118.58A     3.802    0.0018
MIPS                70.0000m     4.980    0.0278      He 1                4.04791m     3.822    0.0019      Si 3                1303.32A     3.548    0.0010
MIPS                160.000m     4.383    0.0070      C  5                40.7306A     4.525    0.0097      Si 3                1298.95A     3.713    0.0015
IRAC                3.60000m     7.195    4.5551      Blnd                40.7306A     4.525    0.0097      Si 3                1121.81A     3.968    0.0027
IRAC                4.50000m     7.221    4.8346      C  5                40.2678A     4.482    0.0088      Si 3                2541.82A     3.849    0.0021
IRAC                5.80000m     7.245    5.1123      C  5                34.9728A     3.554    0.0010      Si 4                1393.75A     6.430    0.7816
IRAC                8.00000m     7.403    7.3557      C  5                41.4719A     4.785    0.0177      Si 4                1402.77A     6.146    0.4062
SPR1                250.000m     4.172    0.0043      C  5                31.8980A     3.604    0.0012      Si 7                2146.64A     4.158    0.0042
SPR2                350.000m     3.824    0.0019      C  5                2277.92A     3.643    0.0013      Al 2                2669.15A     5.709    0.1487
PAC1                70.0000m     5.040    0.0319      C  5                2270.89A     3.948    0.0026      Al 2                1670.79A     5.411    0.0749
PAC2                100.000m     4.890    0.0226      Blnd                2273.63A     4.178    0.0044      Al 2                1760.11A     3.672    0.0014
PAC3                160.000m     4.655    0.0131      Blnd                248.708A     3.758    0.0017      Al 2                1763.95A     3.611    0.0012
PAH                 3.30000m     6.347    0.6457      N  6                28.7870A     3.857    0.0021      Al 2                1721.27A     3.657    0.0013
PAHC                3.23000m     6.052    0.3278      N  6                29.5343A     3.722    0.0015      Al 2                1724.98A     3.828    0.0020
PAHC                3.37000m     6.030    0.3112      O  7                21.6020A     3.771    0.0017      C  4                1550.77A     7.263    5.3244
PAH                 6.20000m     6.762    1.6807      O  7                22.1012A     3.542    0.0010      C  4                1548.19A     7.546   10.2229
PAHC                5.65000m     6.800    1.8316      extra Lyman.....................................      C  4                312.451A     3.680    0.0014
PAH                 7.90000m     6.953    2.6093      database lines..................................      C  4                312.420A     3.691    0.0014
PAHC                6.90000m     7.012    2.9850      Al 3                1862.79A     5.124    0.0387      Ca 2                3968.47A     5.173    0.0433
PAH                 11.3000m     6.214    0.4752      Al 3                1854.72A     5.409    0.0745      Ca 2                8662.14A     4.878    0.0220
PAHC                10.9000m     6.282    0.5561      Ar 5                834.903A     3.539    0.0010      Ca 2                3933.66A     5.277    0.0549
PAH                 11.8000m     6.349    0.6488      C  2                1009.86A     3.598    0.0012      Ca 2                8498.02A     4.977    0.0275
PAHC                12.6500m     6.244    0.5091      C  2                1010.08A     3.640    0.0013      Ca 2                8542.09A     4.978    0.0276
PAH                 13.3000m     6.203    0.4634      C  2                1010.37A     3.689    0.0014      Fe 4                2835.74A     3.730    0.0016
PAHC                14.1000m     6.092    0.3594      C  2                1036.34A     4.419    0.0076      Fe 8                168.172A     3.554    0.0010
Bcon                3640.00A     8.484   88.4689      C  2                1037.02A     4.447    0.0081      Mg 2                2802.71A     6.764    1.6860
Pcon                5000.00A     7.969   27.0289      C  2                1334.53A     4.996    0.0288      Mg 2                2795.53A     6.976    2.7510
O3bn                5007.00A     6.316    0.6012      C  2                1335.66A     4.925    0.0244      Mg 2                2936.52A     4.353    0.0066
SX                  25.0000A     7.119    3.8173      C  2                1335.71A     5.402    0.0733      Mg 2                2928.64A     4.366    0.0067
HX                  4.70000A     8.063   33.5595      C  2                2323.50A     3.987    0.0028      Mg 2                2797.93A     4.162    0.0042
ROSA                12.3980A     7.551   10.3316      C  2                2324.69A     5.246    0.0512      Mg 2                2790.77A     4.470    0.0086
RRC.............................................      C  2                2325.40A     5.626    0.1228      Mg 2                2798.00A     4.771    0.0171
grains..........................................      C  2                2326.93A     4.767    0.0170      Mg 4                320.994A     3.558    0.0011
H-like iso-sequence.............................      C  2                2328.12A     5.298    0.0577      Mg 4                323.307A     3.537    0.0010
H  1                1215.67A     7.830   19.6385      C  3                1908.73A     6.795    1.8116      Mg 5                2782.76A     3.879    0.0022
H  1                1025.72A     5.684    0.1404      C  3                977.020A     6.685    1.4056      Mg 5                353.092A     3.559    0.0011
H  1                972.537A     4.797    0.0182      C  3                1175.26A     4.925    0.0244      Mg 6                1190.12A     3.663    0.0013
H  1                949.743A     4.354    0.0066      C  3                1175.99A     4.917    0.0240      N  2                2139.01A     4.528    0.0098
H  1                937.803A     4.071    0.0034      C  3                1175.59A     4.970    0.0271      N  2                2142.77A     4.914    0.0238
H  1                930.748A     3.976    0.0028      C  3                1174.93A     5.358    0.0663      N  2                1085.70A     4.191    0.0045
H  1                926.226A     3.920    0.0024      C  3                538.149A     3.542    0.0010      N  2                1084.58A     3.976    0.0027
H  1                923.150A     3.881    0.0022      C  3                1176.37A     4.909    0.0236      N  2                1085.55A     3.909    0.0024
H  1                920.963A     3.854    0.0021      C  3                1175.71A     5.269    0.0540      N  2                1083.99A     3.886    0.0022
H  1                919.351A     3.833    0.0020      C  3                538.312A     3.592    0.0011      N  2                1084.56A     3.700    0.0015
H  1                918.129A     3.816    0.0019      C  3                2296.87A     4.322    0.0061      N  2                915.612A     3.819    0.0019
H  1                917.181A     3.805    0.0019      Fe 2                4287.39A     3.837    0.0020      N  2                916.020A     3.592    0.0011
H  1                916.429A     3.794    0.0018      Fe 2                2599.40A     4.751    0.0164      N  2                916.012A     3.816    0.0019
H  1                915.824A     3.784    0.0018      Fe 2                2585.88A     4.490    0.0090      N  2                916.701A     3.940    0.0025
H  1                915.329A     3.775    0.0017      Fe 2                2382.04A     4.968    0.0270      N  2                915.962A     3.812    0.0019
H  1                914.919A     3.766    0.0017      Fe 2                2373.74A     4.323    0.0061      N  3                1748.65A     5.339    0.0634
H  1                914.576A     3.757    0.0017      Fe 2                2366.87A     4.110    0.0037      N  3                1753.99A     5.353    0.0656
H  1                914.286A     3.747    0.0016      Fe 2                2343.50A     4.125    0.0039      N  3                1746.82A     4.283    0.0056
H  1                914.039A     3.738    0.0016      Fe 2                2260.08A     4.104    0.0037      N  3                1752.16A     5.122    0.0385
H  1                913.826A     3.728    0.0016      Fe 2                2249.18A     3.820    0.0019      N  3                1749.67A     5.855    0.2078
H  1                6562.80A     7.193    4.5256      Fe 2                2233.75A     3.868    0.0021      N  3                989.799A     5.007    0.0295
H  1                4861.32A     6.537    1.0000      Fe 2                4359.33A     3.706    0.0015      N  3                991.511A     5.094    0.0361
H  1                4340.46A     6.194    0.4539      Fe 2                2625.67A     5.455    0.0829      N  3                991.577A     5.513    0.0946
H  1                4101.73A     5.702    0.1461      Fe 2                2611.87A     5.314    0.0599      N  3                763.334A     3.700    0.0015
H  1                3970.07A     5.431    0.0784      Fe 2                2598.37A     5.116    0.0379      N  3                764.351A     3.742    0.0016
H  1                3889.05A     5.236    0.0500      Fe 2                2395.63A     5.328    0.0619      N  3                685.515A     3.718    0.0015
H  1                3835.38A     5.085    0.0353      Fe 2                2388.63A     4.806    0.0186      N  3                686.336A     3.666    0.0013
H  1                3797.90A     4.963    0.0266      Fe 2                2383.06A     4.230    0.0049      N  3                684.998A     3.717    0.0015
H  1                3770.63A     4.864    0.0212      Fe 2                2364.83A     4.482    0.0088      N  3                685.817A     3.827    0.0020
H  1                3750.15A     4.783    0.0176      Fe 2                2332.80A     4.564    0.0106      N  3                452.227A     3.571    0.0011
H  1                3734.37A     4.715    0.0151      Fe 2                2279.91A     4.127    0.0039      Ne 4                1601.45A     3.718    0.0015
H  1                3721.94A     4.657    0.0132      Fe 2                2268.82A     3.918    0.0024      Ne 4                541.126A     3.595    0.0011
H  1                3711.97A     4.606    0.0117      Fe 2                2253.13A     3.904    0.0023      Ne 4                542.076A     3.640    0.0013
H  1                3703.85A     4.562    0.0106      Fe 2                4413.78A     3.555    0.0010      Ne 4                543.886A     3.665    0.0013
H  1                3697.15A     4.521    0.0096      Fe 2                2631.32A     5.178    0.0438      Ne 6                1005.73A     3.984    0.0028
H  1                3691.55A     4.484    0.0089      Fe 2                2617.62A     4.873    0.0217      Ne 6                999.233A     4.245    0.0051
H  1                3686.83A     4.450    0.0082      Fe 2                2607.09A     5.019    0.0304      Ne 6                558.603A     3.545    0.0010
H  1                3682.81A     4.418    0.0076      Fe 2                2404.89A     4.838    0.0200      Ne 6                562.805A     3.593    0.0011
H  1                3679.35A     4.387    0.0071      Fe 2                2399.24A     4.739    0.0159      Ne 6                435.646A     3.541    0.0010
H  1                1.87510m     6.113    0.3773      Fe 2                2395.42A     4.215    0.0048      Ne 6                401.146A     3.573    0.0011
H  1                1.28181m     6.147    0.4071      Fe 2                2380.76A     4.792    0.0180      Ne 6                401.941A     3.662    0.0013
H  1                1.09381m     5.734    0.1573      Fe 2                2348.30A     4.516    0.0095      O  4                1399.78A     5.665    0.1344
H  1                1.00494m     5.458    0.0835      Fe 2                2327.40A     4.240    0.0050      O  4                1407.38A     5.655    0.1313
H  1                9545.97A     5.242    0.0507      Fe 2                2283.48A     3.923    0.0024      O  4                1397.23A     4.853    0.0207
H  1                9229.02A     5.075    0.0345      Fe 2                2267.59A     3.897    0.0023      O  4                1404.81A     5.725    0.1544
H  1                9014.91A     4.944    0.0256      Fe 2                2631.05A     5.020    0.0304      O  4                1401.16A     6.281    0.5554
H  1                8862.79A     4.842    0.0202      Fe 2                2620.41A     4.445    0.0081      O  4                787.710A     4.379    0.0070
H  1                8750.48A     4.759    0.0167      Fe 2                2613.82A     4.804    0.0185      O  4                790.114A     4.429    0.0078
H  1                8665.02A     4.687    0.0141      Fe 2                2410.52A     4.761    0.0168      O  4                790.201A     4.603    0.0116
H  1                8598.40A     4.624    0.0122      Fe 2                2406.66A     4.579    0.0110      O  4                608.397A     3.846    0.0020
H  1                8545.39A     4.564    0.0106      Fe 2                2404.43A     4.139    0.0040      O  4                609.830A     3.892    0.0023
H  1                8502.49A     4.507    0.0093      Fe 2                2359.11A     4.362    0.0067      O  4                554.076A     3.858    0.0021
H  1                8467.26A     4.452    0.0082      Fe 2                2338.01A     4.352    0.0065      O  4                555.264A     3.808    0.0019
H  1                8437.96A     4.399    0.0073      Fe 2                2628.29A     4.864    0.0212      O  4                553.329A     3.863    0.0021
H  1                8413.32A     4.346    0.0064      Fe 2                2621.67A     4.518    0.0096      O  4                554.514A     4.002    0.0029
H  1                8392.40A     4.295    0.0057      Fe 2                2413.31A     4.455    0.0083      O  6                1037.61A     5.656    0.1315
H  1                8374.48A     4.245    0.0051      Fe 2                2411.07A     4.403    0.0073      O  6                1031.91A     5.933    0.2488
H  1                4.05115m     5.379    0.0695      Fe 2                2344.28A     4.312    0.0060      O  6                150.125A     3.554    0.0010
H  1                2.62515m     5.281    0.0555      Fe 2                5158.79A     4.054    0.0033      O  6                150.089A     3.602    0.0012
H  1                2.16553m     5.126    0.0389      Fe 2                4243.97A     3.991    0.0028      P  5                1128.01A     3.840    0.0020
H  1                1.94456m     4.956    0.0263      Fe 2                2732.45A     4.995    0.0287      P  5                1117.98A     4.042    0.0032
H  1                1.81741m     4.807    0.0186      Fe 2                2493.30A     5.286    0.0561      S  4                1404.81A     4.830    0.0197
H  1                1.73621m     4.684    0.0140      Fe 2                2484.20A     4.483    0.0088      S  4                1423.84A     4.700    0.0146
H  1                1.68065m     4.582    0.0111      Fe 2                2476.68A     4.168    0.0043      S  4                1398.04A     3.972    0.0027
H  1                1.64072m     4.496    0.0091      Fe 2                2360.00A     4.619    0.0121      S  4                1416.89A     5.268    0.0538
H  1                1.61093m     4.420    0.0076      Fe 2                2348.12A     4.708    0.0148      S  4                1406.02A     5.443    0.0805
H  1                1.58805m     4.349    0.0065      Fe 2                2331.31A     3.949    0.0026      S  4                1062.66A     4.660    0.0133
H  1                1.57007m     4.282    0.0056      Fe 2                5261.63A     3.833    0.0020      S  4                1073.52A     4.660    0.0133
H  1                1.55565m     4.218    0.0048      Fe 2                4276.84A     3.716    0.0015      S  4                1072.97A     5.124    0.0386
H  1                1.54389m     4.156    0.0042      Fe 2                2774.73A     4.468    0.0085      S  4                750.221A     3.654    0.0013
H  1                1.53418m     4.096    0.0036      Fe 2                2759.34A     4.519    0.0096      S  4                657.319A     3.568    0.0011
H  1                1.52605m     4.038    0.0032      Fe 2                2519.11A     3.993    0.0029      S  4                661.396A     3.660    0.0013
H  1                1.51919m     3.982    0.0028      Fe 2                2511.37A     4.177    0.0044      S  6                944.523A     4.955    0.0262
H  1                1.51332m     3.928    0.0025      Fe 2                2505.22A     4.173    0.0043      S  6                933.378A     5.211    0.0472
H  1                7.45782m     4.434    0.0079      Fe 2                2485.07A     4.208    0.0047      S  8                9913.98A     4.013    0.0030
H  1                4.65251m     4.562    0.0106      Fe 2                2391.48A     4.227    0.0049      Si 6                1.96247m     4.028    0.0031
H  1                3.73954m     4.497    0.0091      Fe 2                2379.28A     4.018    0.0030      Si 6                249.124A     3.543    0.0010
H  1                3.29609m     4.402    0.0073      Fe 2                2362.02A     4.373    0.0069      level 1 lines...................................
H  1                3.03837m     4.311    0.0060      Fe 2                2775.34A     4.018    0.0030      recombination...................................
H  1                2.87221m     4.234    0.0050      Fe 2                2531.09A     4.042    0.0032      level2 lines....................................
H  1                2.75752m     4.166    0.0043      Fe 2                2526.83A     4.033    0.0031      C  3                271.090A     3.654    0.0013
H  1                2.67440m     4.102    0.0037      Fe 2                2385.01A     4.040    0.0032      C  3                268.600A     3.629    0.0012
H  1                2.61194m     4.041    0.0032      Fe 2                2542.32A     3.812    0.0019      C  3                266.880A     3.602    0.0012
H  1                2.56363m     3.981    0.0028      Fe 2                3277.35A     5.034    0.0314      C  3                288.500A     3.586    0.0011
H  1                2.52540m     3.921    0.0024      Fe 2                3255.89A     4.644    0.0128      N  3                293.510A     3.657    0.0013
H  1                2.49458m     3.863    0.0021      Fe 2                2926.59A     4.598    0.0115      N  3                283.090A     3.624    0.0012
H  1                2.46931m     3.806    0.0019      Fe 2                2916.15A     4.094    0.0036      N  3                264.550A     3.611    0.0012
H  1                2.44833m     3.749    0.0016      Fe 2                2907.86A     3.859    0.0021      N  3                277.180A     3.595    0.0011
H  1                2.43070m     3.694    0.0014      Fe 2                2880.76A     4.446    0.0081      N  3                312.110A     3.578    0.0011
H  1                2.41573m     3.641    0.0013      Fe 2                2755.74A     4.925    0.0244      N  3                273.490A     3.563    0.0011
H  1                12.3685m     3.929    0.0025      Fe 2                2739.55A     4.644    0.0128      N  3                267.450A     3.541    0.0010
H  1                7.50045m     4.134    0.0040      Fe 2                2716.70A     4.476    0.0087      O  1                976.791A     3.781    0.0018
H  1                5.90660m     4.148    0.0041      Fe 2                3302.86A     3.909    0.0024      O  1                969.049A     3.649    0.0013
H  1                5.12726m     4.111    0.0038      Fe 2                3281.29A     4.384    0.0070      O  1                946.387A     3.599    0.0012
H  1                4.67124m     4.061    0.0033      Fe 2                3264.76A     3.709    0.0015      O  1                934.501A     3.571    0.0011
H  1                4.37526m     4.004    0.0029      Fe 2                2953.77A     4.318    0.0060      O  1                973.577A     3.567    0.0011
H  1                4.16966m     3.942    0.0025      Fe 2                2939.51A     3.929    0.0025      O  1                927.472A     3.553    0.0010
H  1                4.01977m     3.877    0.0022      Fe 2                2917.47A     3.626    0.0012      O  1                922.969A     3.538    0.0010
H  1                3.90648m     3.812    0.0019      Fe 2                2868.87A     4.113    0.0038      O  3                305.400A     4.180    0.0044
H  1                3.81841m     3.746    0.0016      Fe 2                2772.73A     4.618    0.0120      O  3                268.070A     3.808    0.0019
H  1                3.74837m     3.682    0.0014      Fe 2                2749.32A     4.498    0.0092      O  3                263.850A     3.788    0.0018
H  1                3.69163m     3.619    0.0012      Fe 2                3295.82A     4.202    0.0046      O  3                373.640A     3.721    0.0015
H  1                3.64493m     3.558    0.0011      Fe 2                3285.41A     3.578    0.0011      O  3                265.020A     3.766    0.0017
H  1                11.3056m     3.713    0.0015      Fe 2                2970.52A     4.312    0.0060      O  3                248.730A     3.695    0.0014
H  1                8.75768m     3.787    0.0018      Fe 2                2964.66A     3.660    0.0013      O  3                241.200A     3.672    0.0014
H  1                7.50606m     3.799    0.0018      Fe 2                2961.27A     3.883    0.0022      O  3                248.620A     3.653    0.0013
H  1                6.77015m     3.778    0.0017      Fe 2                2892.83A     3.791    0.0018      O  3                236.890A     3.650    0.0013
H  1                6.29020m     3.736    0.0016      Fe 2                2861.17A     3.600    0.0012      O  3                234.190A     3.623    0.0012
H  1                5.95522m     3.681    0.0014      Fe 2                3303.47A     3.914    0.0024      O  3                276.900A     3.658    0.0013
H  1                5.70991m     3.620    0.0012      Fe 2                2979.35A     4.161    0.0042      O  3                241.140A     3.628    0.0012
H  1                5.52368m     3.557    0.0010      Fe 2                2975.94A     3.886    0.0022      O  3                280.450A     3.643    0.0013
He 2                303.784A     7.418    7.6061      Fe 2                3969.40A     3.907    0.0023      O  3                263.230A     3.647    0.0013
He 2                256.317A     4.183    0.0044      Fe 2                3938.29A     4.119    0.0038      O  3                232.380A     3.608    0.0012
He 2                243.027A     3.954    0.0026      Fe 2                3475.74A     3.635    0.0013      O  3                236.860A     3.601    0.0012
He 2                237.331A     3.741    0.0016      Fe 2                3227.74A     4.173    0.0043      O  3                231.110A     3.590    0.0011
He 2                234.347A     3.679    0.0014      Fe 2                3196.07A     4.162    0.0042      O  3                255.390A     3.592    0.0011
He 2                232.584A     3.583    0.0011      Fe 2                3945.21A     3.576    0.0011      O  3                232.350A     3.572    0.0011
He 2                231.454A     3.595    0.0011      Fe 2                4233.16A     4.263    0.0053      O  3                234.180A     3.559    0.0011
He 2                230.686A     3.567    0.0011      Fe 2                4178.85A     3.910    0.0024      O  4                239.130A     4.228    0.0049
He 2                230.139A     3.579    0.0011      Fe 2                4825.73A     3.632    0.0012      O  4                207.610A     3.641    0.0013
He 2                229.736A     3.585    0.0011      Fe 2                4384.31A     3.836    0.0020      O  4                196.560A     3.636    0.0013
He 2                229.431A     3.602    0.0012      Fe 2                4413.59A     4.333    0.0063      O  4                214.760A     3.605    0.0012
He 2                229.194A     3.620    0.0012      Fe 2                4372.21A     4.239    0.0050      O  4                181.780A     3.583    0.0011
He 2                229.006A     3.644    0.0013      Fe 2                4314.30A     3.561    0.0011      O  4                280.550A     3.732    0.0016
He 2                228.855A     3.666    0.0013      Fe 2                4397.27A     3.898    0.0023      O  4                174.710A     3.543    0.0010
He 2                228.731A     3.686    0.0014      Fe 2                4338.70A     3.704    0.0015      O  5                135.810A     3.627    0.0012
He 2                228.629A     3.702    0.0015      Fe 2                4629.33A     4.324    0.0061      O  5                139.140A     3.609    0.0012
He 2                228.543A     3.712    0.0015      Fe 2                4583.83A     4.233    0.0050      O  5                124.910A     3.600    0.0012
He 2                228.471A     3.718    0.0015      Fe 2                4520.22A     4.074    0.0034      O  5                119.360A     3.559    0.0011
He 2                228.409A     3.721    0.0015      Fe 2                4666.75A     3.899    0.0023      Ne 3                250.920A     3.648    0.0013
He 2                228.356A     3.721    0.0015      Fe 2                4620.51A     4.150    0.0041      Ne 3                228.870A     3.557    0.0010
He 2                1640.41A     6.566    1.0682      Fe 2                4555.89A     3.947    0.0026      Ne 3                281.580A     3.604    0.0012
He 2                1215.13A     5.968    0.2700      Fe 2                4648.23A     3.590    0.0011      Ne 3                265.510A     3.590    0.0011
He 2                1084.94A     5.762    0.1679      Fe 2                4582.83A     3.669    0.0014      Ne 4                171.550A     3.597    0.0011
He 2                1025.27A     5.383    0.0702      Fe 2                6516.08A     3.858    0.0021      Ne 5                143.350A     3.780    0.0018
He 2                992.358A     5.325    0.0614      Fe 2                5284.10A     4.352    0.0065      Ne 5                142.640A     3.618    0.0012
He 2                972.106A     5.063    0.0336      Fe 2                5169.03A     4.528    0.0098      Ne 5                119.100A     3.584    0.0011
He 2                958.693A     5.062    0.0335      Fe 2                5018.44A     4.335    0.0063      Ne 6                122.920A     3.672    0.0014
He 2                949.323A     4.879    0.0220      Fe 2                4923.92A     4.256    0.0052      Mg 5                114.050A     3.550    0.0010
He 2                942.507A     4.867    0.0214      Fe 2                5316.61A     4.390    0.0071      Mg 6                95.1402A     3.732    0.0016
He 2                937.389A     4.750    0.0163      Fe 2                5425.25A     3.920    0.0024      Si 2                1179.59A     4.906    0.0234
He 2                933.444A     4.705    0.0147      Fe 2                5362.86A     3.726    0.0015      Si 2                993.354A     3.969    0.0027
He 2                930.337A     4.646    0.0128      Fe 2                5276.00A     4.181    0.0044      Si 2                1024.03A     3.561    0.0011
He 2                927.846A     4.610    0.0118      Fe 2                5325.55A     3.814    0.0019      Si 5                95.5502A     3.679    0.0014
He 2                925.816A     4.554    0.0104      Fe 2                7711.72A     3.736    0.0016      Si 6                83.3299A     3.587    0.0011
He 2                924.142A     4.510    0.0094      Fe 3                1926.30A     3.793    0.0018      Si 6                80.5899A     3.548    0.0010
He 2                922.743A     4.458    0.0083      Fe 3                1914.06A     3.873    0.0022      Si 6                80.6998A     3.585    0.0011
He 2                921.562A     4.408    0.0074      Fe 3                1895.46A     3.949    0.0026      S  3                667.049A     3.710    0.0015
He 2                920.556A     4.357    0.0066      Mg 1                2852.13A     4.781    0.0175      S  7                59.8301A     3.819    0.0019
He 2                919.693A     4.307    0.0059      Mg 1                3838.29A     3.583    0.0011      S  7                51.6601A     3.545    0.0010
He 2                4685.68A     5.679    0.1386      Mg 1                4571.10A     4.152    0.0041      Ar 4                444.680A     3.730    0.0016
He 2                3203.08A     5.243    0.0508      Mg 1                5167.32A     3.605    0.0012      Ar 5                441.850A     3.613    0.0012
He 2                2733.28A     5.086    0.0354      Mg 1                5172.68A     3.921    0.0024      Ca 3                351.260A     3.612    0.0012
He 2                2511.19A     4.848    0.0205      Mg 1                5183.60A     3.759    0.0017      Ca 4                303.870A     3.718    0.0015
He 2                2385.39A     4.740    0.0160      Mn 2                2576.10A     4.173    0.0043      Ca 4                310.370A     3.552    0.0010
He 2                2306.18A     4.577    0.0110      Mn 2                2593.72A     4.105    0.0037      Ca 4                307.850A     3.588    0.0011
He 2                2252.67A     4.482    0.0088      Mn 2                2605.68A     4.006    0.0029      Ca 4                319.070A     3.597    0.0011
He 2                2214.65A     4.378    0.0069      N  1                1134.17A     3.582    0.0011      Ca 5                314.530A     3.786    0.0018
He 2                2186.59A     4.302    0.0058      N  1                1134.41A     3.630    0.0012      Ca 5                325.410A     3.694    0.0014
He 2                2165.23A     4.232    0.0050      N  1                1134.98A     3.654    0.0013      Ca 6                330.390A     3.619    0.0012
He 2                2148.58A     4.174    0.0043      N  1                1199.55A     4.076    0.0035      Fe 7                152.390A     3.751    0.0016
He 2                2135.34A     4.122    0.0038      N  1                1200.22A     4.064    0.0034      Fe 7                163.470A     3.602    0.0012
He 2                2124.61A     4.072    0.0034      N  1                1200.71A     3.912    0.0024      Fe 7                148.230A     3.557    0.0010
He 2                2115.81A     4.023    0.0031      N  1                1492.63A     3.583    0.0011      P  2                967.202A     3.618    0.0012
He 2                2108.49A     3.972    0.0027      N  1                1742.73A     3.685    0.0014      P  2                963.828A     3.756    0.0017
He 2                2102.33A     3.922    0.0024      N  4                1486.50A     6.505    0.9290      Ti 2                3364.74A     4.965    0.0268
He 2                2097.10A     3.871    0.0022      N  4                765.147A     4.499    0.0092      Ti 2                3237.15A     4.790    0.0179
He 2                2092.63A     3.821    0.0019      N  4                922.519A     3.861    0.0021      Ti 2                1907.36A     3.545    0.0010
He 2                1.01235m     4.941    0.0254      N  4                923.676A     3.774    0.0017      Cr 2                2059.78A     4.421    0.0077
He 2                6560.01A     4.758    0.0166      N  4                923.056A     3.640    0.0013      Ni 2                1751.83A     3.817    0.0019
He 2                5411.45A     4.534    0.0099      N  4                921.994A     4.173    0.0043      Ni 2                1744.24A     3.994    0.0029
He 2                4859.26A     4.415    0.0075      N  4                924.284A     3.860    0.0021      Ni 2                1375.73A     3.686    0.0014
He 2                4541.54A     4.252    0.0052      N  4                923.219A     3.851    0.0021      Ni 2                1324.11A     3.617    0.0012
He 2                4338.62A     4.154    0.0041      N  5                1238.82A     6.242    0.5069      hyperfine structure.............................
He 2                4199.78A     4.048    0.0032      N  5                1242.80A     5.950    0.2591      inner shell.....................................
He 2                4099.99A     3.972    0.0027      Na 1                5889.95A     3.750    0.0016      molecules.......................................
He 2                4025.55A     3.901    0.0023      Na 1                5895.92A     3.725    0.0015      bands...........................................
He 2                3968.39A     3.845    0.0020      Ne 3                3868.76A     4.068    0.0034      Fe 2b               2500.00A     6.531    0.9872
He 2                3923.44A     3.791    0.0018      Ne 3                489.500A     3.582    0.0011      Fe 2b               5000.00A     5.683    0.1399
He 2                3887.40A     3.741    0.0016      Ne 3                313.056A     3.572    0.0011      Fe 2b               7000.00A     4.448    0.0082
He 2                3858.03A     3.691    0.0014      Ne 3                3967.47A     3.550    0.0010      Fe 2b               10000.0A     3.853    0.0021
He 2                3833.76A     3.641    0.0013      Ne 3                1814.56A     3.566    0.0011      Fe 2b               2355.00A     6.055    0.3300
He 2                3813.45A     3.590    0.0011      Ne 3                313.688A     3.541    0.0010      Fe 2b               2430.00A     6.450    0.8179
He 2                3796.29A     3.540    0.0010      Ne 5                568.424A     3.538    0.0010      Fe 2b               2445.00A     6.447    0.8140
He 2                1.86365m     4.442    0.0080      Ne 5                357.947A     3.558    0.0011      Fe 2b               2495.00A     5.499    0.0918
He 2                1.16262m     4.247    0.0051      Ne 5                1136.52A     4.415    0.0076      Fe 2b               2610.00A     6.113    0.3771
He 2                9344.80A     4.125    0.0039      Ne 5                569.828A     3.608    0.0012      Fe 2b               2695.00A     4.483    0.0088
He 2                8236.67A     3.965    0.0027      Ne 5                481.293A     3.540    0.0010      Fe 2b               2758.00A     5.553    0.1038
He 2                7592.65A     3.857    0.0021      Ne 5                358.474A     3.654    0.0013      Fe 2b               2780.00A     5.645    0.1283
He 2                7177.41A     3.752    0.0016      Ne 5                3425.88A     3.592    0.0011      Fe 2b               2797.00A     3.620    0.0012
He 2                6890.80A     3.677    0.0014      Ne 5                1145.61A     4.862    0.0211      Fe 2b               2840.00A     4.226    0.0049
He 2                6683.11A     3.607    0.0012      Ne 5                572.335A     3.663    0.0013      Fe 2b               2935.00A     5.242    0.0507
He 2                6527.01A     3.550    0.0010      Ne 5                482.994A     3.599    0.0012      Fe 2b               2960.00A     5.147    0.0408
He 2                3.09080m     3.985    0.0028      Ne 5                359.374A     3.705    0.0015      Fe 2b               3180.00A     5.383    0.0701
He 2                1.87431m     3.879    0.0022      Ne 5                416.212A     3.586    0.0011      Fe 2b               3250.00A     5.381    0.0698
He 2                1.47602m     3.727    0.0015      O  1                1027.43A     4.358    0.0066      Fe 2b               3590.00A     4.151    0.0041
He 2                1.28127m     3.626    0.0012      O  1                1027.43A     4.613    0.0119      Fe 2b               3910.00A     4.494    0.0091
He 2                4.76213m     3.642    0.0013      O  1                1028.16A     4.744    0.0161      Fe 2b               4255.00A     5.147    0.0408
C  6                33.7360A     3.870    0.0022      O  1                1302.17A     6.762    1.6787      Fe 2b               4558.00A     5.003    0.0293
He-like iso-sequence............................      O  1                1304.86A     6.707    1.4809      Fe 2b               4600.00A     5.000    0.0291
He 1                591.412A     3.799    0.0018      O  1                1306.03A     6.594    1.1405      Fe 2b               4743.00A     3.538    0.0010
Blnd                591.412A     3.801    0.0018      O  1                1355.60A     3.809    0.0019      Fe 2b               4855.00A     4.186    0.0045
He 1                584.334A     5.559    0.1053      O  1                1641.31A     5.609    0.1180      Fe 2b               4920.00A     4.843    0.0202
He 1                537.030A     4.206    0.0047      O  1                8446.25A     5.841    0.2013      Fe 2b               4975.00A     4.670    0.0136
He 1                522.213A     3.891    0.0023      O  1                8446.36A     5.910    0.2362      Fe 2b               4971.00A     4.386    0.0071
He 1                515.617A     3.707    0.0015      O  1                8446.76A     6.028    0.3100      Fe 2b               5070.00A     3.814    0.0019
He 1                512.099A     3.564    0.0011      O  1                1.12863m     5.681    0.1393      Fe 2b               5143.00A     4.734    0.0157
He 1                510.018A     3.542    0.0010      O  1                1.12864m     5.491    0.0901      Fe 2b               5270.00A     5.201    0.0462
He 1                1.08291m     5.643    0.1277      O  1                1.12869m     5.575    0.1092      Fe 2b               5318.00A     5.020    0.0304
He 1                1.08302m     5.670    0.1359      O  1                1.12870m     5.280    0.0554      Fe 2b               5540.00A     3.555    0.0010
He 1                1.08303m     5.997    0.2888      O  1                1.12871m     4.447    0.0081      Fe 2b               5865.00A     3.910    0.0024
Blnd                1.08302m     6.279    0.5524      O  1                1.12873m     5.711    0.1495      Fe 2b               6565.00A     4.041    0.0032
He 1                3888.64A     4.979    0.0277      O  3                832.929A     3.910    0.0024      Fe 2b               7445.00A     4.035    0.0031
He 1                3187.74A     4.347    0.0065      O  3                702.337A     3.803    0.0018      miscellaneous...................................
He 1                2945.10A     3.939    0.0025      O  3                507.388A     3.692    0.0014      C 1R                1656.00A     4.000    0.0029
He 1                2829.08A     3.661    0.0013      O  3                2320.95A     3.545    0.0010      C 2R                1335.00A     5.221    0.0483
He 1                2.05813m     4.157    0.0042      O  3                1660.81A     6.108    0.3729      C 3R                977.000A     5.003    0.0293
He 1                5015.68A     4.744    0.0161      O  3                833.715A     3.898    0.0023      C 3R                1909.00A     4.474    0.0087
He 1                3964.73A     4.213    0.0047      O  3                833.749A     4.106    0.0037      C 3R                1175.00A     4.725    0.0154
He 1                3613.64A     3.688    0.0014      O  3                702.838A     3.734    0.0016      C 4R                1549.00A     4.682    0.0140
He 1                7065.71A     5.225    0.0488      O  3                702.900A     3.715    0.0015      N 2R                1085.00A     4.341    0.0064
He 1                7065.21A     4.859    0.0210      O  3                507.680A     3.790    0.0018      N 3R                990.000A     5.193    0.0453
He 1                7065.18A     5.074    0.0344      O  3                5006.84A     3.692    0.0014      O 2R                4651.00A     3.906    0.0023
Blnd                7065.25A     5.555    0.1042      O  3                1666.15A     6.494    0.9054      O 2R                4341.00A     3.627    0.0012
He 1                5875.98A     5.572    0.1084      O  3                835.059A     3.796    0.0018      O 3R                835.000A     4.542    0.0101
He 1                5875.64A     4.792    0.0180      O  3                835.092A     4.116    0.0038      O 4R                789.000A     4.612    0.0119
He 1                5875.61A     5.007    0.0295      O  3                835.289A     4.318    0.0060      O 5R                630.000A     3.678    0.0014
Blnd                5875.66A     5.730    0.1559      O  3                703.854A     3.830    0.0020      Blnd                1912.00A     4.353    0.0066
He 1                4713.38A     3.648    0.0013      O  3                508.178A     3.834    0.0020      Blnd                1400.00A     6.876    2.1840
He 1                4713.16A     3.898    0.0023      O  3                4363.21A     4.220    0.0048      Blnd                1650.00A     6.907    2.3465
He 1                4713.14A     4.118    0.0038      O  3                1002.49A     3.839    0.0020      Blnd                8446.00A     6.410    0.7474
Blnd                4713.17A     4.406    0.0074      O  3                599.590A     3.718    0.0015      Blnd                1304.00A     7.170    4.3001
He 1                4471.69A     4.443    0.0081      O  3                525.794A     3.555    0.0010      Blnd                1039.00A     3.656    0.0013
He 1                4471.49A     4.263    0.0053      O  3                597.814A     3.576    0.0011      Blnd                1.13000m     6.278    0.5515
He 1                4471.47A     4.480    0.0088      O  5                1218.34A     6.340    0.6361      Blnd                2798.00A     7.184    4.4370
Blnd                4471.50A     4.882    0.0221      O  5                629.732A     4.462    0.0084      Blnd                1256.00A     4.399    0.0073
He 1                4120.81A     3.685    0.0014      P  4                950.657A     4.060    0.0033      Blnd                1198.00A     5.213    0.0474
Blnd                4120.84A     3.953    0.0026      S  2                1259.52A     4.026    0.0031      Blnd                1720.00A     5.249    0.0516
He 1                4026.36A     3.925    0.0024      S  2                1253.81A     3.944    0.0026      Blnd                1406.00A     5.771    0.1713
He 1                4026.20A     4.041    0.0032      S  2                1250.58A     3.753    0.0016      Blnd                1199.00A     5.155    0.0416
He 1                4026.19A     4.258    0.0053      S  2                1204.32A     3.594    0.0011      Blnd                5892.00A     4.039    0.0032
Blnd                4026.21A     4.574    0.0109      S  3                1713.11A     4.680    0.0139      Blnd                2665.00A     5.709    0.1487
Blnd                3867.49A     3.566    0.0011      S  3                1728.94A     5.113    0.0376      Blnd                1860.00A     5.590    0.1132
He 1                3819.76A     3.669    0.0014      S  3                1190.20A     4.256    0.0052      Blnd                2335.00A     5.824    0.1938
He 1                3819.61A     3.868    0.0021      S  3                1194.45A     4.190    0.0045      Blnd                1888.00A     6.696    1.4435
He 1                3819.60A     4.090    0.0036      S  3                1202.12A     3.618    0.0012      Blnd                1397.00A     6.612    1.1878
Blnd                3819.62A     4.386    0.0071      S  3                1194.06A     4.516    0.0095      Blnd                8579.00A     5.424    0.0771
He 1                3704.76A     3.766    0.0017      S  3                1201.73A     4.399    0.0073      Blnd                3933.00A     5.529    0.0982
He 1                3704.75A     3.988    0.0028      S  3                1200.97A     4.831    0.0197      Blnd                1657.00A     4.183    0.0044
Blnd                3704.77A     4.272    0.0054      S  3                1015.50A     3.800    0.0018      Blnd                2326.00A     5.937    0.2515
He 1                3634.08A     3.565    0.0011      S  3                1012.50A     3.789    0.0018      Blnd                1335.00A     5.639    0.1265
He 1                3634.07A     3.785    0.0018      S  3                1015.57A     3.768    0.0017      Blnd                1909.00A     6.795    1.8118
Blnd                3634.09A     4.058    0.0033      S  3                1021.11A     3.820    0.0019      Blnd                1176.00A     5.878    0.2193
He 1                3587.15A     3.690    0.0014      S  3                1015.78A     4.022    0.0031      Blnd                1549.00A     7.728   15.5472
Blnd                3587.17A     3.958    0.0026      S  3                1021.32A     4.090    0.0036      Blnd                1085.00A     4.669    0.0136
He 1                3554.33A     3.605    0.0012      S  3                1077.16A     4.223    0.0049      Blnd                2141.00A     5.063    0.0336
Blnd                3554.35A     3.869    0.0021      S  5                1199.13A     5.155    0.0416      Blnd                1750.00A     6.118    0.3808
Blnd                3530.44A     3.778    0.0017      S  5                786.468A     4.029    0.0031      Blnd                990.000A     5.742    0.1603
Blnd                3512.48A     3.685    0.0014      Si 2                2334.41A     5.226    0.0489      Blnd                1486.00A     6.505    0.9291
Blnd                3498.62A     3.595    0.0011      Si 2                2328.52A     3.663    0.0013      Blnd                1240.00A     6.421    0.7661
He 1                7281.35A     4.470    0.0086      Si 2                1808.01A     5.211    0.0472      Blnd                1666.00A     6.643    1.2783
He 1                6678.15A     4.960    0.0265      Si 2                1526.71A     4.682    0.0140      Blnd                5007.00A     3.821    0.0019
He 1                5047.74A     3.771    0.0017      Si 2                1304.37A     4.228    0.0049      Blnd                835.000A     4.838    0.0200
He 1                4921.93A     4.520    0.0096      Si 2                1260.42A     4.535    0.0100      Blnd                1402.00A     6.535    0.9962
He 1                4387.93A     4.236    0.0050      Si 2                1193.29A     4.470    0.0086      Blnd                789.000A     4.958    0.0264
He 1                4143.76A     3.989    0.0028      Si 2                1190.42A     4.574    0.0109      Blnd                1218.00A     6.340    0.6361
He 1                4009.05A     3.890    0.0023      Si 2                2350.17A     5.332    0.0624      Blnd                1035.00A     6.117    0.3803
He 1                3926.41A     3.720    0.0015      Si 2                2344.20A     4.772    0.0172



 
 Cooling:  H  1c                     0  :0.189 C  3c                     0  :0.060 C  4c                     0  :0.268 Mg 2c                     0  :0.098 HFFc                      0  :0.060  
 Heating:  BFH1                      0  :0.189 BFHe                      0  :0.423 TotM                      0  :0.359  

 These are some of the most important databases used by Cloudy:
 Many recombination coefficients were taken from http://amdpp.phys.strath.ac.uk/tamoc/RR/ and http://amdpp.phys.strath.ac.uk/tamoc/DR/
      and are based on the following papers:
        Badnell N. R., et al., A&A 406, 1151 (2003) [http://adsabs.harvard.edu/abs/2003A%26A...406.1151B]
        Badnell N. R., ApJS 167, 334 (2006) [http://adsabs.harvard.edu/abs/2006ApJS..167..334B]
 Much of the molecular emission data is from LAMDA as accessed on June 30, 2015. This database is described in:
        Schoeier F.L., et al., A&A 432, 369 (2005) [http://adsabs.harvard.edu/abs/2005A%26A...432..369S]
      This database is in part based on the work of the following groups:
        JPL: Pickett H. M. et al., JQSRT, 60, 883 (1998). [http://adsabs.harvard.edu/abs/1998JQSRT..60..883P]
        CDMS: Mueller H. S. et al., A&A 370, L49 (2001). [http://adsabs.harvard.edu/abs/2001A%26A...370L..49M]
              Mueller H. S. et al., J. Mol. Struct. 742, 215 (2005). [http://adsabs.harvard.edu/abs/2005JMoSt.742..215M]
 Some of the ionic emission data is from a reprocessed version of 10.1 of CHIANTI. CHIANTI is a collaborative project involving the NRL (USA), the
      Universities of Florence (Italy) and Cambridge (UK), and George Mason University (USA). These papers describe Chianti:
        Dere K. P., et al., A&AS, 125, 149 (1997) [http://adsabs.harvard.edu/abs/1997A%26AS..125..149D]
        Dere, K. P., et al., APJ, 268, 52 (2023) [https://ui.adsabs.harvard.edu/abs/2023ApJS..268...52D]
      This paper describes the reprocessed version of Chianti used:
        Gunasekera, C. M., et al., Astronomy, 1, 255. (2022) [https://ui.adsabs.harvard.edu/abs/2022Astro...1..255G]
 Much of the H_2 data is from this web site: http://molat.obspm.fr/index.php?page=pages/Molecules/H2/H2can94.php. These data are
      described in:
        Abgrall H. et al., Can. J. Phys., 72, 856 (1994) [http://adsabs.harvard.edu/abs/1994CaJPh..72..856A]
        Wrathmall S. A. & Flower D. R., J. Phys. B, 40, 3221 (2007) [http://adsabs.harvard.edu/abs/2007JPhB...40.3221W]
 The Case A and Case B recombination predictions for one-electron systems are from
	Storey, P.J. & Hummer, D.G., 1995, MNRAS 272, 41 http://adsabs.harvard.edu/abs/1995MNRAS.272...41S
 The He I recombination predictions are from
	Porter, R. L.; Ferland, G. J.; Storey, P. J.; Detisch, M. J., 2012, MNRAS, 425, 28p http://adsabs.harvard.edu/abs/2012MNRAS.425L..28P
		http://adsabs.harvard.edu/abs/2013MNRAS.433L..89P

 If you find some process or data set to be particularly critical to a result, please follow the trail of references back to the
 original source and cite that.  This will support and encourage atomic, molecular, and chemical physicists to continue their
 valuable work.

 IONIZE PARMET:  U(1-) -1.9768  U(4-): -2.5793  U(sp): -1.98  Q(ion):   16.492  L(ion)  8.486    Q(low): 20.712    L(low)  8.616
 ENERGY BUDGET:  Heat:   8.319  Coolg:   8.319  Error:  0.0%  Rec Lin:   6.609  F-F  H  0.000    P(rad/tot)max     2.34E-01    R(F Con):1.737e+05

     Col(Heff):      7.848E+21  snd travl time  9.83E+05 sec  Te-low: 8.33E+03  Te-hi: 2.25E+04  G0TH85: 3.53E+10  G0DB96:3.27E+10
  Emiss Measure    n(e)n(p) dl       5.441E+31  n(e)n(He+)dl         2.060E+30  En(e)n(He++) dl         7.027E+29  ne nC+:1.07E+28
 He/Ha:1.27E-01  =   1.27*true  Lthin:2.16E-02  itr/zn: 5.30  H2 itr/zn:  0.00  File Opacity: F  MassTot 2.37e-02  (gm/cm^2)
   Temps(21 cm)   T(21cm/Ly a)  8.15E+03        T(<nH/Tkin>)  8.60E+03          T(<nH/Tspin>)    8.72E+03          TB21cm:8.27E+01
                   N(H0/Tspin)  3.65E+17        N(OH/Tkin)    2.07E+05          B(21cm)          0.00E+00
   <a>:5.11E-01  erdeFe4.7E+15  Tcompt2.58E-07  Tthr9.60E+02  <Tden>: 1.10E+04  <dens>:2.37E-14  <MolWgt>8.02E-01
     Mean Jeans  l(cm)4.09E+16  M(sun)4.25E+02  smallest:     len(cm):3.61E+16  M(sun):2.93E+02  a_ox tran: -1.04
 Rion:1.000E+30  Dist:0.00E+00  Diam:0.000E+00
 Hatom level 70  HatomType: add  HInducImp  T  He tot level: 63  He2 level:   70  ExecTime   212.8
 ConvrgError(%)  <eden>  0.141  MaxEden  0.758  <H-C>   0.18  Max(H-C)    0.50  <Press>   0.000  MaxPrs er  0.000
  Continuity(%)  chng Te   1.3  elec den   5.1  n(H2)    0.0  n(CO)        0.0

                                                        Averaged Quantities
             Te      Te(Ne)   Te(NeNp)  Te(NeHe+)Te(NeHe2+) Te(NeO+)  Te(NeO2+)  Te(H2)     N(H)     Ne(O2+)   Ne(Np)
 Radius:  1.10e+04  1.23e+04  1.35e+04  1.68e+04  2.13e+04  9.08e+03  1.73e+04  8.59e+03  1.00e+10  1.11e+10  7.98e+09

 Contin Optical Depths: COMP: 4.75e-03    H-: 6.39e-04 R(1300): 2.13e-02  H2+: 5.04e-05  Bra:5.34E-03
                          Pa: 6.28e-03    Ba: 1.24e-02      Hb: 8.20e-03   La: 5.26e+01     1r:2.018E+04  1.8:9.48E+03 4.:2.018E+03

 Old, new H  1 continuum optical depths:
     1 2.03e+04     2 2.62e-01     3 1.41e-02     4 1.41e-02     5 1.41e-02     6 4.54e-03     7 4.54e-03     8 4.54e-03
     9 4.54e-03    10 2.60e-03    11 2.60e-03    12 2.60e-03    13 2.60e-03    14 2.60e-03    15 1.04e-03    16 1.04e-03
    17 1.04e-03    18 1.04e-03    19 1.04e-03    20 1.04e-03    21 7.48e-04    22 7.48e-04    23 7.48e-04    24 7.48e-04
    25 7.48e-04    26 7.48e-04    27 7.48e-04    28 7.61e-04    29 7.61e-04    30 7.61e-04    31 7.61e-04    32 7.61e-04
    33 7.61e-04    34 7.61e-04    35 7.61e-04    36 9.49e-04    37 9.49e-04    38 9.49e-04    39 9.49e-04    40 9.49e-04
    41 9.49e-04    42 9.49e-04    43 9.49e-04    44 9.49e-04    45 1.29e-03    46 1.29e-03    47 1.29e-03    48 1.29e-03
    49 1.29e-03    50 1.29e-03    51 1.29e-03    52 1.29e-03    53 1.29e-03    54 1.29e-03
     1 2.02e+04     2 2.62e-01     3 1.40e-02     4 1.40e-02     5 1.40e-02     6 4.70e-03     7 4.70e-03     8 4.70e-03
     9 4.70e-03    10 2.67e-03    11 2.67e-03    12 2.67e-03    13 2.67e-03    14 2.67e-03    15 1.06e-03    16 1.06e-03
    17 1.06e-03    18 1.06e-03    19 1.06e-03    20 1.06e-03    21 7.54e-04    22 7.54e-04    23 7.54e-04    24 7.54e-04
    25 7.54e-04    26 7.54e-04    27 7.54e-04    28 7.65e-04    29 7.65e-04    30 7.65e-04    31 7.65e-04    32 7.65e-04
    33 7.65e-04    34 7.65e-04    35 7.65e-04    36 9.54e-04    37 9.54e-04    38 9.54e-04    39 9.54e-04    40 9.54e-04
    41 9.54e-04    42 9.54e-04    43 9.54e-04    44 9.54e-04    45 1.29e-03    46 1.29e-03    47 1.29e-03    48 1.29e-03
    49 1.29e-03    50 1.29e-03    51 1.29e-03    52 1.29e-03    53 1.29e-03    54 1.29e-03

 Old, new H  1 mean line optical depths:
  2- 1 3.62e+08  3- 2 1.61e+04  4- 3 1.71e+03  5- 4 7.87e+02  6- 5 1.00e+03  7- 6 4.26e+02  8- 7 2.76e+02
  9- 8 2.07e+02 10- 9 1.73e+02 11-10 1.53e+02 12-11 1.40e+02 13-12 1.32e+02 14-13 1.26e+02 15-14 1.22e+02 16-15 1.21e+02
 17-16 1.23e+02 18-17 1.27e+02 19-18 1.32e+02 20-19 1.41e+02 21-20 1.51e+02 22-21 1.64e+02 23-22 1.81e+02 24-23 2.03e+02
 25-24 2.42e+02
  2- 1 3.59e+08  3- 2 1.71e+04  4- 3 1.73e+03  5- 4 8.27e+02  6- 5 1.01e+03  7- 6 4.21e+02  8- 7 2.70e+02
  9- 8 2.01e+02 10- 9 1.67e+02 11-10 1.48e+02 12-11 1.35e+02 13-12 1.27e+02 14-13 1.22e+02 15-14 1.19e+02 16-15 1.18e+02
 17-16 1.20e+02 18-17 1.24e+02 19-18 1.30e+02 20-19 1.38e+02 21-20 1.49e+02 22-21 1.62e+02 23-22 1.78e+02 24-23 2.00e+02
 25-24 2.38e+02

 Old, new He 2 continuum optical depths:
     1 2.02e+03     2 2.02e+04     3 5.44e-02     4 5.44e-02     5 5.44e-02     6 2.62e-01     7 2.62e-01     8 2.62e-01
     9 2.62e-01    10 5.23e-03    11 5.23e-03    12 5.23e-03    13 5.23e-03    14 5.23e-03    15 1.41e-02    16 1.41e-02
    17 1.41e-02    18 1.41e-02    19 1.41e-02    20 1.41e-02    21 2.57e-03    22 2.57e-03    23 2.57e-03    24 2.57e-03
    25 2.57e-03    26 2.57e-03    27 2.57e-03    28 4.54e-03    29 4.54e-03    30 4.54e-03    31 4.54e-03    32 4.54e-03
    33 4.54e-03    34 4.54e-03    35 4.54e-03    36 1.42e-03    37 1.42e-03    38 1.42e-03    39 1.42e-03    40 1.42e-03
    41 1.42e-03    42 1.42e-03    43 1.42e-03    44 1.42e-03    45 2.60e-03    46 2.60e-03    47 2.60e-03    48 2.60e-03
    49 2.60e-03    50 2.60e-03    51 2.60e-03    52 2.60e-03    53 2.60e-03    54 2.60e-03
     1 2.02e+03     2 2.01e+04     3 5.44e-02     4 5.44e-02     5 5.44e-02     6 2.62e-01     7 2.62e-01     8 2.62e-01
     9 2.62e-01    10 5.22e-03    11 5.22e-03    12 5.22e-03    13 5.22e-03    14 5.22e-03    15 1.40e-02    16 1.40e-02
    17 1.40e-02    18 1.40e-02    19 1.40e-02    20 1.40e-02    21 2.64e-03    22 2.64e-03    23 2.64e-03    24 2.64e-03
    25 2.64e-03    26 2.64e-03    27 2.64e-03    28 4.70e-03    29 4.70e-03    30 4.70e-03    31 4.70e-03    32 4.70e-03
    33 4.70e-03    34 4.70e-03    35 4.70e-03    36 1.46e-03    37 1.46e-03    38 1.46e-03    39 1.46e-03    40 1.46e-03
    41 1.46e-03    42 1.46e-03    43 1.46e-03    44 1.46e-03    45 2.67e-03    46 2.67e-03    47 2.67e-03    48 2.67e-03
    49 2.67e-03    50 2.67e-03    51 2.67e-03    52 2.67e-03    53 2.67e-03    54 2.67e-03

 Old, new He 2 mean line optical depths:
  2- 1 7.93e+06  3- 2 4.73e+00  4- 3 1.44e-03  5- 4 6.53e-04  6- 5-4.38e-04  7- 6 9.22e-04  8- 7-3.58e-03
  9- 8 2.33e-03 10- 9-1.38e-02 11-10-7.77e-03 12-11-5.71e-02 13-12-9.54e-02 14-13-1.91e-01 15-14-3.09e-01 16-15-4.61e-01
 17-16-6.16e-01 18-17-7.63e-01 19-18-9.22e-01 20-19-1.09e+00 21-20-1.22e+00 22-21-1.35e+00 23-22-1.56e+00 24-23-1.98e+00
 25-24-3.22e+00
  2- 1 7.94e+06  3- 2 4.73e+00  4- 3 1.57e-03  5- 4 6.53e-04  6- 5-4.35e-04  7- 6 9.21e-04  8- 7-3.58e-03
  9- 8 2.34e-03 10- 9-1.39e-02 11-10-7.81e-03 12-11-5.78e-02 13-12-9.43e-02 14-13-1.91e-01 15-14-3.08e-01 16-15-4.61e-01
 17-16-6.16e-01 18-17-7.62e-01 19-18-9.23e-01 20-19-1.09e+00 21-20-1.22e+00 22-21-1.35e+00 23-22-1.56e+00 24-23-1.98e+00
 25-24-3.22e+00

 Old He Is optical depths:    1 9.50e+03    2 1.05e-01    3 1.72e-01    4 2.21e-01    5 2.21e-01
 New He Is optical depths:    1 9.48e+03    2 1.05e-01    3 1.72e-01    4 2.21e-01    5 2.21e-01
          Old He Is Lines:  584 5.32e+07 3889 4.78e+01 5016 3.71e+00 5876 1.16e+02
          New He Is Lines:  584 5.32e+07 3889 4.78e+01 5016 3.71e+00 5876 1.20e+02

==== H      compounds ====           Log10 column densities [cm^-2]
   H2        : 11.697   H2*       : 10.779   H2+       : 12.857   H3+       :  6.168
==== He     compounds ====
   HeH+      : 12.101
==== Li     compounds ====
   LiH       :  0.377   LiH+      :  2.327
==== C      compounds ====
   CH        :  5.763   CH+       :  8.823   CH2       : -4.096   CH2+      : -0.660   CH3       :-13.160   CH3+      :-12.396
   CH4       :-22.610   CH4+      :-24.255   CH5+      :-30.853   C2        : -0.649   C2+       :  1.513   C2H       : -9.490
   C2H+      : -8.677   C2H2      :-20.125   C2H2+     :-18.247   C2H3+     :-27.756   C3        :-24.823   C3+       :-14.473
   C3H       :-28.663   C3H+      :-24.760
==== N      compounds ====
   NH        :  7.259   NH+       :  7.441   NH2       : -2.892   NH2+      : -3.056   NH3       :-12.295   NH3+      :-13.629
   NH4+      :-26.600   CN        :  1.216   CN+       :  2.222   HCN       : -9.050   HCN+      : -7.474   HNC       :-11.480
   HCNH+     :-18.915   HC3N      :-35.930   N2        :  2.393   N2+       :  3.507   N2H+      :-13.576
==== O      compounds ====
   OH        :  9.248   OH+       :  9.157   H2O       : -1.093   H2O+      : -1.176   H3O+      :-10.979   CO        :  5.763
   CO+       :  5.130   HCO+      : -3.622   H2CO      :-17.048   NO        :  2.282   NO+       :  2.094   HNO       : -7.080
   HNO+      : -7.826   OCN       :-11.630   OCN+      :-10.083   N2O       :-11.942   O2        :  5.698   O2+       :  5.070
   NO2       :-13.682   NO2+      :-11.207
==== F      compounds ====
   HF        :  3.189   HF+       :  2.188   H2F+      : -9.459   CF+       : -0.523
==== Ne     compounds ====
   NeH+      :  7.105
==== Si     compounds ====
   SiH       : -2.844   SiH2      :-35.930   SiH2+     : -2.941   SiC       :-35.930   SiC+      :  6.017   SiCH2+    :-35.930
   SiC2      :-35.930   SiC2+     :-10.267   SiN       : -9.329   SiN+      :  1.554   SiNC      :-35.930   SiNC+     :-18.415
   SiO       :  0.877   SiO+      :  4.535   SiOH+     : -7.117
==== P      compounds ====
   PH        : -6.005   PH+       : -5.298   PH2       :-25.513   PH2+      : -6.422   PH3       :-26.941   PH3+      :-26.268
   CP        : -5.173   CP+       : -6.444   HCP       :-35.930   HCP+      :-18.130   PN        : -8.834   PN+       :-11.092
   PO        : -3.407   PO+       :  0.504
==== S      compounds ====
   HS        :  1.476   HS+       :  4.718   CS        : -3.861   CS+       : -0.801   HCS+      : -9.538   NS        : -2.853
   NS+       :  1.042   SO        : -1.903   SO+       :  3.022   OCS       :-14.188   OCS+      :-15.204   SO2       :-35.930
   SiS       : -9.328   SiS+      : -9.290   HSiS      :-35.930   HSiS+     :-13.079   S2        :-12.966   S2+       :-14.066
==== Cl     compounds ====
   HCl       : -0.871   HCl+      :  3.482   H2Cl+     : -7.742   CCl       :-35.930   CCl+      : -6.579   H2CCl+    :-35.930
   ClO       :-35.930   ClO+      :-35.930
==== Ar     compounds ====
   ArH+      :  7.195


               1      2      3      4      5      6      7      8      9     10     11     12     13     14     15     16     17

 Hydrogen   21.503 21.834 11.746 (H2)                Log10 Column density (cm^-2)
 Helium     20.874 20.284 19.777
 Lithium     9.365 13.277 11.912 11.815
 Beryllium   8.600 11.295 10.653 10.256  9.339
 Boron       8.479 12.668 11.409 12.031 11.247  9.845
 Carbon     14.775 18.260 17.535 17.248 17.012 15.879 14.067
 Nitrogen   16.361 17.802 16.959 16.876 16.283 15.923 14.381 12.177
 Oxygen     18.238 18.312 17.872 17.383 16.982 16.469 15.748 13.841 11.283
 Fluorine   13.987 14.065 13.823 13.018 12.994 12.270 11.239 10.423  8.176-30.000
 Neon       17.444 17.589 17.414 16.517 16.484 16.015 14.860 13.840 12.663 10.076-30.000
 Sodium     13.231 16.138 15.742 15.013 14.919 14.344 13.491 12.012 10.606  9.380-30.000-30.000
 Magnesium  14.838 17.318 17.010 16.145 16.149 15.827 15.042 13.821 12.511 10.976  9.496-30.000-30.000
 Aluminium  11.821 16.298 15.387 15.620 15.228 15.067 14.259 13.176 11.875 10.165  7.987-30.000-30.000-30.000
 Silicon    12.760 17.419 16.410 16.292 16.280 16.149 15.760 14.786 12.836 11.189-30.000-30.000-30.000-30.000-30.000
 Phosphorus 11.373 15.344 14.612 14.333 14.009 14.261 13.862 13.018 11.646  9.997  7.747-30.000-30.000-30.000-30.000-30.000
 Sulphur    13.162 17.094 16.459 16.118 15.640 15.759 15.796 15.173 13.793 12.040 10.236-30.000-30.000-30.000-30.000-30.000-30.000
 Chlorine   11.481 15.076 14.575 14.267 13.865 13.561 13.398 13.308 12.322 10.909  8.896-30.000-30.000-30.000-30.000-30.000-30.000
-30.000
 Argon      15.804 16.063 15.478 15.326 15.089 14.803 13.902 13.893 13.504 12.205 10.502  8.517-30.000-30.000-30.000-30.000-30.000
-30.000-30.000
 Potassium  11.155 14.828 14.634 14.062 13.823 13.442 12.761 11.979 11.513 11.073  9.539  7.520-30.000-30.000-30.000-30.000-30.000
-30.000-30.000-30.000
 Calcium    10.798 14.960 16.237 15.413 15.194 14.678 13.917 13.307 12.038 11.822 11.047  9.250-30.000-30.000-30.000-30.000-30.000
-30.000-30.000-30.000-30.000
 Scandium    8.051 12.213 12.885 12.569 12.036 11.783 10.803 10.294  8.998  8.005  6.985  6.574-30.000-30.000-30.000-30.000-30.000
-30.000-30.000-30.000-30.000-30.000
 Titanium   10.613 14.769 14.298 14.057 14.001 13.560 13.101 12.075 10.994  9.886  8.555  7.873  6.871-30.000-30.000-30.000-30.000
-30.000-30.000-30.000-30.000-30.000-30.000
 Vanadium   10.522 13.737 13.337 12.539 13.124 12.700 12.154 11.606 10.107  8.915  7.419  6.660  3.959-30.000-30.000-30.000-30.000
-30.000-30.000-30.000-30.000-30.000-30.000-30.000
 Chromium   11.008 15.437 14.965 14.364 14.589 14.405 14.078 13.397 12.493 10.891  9.499  8.310  7.570-30.000-30.000-30.000-30.000
-30.000-30.000-30.000-30.000-30.000-30.000-30.000-30.000
 Manganese  11.203 15.257 14.641 14.169 14.403 14.113 13.980 12.852 12.131 11.099  9.312  8.104-30.000-30.000-30.000-30.000-30.000
-30.000-30.000-30.000-30.000-30.000-30.000-30.000-30.000-30.000
 Iron       12.832 17.291 16.366 16.446 16.010 16.047 15.982 15.622 14.024 13.025 11.221  9.889-30.000-30.000-30.000-30.000-30.000
-30.000-30.000-30.000-30.000-30.000-30.000-30.000-30.000-30.000-30.000
 Cobalt     11.484 14.802 12.919 13.516 13.853 13.539 13.498 13.224 12.475 11.404 10.022  8.957  6.870-30.000-30.000-30.000-30.000
-30.000-30.000-30.000-30.000-30.000-30.000-30.000-30.000-30.000-30.000-30.000
 Nickel     12.231 16.135 14.530 15.081 14.857 14.847 14.805 14.637 14.018 13.153 11.448 10.558  9.092-30.000-30.000-30.000-30.000
-30.000-30.000-30.000-30.000-30.000-30.000-30.000-30.000-30.000-30.000-30.000-30.000
 Copper     10.580 13.986 13.488 13.088 12.634 12.747 12.739 12.703 12.167 11.446 10.157  8.310  7.422-30.000-30.000-30.000-30.000
-30.000-30.000-30.000-30.000-30.000-30.000-30.000-30.000-30.000-30.000-30.000-30.000-30.000
 Zinc       10.757 13.975 14.102 13.916 13.676 13.152 13.123 13.156 12.654 11.997 10.811  9.642  8.107  6.609-30.000-30.000-30.000
-30.000-30.000-30.000-30.000-30.000-30.000-30.000-30.000-30.000-30.000-30.000-30.000-30.000-30.000
 Exc state                  He[2] 14.738                 C+[2] 18.082                  C[1] 13.778                  C[2] 14.254
                             C[3] 14.474                  O[1] 17.964                  O[2] 17.745                  O[3] 17.287
                           Si+[1] 16.955                C+2[2] 15.326                C+2[3] 15.774                C+2[4] 16.027


 Hydrogen   -0.497 -0.166 -9.953 (H2)                 Log10 Mean Ionisation (over radius)
 Helium     -0.126 -0.716 -1.223
 Lithium    -3.944 -0.033 -1.398 -1.495
 Beryllium  -2.819 -0.124 -0.767 -1.164 -2.081
 Boron      -4.312 -0.122 -1.381 -0.759 -1.543 -2.945
 Carbon     -3.614 -0.129 -0.854 -1.142 -1.377 -2.510 -4.322
 Nitrogen   -1.569 -0.128 -0.971 -1.054 -1.647 -2.007 -3.549 -5.753
 Oxygen     -0.452 -0.378 -0.818 -1.308 -1.708 -2.221 -2.943 -4.849 -7.408
 Fluorine   -0.493 -0.415 -0.657 -1.462 -1.486 -2.210 -3.241 -4.057 -6.304
 Neon       -0.556 -0.411 -0.586 -1.483 -1.516 -1.985 -3.140 -4.160 -5.337 -7.924
 Sodium     -3.099 -0.192 -0.588 -1.317 -1.412 -1.986 -2.839 -4.318 -5.725 -6.951
 Magnesium  -2.703 -0.222 -0.530 -1.395 -1.391 -1.713 -2.498 -3.719 -5.030 -6.564 -8.044
 Aluminium  -4.649 -0.172 -1.082 -0.850 -1.241 -1.403 -2.211 -3.294 -4.595 -6.304 -8.483
 Silicon    -4.780 -0.122 -1.130 -1.249 -1.261 -1.392 -1.781 -2.754 -4.704 -6.352
 Phosphorus -4.132 -0.161 -0.893 -1.172 -1.496 -1.244 -1.644 -2.487 -3.860 -5.508 -7.758
 Sulphur    -4.103 -0.171 -0.806 -1.147 -1.625 -1.506 -1.469 -2.092 -3.471 -5.225 -7.029
 Chlorine   -3.800 -0.205 -0.706 -1.014 -1.416 -1.720 -1.883 -1.973 -2.959 -4.372 -6.385
 Argon      -0.595 -0.337 -0.922 -1.074 -1.311 -1.596 -2.497 -2.507 -2.896 -4.195 -5.898 -7.883
 Potassium  -3.966 -0.293 -0.487 -1.058 -1.297 -1.678 -2.359 -3.142 -3.607 -4.048 -5.582 -7.601
 Calcium    -5.561 -1.400 -0.123 -0.947 -1.166 -1.682 -2.442 -3.053 -4.322 -4.538 -5.312 -7.110
 Scandium   -5.120 -0.958 -0.285 -0.601 -1.135 -1.387 -2.368 -2.876 -4.173 -5.165 -6.186 -6.596
 Titanium   -4.408 -0.252 -0.724 -0.964 -1.020 -1.462 -1.920 -2.946 -4.027 -5.135 -6.466 -7.148 -8.150
 Vanadium   -3.478 -0.263 -0.663 -1.461 -0.876 -1.300 -1.846 -2.394 -3.893 -5.085 -6.581 -7.340-10.041
 Chromium   -4.663 -0.233 -0.705 -1.306 -1.081 -1.265 -1.592 -2.273 -3.177 -4.780 -6.171 -7.360 -8.101
 Manganese  -4.257 -0.202 -0.819 -1.291 -1.057 -1.346 -1.479 -2.608 -3.328 -4.360 -6.147 -7.355
 Iron       -4.619 -0.159 -1.084 -1.004 -1.440 -1.404 -1.468 -1.828 -3.426 -4.425 -6.229 -7.562
 Cobalt     -3.436 -0.119 -2.001 -1.404 -1.067 -1.381 -1.422 -1.696 -2.446 -3.516 -4.898 -5.963 -8.050
 Nickel     -4.019 -0.116 -1.720 -1.170 -1.393 -1.404 -1.446 -1.613 -2.232 -3.098 -4.802 -5.693 -7.159
 Copper     -3.630 -0.224 -0.722 -1.122 -1.576 -1.462 -1.471 -1.507 -2.042 -2.764 -4.053 -5.900 -6.788
 Zinc       -3.843 -0.625 -0.498 -0.684 -0.924 -1.448 -1.477 -1.444 -1.946 -2.603 -3.789 -4.958 -6.493 -7.991

               1      2      3      4      5      6      7      8      9     10     11     12     13     14     15     16     17

 Hydrogen   -0.622 -0.118-10.095 (H2)         Log10 Mean Ionisation (over radius*electron density)
 Helium     -0.212 -0.540 -1.007
 Lithium    -3.982 -0.055 -1.187 -1.276
 Beryllium  -2.868 -0.207 -0.596 -0.958 -1.867
 Boron      -4.374 -0.203 -1.226 -0.576 -1.337 -2.735
 Carbon     -3.682 -0.213 -0.699 -0.942 -1.168 -2.297 -4.107
 Nitrogen   -1.689 -0.207 -0.781 -0.854 -1.435 -1.793 -3.334 -5.536
 Oxygen     -0.574 -0.427 -0.628 -1.100 -1.491 -2.001 -2.722 -4.628 -7.185
 Fluorine   -0.591 -0.489 -0.525 -1.254 -1.270 -1.989 -3.020 -3.836 -6.082
 Neon       -0.650 -0.490 -0.481 -1.277 -1.298 -1.764 -2.919 -3.939 -5.115 -7.701
 Sodium     -3.193 -0.277 -0.507 -1.117 -1.198 -1.767 -2.619 -4.098 -5.504 -6.730
 Magnesium  -2.749 -0.305 -0.474 -1.197 -1.179 -1.495 -2.279 -3.499 -4.810 -6.344 -7.821
 Aluminium  -4.673 -0.249 -1.057 -0.741 -1.040 -1.190 -1.995 -3.077 -4.377 -6.086 -8.259
 Silicon    -4.852 -0.204 -0.977 -1.062 -1.060 -1.181 -1.566 -2.538 -4.487 -6.135
 Phosphorus -4.204 -0.247 -0.828 -0.999 -1.298 -1.038 -1.431 -2.272 -3.644 -5.292 -7.540
 Sulphur    -4.175 -0.258 -0.744 -0.955 -1.425 -1.301 -1.258 -1.878 -3.256 -5.010 -6.812
 Chlorine   -3.880 -0.298 -0.673 -0.821 -1.213 -1.515 -1.673 -1.759 -2.744 -4.156 -6.169
 Argon      -0.717 -0.410 -0.810 -0.879 -1.106 -1.388 -2.286 -2.294 -2.680 -3.978 -5.681 -7.662
 Potassium  -4.066 -0.392 -0.470 -0.862 -1.122 -1.469 -2.147 -2.929 -3.392 -3.832 -5.365 -7.381
 Calcium    -5.618 -1.471 -0.189 -0.770 -0.965 -1.472 -2.231 -2.841 -4.108 -4.324 -5.096 -6.892
 Scandium   -5.205 -1.050 -0.378 -0.509 -0.974 -1.179 -2.155 -2.663 -3.957 -4.951 -5.970 -6.381
 Titanium   -4.499 -0.346 -0.773 -0.779 -0.862 -1.253 -1.708 -2.731 -3.813 -4.919 -6.250 -6.930 -7.926
 Vanadium   -3.558 -0.358 -0.707 -1.274 -0.697 -1.091 -1.634 -2.181 -3.678 -4.870 -6.366 -7.123 -9.816
 Chromium   -4.763 -0.336 -0.708 -1.118 -0.892 -1.060 -1.379 -2.058 -2.962 -4.564 -5.955 -7.142 -7.878
 Manganese  -4.353 -0.300 -0.812 -1.102 -0.874 -1.141 -1.266 -2.391 -3.113 -4.143 -5.931 -7.136
 Iron       -4.704 -0.251 -1.068 -0.817 -1.248 -1.201 -1.254 -1.610 -3.208 -4.208 -6.012 -7.342
 Cobalt     -3.503 -0.202 -1.853 -1.220 -0.883 -1.180 -1.213 -1.480 -2.228 -3.299 -4.681 -5.746 -7.827
 Nickel     -4.098 -0.198 -1.549 -0.982 -1.204 -1.204 -1.237 -1.398 -2.015 -2.880 -4.584 -5.475 -6.940
 Copper     -3.709 -0.322 -0.727 -0.934 -1.385 -1.265 -1.262 -1.293 -1.826 -2.546 -3.835 -5.682 -6.570
 Zinc       -3.962 -0.727 -0.585 -0.657 -0.851 -1.252 -1.271 -1.231 -1.730 -2.385 -3.571 -4.741 -6.275 -7.769

               1      2      3      4      5      6      7      8      9     10     11     12     13     14     15     16     17

 Hydrogen    3.936  4.082  3.934 (H2)                  Log10 Mean Temperature (over radius)
 Helium      3.941  4.218  4.327
 Lithium     3.973  4.007  4.322  4.334
 Beryllium   3.968  3.944  4.213  4.306  4.328
 Boron       3.957  3.946  4.169  4.250  4.307  4.321
 Carbon      3.944  3.943  4.188  4.280  4.307  4.321  4.326
 Nitrogen    3.935  3.944  4.231  4.283  4.313  4.319  4.325  4.328
 Oxygen      3.936  3.951  4.236  4.308  4.323  4.329  4.331  4.332  4.334
 Fluorine    3.937  3.946  4.169  4.314  4.324  4.332  4.332  4.333  4.334
 Neon        3.938  3.945  4.140  4.311  4.330  4.334  4.334  4.334  4.334  4.334
 Sodium      3.938  3.943  4.108  4.296  4.326  4.334  4.334  4.334  4.335  4.335
 Magnesium   3.959  3.945  4.078  4.290  4.327  4.334  4.334  4.335  4.335  4.335  4.334
 Aluminium   3.980  3.950  4.037  4.144  4.295  4.327  4.332  4.333  4.334  4.334  4.329
 Silicon     3.951  3.943  4.161  4.228  4.288  4.322  4.330  4.333  4.334  4.334
 Phosphorus  3.944  3.944  4.067  4.213  4.278  4.309  4.325  4.330  4.332  4.332  4.337
 Sulphur     3.943  3.942  4.068  4.249  4.284  4.301  4.320  4.328  4.331  4.331  4.334
 Chlorine    3.941  3.940  4.034  4.257  4.291  4.302  4.315  4.325  4.329  4.331  4.332
 Argon       3.933  3.944  4.114  4.265  4.297  4.307  4.315  4.320  4.327  4.330  4.331  4.336
 Potassium   3.936  3.939  4.026  4.270  4.254  4.310  4.316  4.320  4.324  4.327  4.329  4.335
 Calcium     3.946  3.944  3.960  4.227  4.289  4.309  4.315  4.317  4.321  4.323  4.327  4.333
 Scandium    3.940  3.938  3.943  4.117  4.228  4.306  4.317  4.319  4.325  4.322  4.326  4.327
 Titanium    3.939  3.939  3.957  4.226  4.224  4.306  4.315  4.323  4.323  4.325  4.325  4.332  4.332
 Vanadium    3.940  3.939  3.960  4.212  4.233  4.309  4.314  4.320  4.324  4.324  4.326  4.333  4.339
 Chromium    3.940  3.938  3.977  4.219  4.248  4.304  4.319  4.324  4.325  4.327  4.328  4.333  4.334
 Manganese   3.938  3.939  3.986  4.221  4.241  4.304  4.322  4.326  4.325  4.329  4.328  4.335
 Iron        3.941  3.940  3.990  4.217  4.266  4.297  4.325  4.330  4.332  4.330  4.331  4.336
 Cobalt      3.945  3.942  4.109  4.199  4.229  4.292  4.314  4.327  4.330  4.330  4.331  4.331  4.334
 Nickel      3.943  3.942  4.145  4.214  4.246  4.289  4.316  4.329  4.332  4.332  4.332  4.332  4.335
 Copper      3.940  3.938  3.982  4.213  4.254  4.282  4.315  4.326  4.331  4.332  4.333  4.333  4.334
 Zinc        3.937  3.936  3.942  4.036  4.097  4.274  4.308  4.324  4.330  4.332  4.333  4.333  4.334  4.336

               1      2      3      4      5      6      7      8      9     10     11     12     13     14     15     16     17

 Hydrogen    3.940  4.130  3.938 (H2)          Log10 Mean Temperature (over radius*electron density)
 Helium      3.945  4.226  4.328
 Lithium     3.995  4.047  4.323  4.334
 Beryllium   3.986  3.951  4.224  4.308  4.328
 Boron       3.972  3.954  4.183  4.259  4.309  4.322
 Carbon      3.949  3.950  4.205  4.282  4.308  4.322  4.326
 Nitrogen    3.939  3.951  4.232  4.284  4.314  4.320  4.326  4.328
 Oxygen      3.939  3.958  4.238  4.310  4.323  4.330  4.331  4.332  4.334
 Fluorine    3.941  3.953  4.194  4.315  4.325  4.333  4.332  4.333  4.334
 Neon        3.941  3.951  4.174  4.313  4.330  4.334  4.334  4.334  4.334  4.334
 Sodium      3.942  3.949  4.146  4.297  4.327  4.334  4.334  4.334  4.334  4.335
 Magnesium   3.973  3.954  4.119  4.291  4.327  4.334  4.334  4.335  4.335  4.335  4.334
 Aluminium   4.005  3.962  4.074  4.176  4.296  4.327  4.332  4.333  4.334  4.334  4.329
 Silicon     3.961  3.950  4.175  4.230  4.289  4.323  4.331  4.333  4.334  4.334
 Phosphorus  3.951  3.952  4.100  4.222  4.279  4.310  4.326  4.330  4.332  4.332  4.337
 Sulphur     3.948  3.949  4.103  4.250  4.286  4.302  4.320  4.328  4.331  4.331  4.334
 Chlorine    3.946  3.946  4.068  4.259  4.293  4.304  4.316  4.325  4.329  4.331  4.332
 Argon       3.936  3.948  4.139  4.267  4.298  4.308  4.316  4.321  4.327  4.330  4.331  4.336
 Potassium   3.940  3.945  4.062  4.272  4.271  4.311  4.317  4.321  4.324  4.328  4.330  4.335
 Calcium     3.951  3.950  3.978  4.236  4.292  4.310  4.316  4.318  4.322  4.323  4.327  4.333
 Scandium    3.944  3.942  3.950  4.152  4.249  4.307  4.318  4.320  4.325  4.323  4.327  4.328
 Titanium    3.943  3.943  3.968  4.231  4.245  4.308  4.316  4.323  4.323  4.326  4.325  4.332  4.332
 Vanadium    3.943  3.943  3.973  4.214  4.242  4.311  4.315  4.321  4.325  4.324  4.327  4.333  4.339
 Chromium    3.944  3.941  3.992  4.220  4.251  4.305  4.320  4.325  4.326  4.327  4.328  4.334  4.334
 Manganese   3.942  3.943  4.005  4.222  4.247  4.306  4.322  4.327  4.326  4.329  4.328  4.335
 Iron        3.945  3.944  4.008  4.218  4.268  4.298  4.325  4.331  4.332  4.331  4.331  4.336
 Cobalt      3.950  3.947  4.121  4.201  4.233  4.294  4.315  4.328  4.330  4.330  4.331  4.331  4.334
 Nickel      3.948  3.948  4.151  4.215  4.248  4.290  4.317  4.329  4.332  4.332  4.333  4.333  4.335
 Copper      3.944  3.942  4.001  4.214  4.255  4.284  4.316  4.326  4.331  4.332  4.333  4.333  4.334
 Zinc        3.941  3.939  3.948  4.072  4.135  4.276  4.309  4.324  4.330  4.332  4.333  4.333  4.334  4.336

               1      2      3      4      5      6      7      8      9     10     11     12     13     14     15     16     17


---------------Convergence statistics---------------
      3.77 mean iterations/state convergence
      2.59 mean cx acceleration loops/iteration
      1.39 mean iso convergence loops/ion solve
      1.03 mean steps/chemistry solve
         1 mean step length searches/chemistry step
----------------------------------------------------

 Cloudy ends: 255 zones, 4 iterations. (single thread) ExecTime(s) 212.77
 [Stop in cdMain at maincl.cpp:590, Cloudy exited OK]
