                                                          Cloudy 25.00
                                                         www.nublado.org

                                                  PRNG seed: 0xc4a69009381b6c45

                       **************************************25Aug25**************************************
                       *                                                                                 *
                       * blackbody, T=1e5 K                                                              *
                       * luminosity total 38                                                             *
                       * radius 18                                                                       *
                       * hden 5                                                                          *
                       * sphere                                                                          *
                       * abundances "pn_none.abn"                                                        *
                       * iterate                                                                         *
                       * print last iteration                                                            *
                       * save overview "pn_none.ovr" last                                                *
                       * save continuum "pn_none.con" units microns last                                 *
                       *                                                                                 *
                       ***********************************************************************************



 NOTE Setcon: continuum has zero intensity starting at  7.6982e+01 Ryd.
  2054 cells in the incident continuum have zero intensity.  Problems???

           9244CellPeak1.79E+00   Lo 3.04e-09=  29.98m   Hi-Con:7.13E+06 Ryd   E(hi):7.35E+06Ryd     E(hi):     100.00 MeV
           L(nu>1ryd):  37.9510   Average nu:2.176E+00   L( X-ray):  27.6774   L(BalC):  37.0172     Q(Balmer C):  47.8589
           Q(1.0-1.8):  47.9252   Q(1.8-4.0):  47.9690   Q(4.0-20):  47.0417   Q(20--):  37.0124     Ion pht flx:1.498E+11
           L(gam ray):   0.0000   Q(gam ray):   0.0000   L(Infred):  35.4329   Alf(ox):   0.0000     Total lumin:  38.0000
           log L/Lsun:   4.4170   Abs bol mg:  -6.3026   Abs V mag:   0.0378   Bol cor:  -6.3404     nuFnu(Bbet):  35.5356
           U(1.0----):4.998E-05   U(4.0----):2.922E-06   T(En-Den):1.369E+01   T(Comp):9.580E+04     nuJnu(912A):1.978E+00
           Occ(FarIR):7.298E-08   Occ(H n=6):7.837E-15   Occ(1Ryd):9.120E-17   Occ(4R):6.292E-19     Occ (Nu-hi):0.000E+00
           Tbr(FarIR):3.508E-11   Tbr(H n=6):3.432E-11   Tbr(1Ryd):1.439E-11   Tbr(4R):3.980E-13     Tbr (Nu-hi):0.000E+00
  
                                                  Gas Phase Chemical Composition
        H :  0.0000  He: -1.0000  Li:-20.0000  Be:-20.0000  B :-20.0000  C : -3.1079  N : -3.7447  O : -3.3565  F : -6.5229
        Ne: -3.9586  Na: -5.7212  Mg: -5.7959  Al: -6.5686  Si: -5.0000  P : -6.6990  S : -5.0000  Cl: -6.7696  Ar: -5.5686
        K : -6.9208  Ca: -7.9208  Sc:-20.0000  Ti:-20.0000  V :-20.0000  Cr:-20.0000  Mn:-20.0000  Fe: -6.3010  Co:-20.0000
                                               Ni: -7.7447  Cu:-20.0000  Zn:-20.0000
 
 ####  1  Te:1.053E+04 Hden:1.000E+05 Ne:9.540E+04 R:1.000E+18 R-R0:8.767E+09 dR:1.753E+10 NTR:  9 Htot:3.993E-14 T912: 2.12e+02###
 Hydrogen      1.34e-01 8.66e-01 H+o/Hden 1.00e+00 8.97e-09 H-    H2 2.56e-12 6.34e-10 H2+ HeH+ 1.28e-09 Ho+ ColD 2.35e+14 1.52e+15
 Helium        1.00e-01 8.60e-01 3.96e-02 HeI 2s3S 4.51e-06 Comp H,C 3.26e-23 3.58e-24 Fill Fac 1.00e+00 Gam1/tot 9.99e-01
 He singlet n  1.00e-01 2.59e-10 2.17e-17 1.77e-17 1.64e-17 1.86e-17 He tripl 4.51e-06 1.03e-14 7.61e-17 3.92e-16 5.96e-17
 Pressure      NgasTgas 2.16e+09 P(total) 2.99e-07 P( gas ) 2.99e-07 P(Radtn) 0.00e+00 Rad accl 2.92e-05 ForceMul 4.09e+05
 Texc(La)      3.29e+03 T(I con) 1.37e+01 T(D con) 1.99e+00 T(U tot) 1.37e+01 nT (c+d) 3.79e+06 Prad/Gas 0.00e+00 Pmag/Gas 0.00e+00
 Molecules     CH/Ctot: 1.05e-09 CH+/Ctot 5.74e-11 CO/Ctot: 1.40e-12 CO+/Ctot 1.61e-14 H2O/Otot 1.08e-19 OH/Ototl 7.27e-10
 Lithium       2.84e-03 9.97e-01 5.60e-05 0.00e+00 Berylliu 5.51e-01 2.65e-01 1.84e-01 3.59e-07 0.00e+00 sec ion: 3.55e-13
 Boron         4.53e-02 8.37e-01 1.11e-01 6.25e-03 0.00e+00 0.00e+00
 Carbon        3.48e-02 6.56e-01 3.09e-01 1.28e-04 0.00e+00 0.00e+00 0.00e+00 H2O+/O   1.72e-20 OH+/Otot 2.44e-10 Hex(tot) 0.00e+00
 Nitrogen      5.58e-02 9.20e-01 2.39e-02 1.63e-05 0.00e+00 0.00e+00 0.00e+00 0.00e+00 O2/Ototl 2.46e-14 O2+/Otot 9.69e-15
 Oxygen        1.56e-01 8.23e-01 2.03e-02 1.10e-05 0.00e+00 0.00e+00 0.00e+00 0.00e+00 0.00e+00
 Fluorine      1.25e-02 5.41e-01 4.47e-01 7.56e-05 0.00e+00 0.00e+00 0.00e+00 0.00e+00 0.00e+00 0.00e+00
 Neon          1.12e-02 4.67e-01 5.22e-01 1.45e-04 0.00e+00 0.00e+00 0.00e+00 0.00e+00 0.00e+00 0.00e+00 0.00e+00
 Sodium        2.41e-04 5.23e-01 4.76e-01 1.63e-04 0.00e+00 0.00e+00 0.00e+00 0.00e+00 0.00e+00 0.00e+00 0.00e+00 0.00e+00
 Magnesium     2.23e-02 5.03e-01 4.75e-01 2.86e-05 0.00e+00 0.00e+00 0.00e+00 0.00e+00 0.00e+00 0.00e+00 0.00e+00 0.00e+00 0.00e+00
 Aluminium  0  6.02e-04 9.35e-01 5.47e-02 1.01e-02 0.00e+00 0.00e+00 0.00e+00 0.00e+00 0.00e+00 0.00e+00 0.00e+00 0.00e+00 0.00e+00
 Silicon    0  3.96e-03 8.88e-01 1.08e-01 2.71e-04 0.00e+00 0.00e+00 0.00e+00 0.00e+00 0.00e+00 0.00e+00 0.00e+00 0.00e+00 0.00e+00
 Phosphorus 0  3.24e-04 9.09e-01 8.98e-02 6.81e-04 0.00e+00 0.00e+00 0.00e+00 0.00e+00 0.00e+00 0.00e+00 0.00e+00 0.00e+00 0.00e+00
 Sulphur    0  1.83e-02 7.03e-01 2.79e-01 2.23e-04 0.00e+00 0.00e+00 0.00e+00 0.00e+00 0.00e+00 0.00e+00 0.00e+00 0.00e+00 0.00e+00
 Chlorine   0  1.00e-03 7.59e-01 2.40e-01 2.36e-04 0.00e+00 0.00e+00 0.00e+00 0.00e+00 0.00e+00 0.00e+00 0.00e+00 0.00e+00 0.00e+00
 Argon      0  3.81e-03 1.79e-01 8.17e-01 3.18e-04 0.00e+00 0.00e+00 0.00e+00 0.00e+00 0.00e+00 0.00e+00 0.00e+00 0.00e+00 0.00e+00
 Potassium  0  7.94e-05 7.19e-01 2.81e-01 1.04e-04 0.00e+00 0.00e+00 0.00e+00 0.00e+00 0.00e+00 0.00e+00 0.00e+00 0.00e+00 0.00e+00
 Calcium    0  1.14e-03 5.38e-01 4.58e-01 3.38e-03 2.23e-07 0.00e+00 0.00e+00 0.00e+00 0.00e+00 0.00e+00 0.00e+00 0.00e+00 0.00e+00
 Scandium   0  1.42e-04 1.35e-01 5.37e-01 3.28e-01 1.75e-04 0.00e+00 0.00e+00 0.00e+00 0.00e+00 0.00e+00 0.00e+00 0.00e+00 0.00e+00
 Titanium   0  3.62e-05 4.30e-01 5.51e-01 1.86e-02 4.15e-04 0.00e+00 0.00e+00 0.00e+00 0.00e+00 0.00e+00 0.00e+00 0.00e+00 0.00e+00
 Vanadium   0  6.56e-04 2.47e-01 7.48e-01 4.31e-03 5.32e-04 0.00e+00 0.00e+00 0.00e+00 0.00e+00 0.00e+00 0.00e+00 0.00e+00 0.00e+00
 Chromium   0  1.11e-03 3.01e-01 6.96e-01 1.82e-03 5.68e-05 0.00e+00 0.00e+00 0.00e+00 0.00e+00 0.00e+00 0.00e+00 0.00e+00 0.00e+00
 Manganese  0  4.05e-05 4.19e-01 5.80e-01 1.22e-03 5.74e-05 0.00e+00 0.00e+00 0.00e+00 0.00e+00 0.00e+00 0.00e+00 0.00e+00 0.00e+00
 Iron       0  6.48e-05 5.97e-01 3.98e-01 4.28e-03 5.37e-06 0.00e+00 0.00e+00 0.00e+00 0.00e+00 0.00e+00 0.00e+00 0.00e+00 0.00e+00
 Cobalt     0  1.81e-02 9.39e-01 4.22e-02 3.76e-04 4.62e-06 0.00e+00 0.00e+00 0.00e+00 0.00e+00 0.00e+00 0.00e+00 0.00e+00 0.00e+00
 Nickel     0  1.76e-04 9.62e-01 3.72e-02 1.06e-04 3.18e-07 0.00e+00 0.00e+00 0.00e+00 0.00e+00 0.00e+00 0.00e+00 0.00e+00 0.00e+00
 Copper     0  6.51e-03 2.49e-01 7.43e-01 1.92e-03 9.02e-07 0.00e+00 0.00e+00 0.00e+00 0.00e+00 0.00e+00 0.00e+00 0.00e+00 0.00e+00
 Zinc       0  7.57e-03 1.32e-01 5.96e-01 2.56e-01 9.19e-03 3.77e-07 0.00e+00 0.00e+00 0.00e+00 0.00e+00 0.00e+00 0.00e+00 0.00e+00
 ####145  Te:3.983E+03 Hden:1.000E+05 Ne:1.234E+03 R:1.000E+18 R-R0:4.184E+14 dR:1.321E+12 NTR:  6 Htot:6.029E-17 T912: 4.24e+02###
 Hydrogen      9.91e-01 9.00e-03 H+o/Hden 1.00e+00 2.74e-08 H-    H2 3.31e-06 1.36e-09 H2+ HeH+ 3.64e-09 Ho+ ColD 3.34e+19 8.53e+18
 Helium        9.75e-01 2.47e-02 1.47e-04 HeI 2s3S 8.90e-08 Comp H,C 9.00e-26 1.73e-26 Fill Fac 1.00e+00 Gam1/tot 6.95e-01
 He singlet n  9.75e-01 7.72e-14 7.48e-19 9.73e-21 4.54e-20 1.62e-20 He tripl 8.90e-08 2.13e-18 2.22e-20 2.37e-19 4.50e-20
 Pressure      NgasTgas 4.44e+08 P(total) 6.13e-08 P( gas ) 6.13e-08 P(Radtn) 1.86e-14 Rad accl 7.77e-07 ForceMul 8.56e+05
 Texc(La)      3.36e+03 T(I con) 7.84e+00 T(D con) 1.32e+01 T(U tot) 1.36e+01 nT (c+d) 5.09e+06 Prad/Gas 3.03e-07 Pmag/Gas 0.00e+00
 Molecules     CH/Ctot: 2.04e-08 CH+/Ctot 1.31e-07 CO/Ctot: 8.44e-07 CO+/Ctot 3.35e-09 H2O/Otot 1.90e-11 OH/Ototl 7.80e-06
 Lithium       2.04e-03 9.98e-01 6.72e-07 0.00e+00 Berylliu 3.81e-03 9.87e-01 9.44e-03 1.57e-06 0.00e+00 sec ion: 1.77e-12
 Boron         4.97e-04 9.99e-01 1.53e-05 1.57e-07 0.00e+00 0.00e+00
 Carbon        4.08e-03 9.95e-01 5.13e-04 0.00e+00 0.00e+00 0.00e+00 0.00e+00 H2O+/O   3.97e-12 OH+/Otot 1.48e-06 Hex(tot) 0.00e+00
 Nitrogen      9.96e-01 3.96e-03 4.53e-09 0.00e+00 0.00e+00 0.00e+00 0.00e+00 0.00e+00 O2/Ototl 6.16e-10 O2+/Otot 1.22e-09
 Oxygen        9.93e-01 7.02e-03 2.35e-08 0.00e+00 0.00e+00 0.00e+00 0.00e+00 0.00e+00 0.00e+00
 Fluorine      7.84e-01 2.10e-01 6.01e-03 0.00e+00 0.00e+00 0.00e+00 0.00e+00 0.00e+00 0.00e+00 0.00e+00
 Neon          6.69e-01 3.10e-01 2.06e-02 0.00e+00 0.00e+00 0.00e+00 0.00e+00 0.00e+00 0.00e+00 0.00e+00 0.00e+00
 Sodium        1.44e-02 8.99e-01 8.67e-02 4.00e-07 0.00e+00 0.00e+00 0.00e+00 0.00e+00 0.00e+00 0.00e+00 0.00e+00 0.00e+00
 Magnesium     4.94e-03 9.50e-01 4.46e-02 0.00e+00 0.00e+00 0.00e+00 0.00e+00 0.00e+00 0.00e+00 0.00e+00 0.00e+00 0.00e+00 0.00e+00
 Aluminium  0  2.92e-04 9.39e-01 2.98e-02 3.10e-02 0.00e+00 0.00e+00 0.00e+00 0.00e+00 0.00e+00 0.00e+00 0.00e+00 0.00e+00 0.00e+00
 Silicon    0  4.16e-04 1.00e+00 1.69e-06 9.06e-07 0.00e+00 0.00e+00 0.00e+00 0.00e+00 0.00e+00 0.00e+00 0.00e+00 0.00e+00 0.00e+00
 Phosphorus 0  6.73e-04 9.98e-01 1.59e-03 2.56e-07 0.00e+00 0.00e+00 0.00e+00 0.00e+00 0.00e+00 0.00e+00 0.00e+00 0.00e+00 0.00e+00
 Sulphur    0  2.59e-03 9.93e-01 4.78e-03 0.00e+00 0.00e+00 0.00e+00 0.00e+00 0.00e+00 0.00e+00 0.00e+00 0.00e+00 0.00e+00 0.00e+00
 Chlorine   0  1.81e-03 9.92e-01 6.42e-03 0.00e+00 0.00e+00 0.00e+00 0.00e+00 0.00e+00 0.00e+00 0.00e+00 0.00e+00 0.00e+00 0.00e+00
 Argon      0  9.21e-01 7.76e-02 1.66e-03 0.00e+00 0.00e+00 0.00e+00 0.00e+00 0.00e+00 0.00e+00 0.00e+00 0.00e+00 0.00e+00 0.00e+00
 Potassium  0  3.86e-03 9.75e-01 2.10e-02 0.00e+00 0.00e+00 0.00e+00 0.00e+00 0.00e+00 0.00e+00 0.00e+00 0.00e+00 0.00e+00 0.00e+00
 Calcium    0  6.51e-04 3.04e-01 6.95e-01 1.79e-05 0.00e+00 0.00e+00 0.00e+00 0.00e+00 0.00e+00 0.00e+00 0.00e+00 0.00e+00 0.00e+00
 Scandium   0  6.26e-04 6.39e-01 3.60e-01 5.79e-04 0.00e+00 0.00e+00 0.00e+00 0.00e+00 0.00e+00 0.00e+00 0.00e+00 0.00e+00 0.00e+00
 Titanium   0  1.86e-04 9.81e-01 1.84e-02 2.06e-06 5.28e-05 0.00e+00 0.00e+00 0.00e+00 0.00e+00 0.00e+00 0.00e+00 0.00e+00 0.00e+00
 Vanadium   0  1.18e-02 9.65e-01 2.32e-02 2.58e-07 1.31e-06 0.00e+00 0.00e+00 0.00e+00 0.00e+00 0.00e+00 0.00e+00 0.00e+00 0.00e+00
 Chromium   0  4.01e-04 1.00e+00 3.26e-05 1.05e-07 1.78e-07 0.00e+00 0.00e+00 0.00e+00 0.00e+00 0.00e+00 0.00e+00 0.00e+00 0.00e+00
 Manganese  0  3.02e-04 1.00e+00 6.74e-05 9.74e-08 2.94e-07 0.00e+00 0.00e+00 0.00e+00 0.00e+00 0.00e+00 0.00e+00 0.00e+00 0.00e+00
 Iron       0  1.50e-04 1.00e+00 1.33e-05 2.96e-07 0.00e+00 0.00e+00 0.00e+00 0.00e+00 0.00e+00 0.00e+00 0.00e+00 0.00e+00 0.00e+00
 Cobalt     0  1.56e-02 9.84e-01 5.46e-06 3.21e-07 0.00e+00 0.00e+00 0.00e+00 0.00e+00 0.00e+00 0.00e+00 0.00e+00 0.00e+00 0.00e+00
 Nickel     0  4.65e-04 1.00e+00 4.75e-06 0.00e+00 0.00e+00 0.00e+00 0.00e+00 0.00e+00 0.00e+00 0.00e+00 0.00e+00 0.00e+00 0.00e+00
 Copper     0  6.99e-03 9.86e-01 6.65e-03 0.00e+00 0.00e+00 0.00e+00 0.00e+00 0.00e+00 0.00e+00 0.00e+00 0.00e+00 0.00e+00 0.00e+00
 Zinc       0  5.29e-03 8.16e-01 1.74e-01 4.20e-03 2.52e-05 0.00e+00 0.00e+00 0.00e+00 0.00e+00 0.00e+00 0.00e+00 0.00e+00 0.00e+00
   
   Calculation stopped because lowest Te reached. Iteration 2 of 2
   The geometry is plane-parallel.
  !Suprathermal collisional ionization of H reached 30.46% of the local H ionization rate.
  !Charge transfer H => H+ reached 8507.9% of the local H ionization rate.
  !Continuum zero at some energies.
  !AGE: Cloud age was not set.  Longest timescale was 1.68e+09 s = 5.31e+01 years.
  !Mutual neutralization production of H-alpha was significant.
  !The CMB was not included.  This is added with the CMB command.
  !The C/O abundance ratio, 1.8, is greater than unity.  The chemistry will be carbon dominated.
   Charge transfer heating reached 3.80% of the local heating.
   The density is too low to l-mix the lowest H  I collapsed level.  More resolved levels are needed for accurate line ratios.
   The density is too low to l-mix the lowest He I collapsed level.  More resolved levels are needed for accurate line ratios.
   Grains were not present but might survive in this environment (energy density temperature was 1.37e+01K)
   The continuum optical depth at the lowest energy considered (3.045e-09 Ryd) was 1.910e+03.

                       *********************************> Cloudy 25.00 <**********************************
                       * blackbody, T=1e5 K                                                              *
                       * luminosity total 38                                                             *
                       * radius 18                                                                       *
                       * hden 5                                                                          *
                       * sphere                                                                          *
                       * abundances "pn_none.abn"                                                        *
                       * iterate                                                                         *
                       * print last iteration                                                            *
                       * save overview "pn_none.ovr" last                                                *
                       * save continuum "pn_none.con" units microns last                                 *
                       *********************************> Log(U): -4.30 <*********************************

                     Emission Line Spectrum.   Constant  Density Model.  Closed geometry.  Iteration 2 of 2.
                                    Luminosity (erg/s) emitted by a shell with full coverage.


                                                   Intrinsic line intensities
general properties..............................      Ca B                3682.81A    33.888    0.0088      He 1                9526.01A    33.211    0.0019
Inci                      0     38.000  114.3319      Ca B                3679.35A    33.838    0.0079      He 1                9210.23A    33.062    0.0013
TotH                      0     37.629   48.6318      Ca B                3676.36A    33.789    0.0070      He 1                1.86972m    33.704    0.0058
TotC                      0     37.629   48.6062      Ca B                3673.76A    33.743    0.0063      He 1                1.27905m    33.373    0.0027
BFH1                      0     37.516   37.4885      Ca B                3671.48A    33.698    0.0057      He 1                1.09171m    33.102    0.0014
BFHe                      0     36.934    9.8244      Ca B                1.87510m    35.453    0.3246      He 1                1.90894m    33.118    0.0015
TotM                      0     35.940    0.9954      Ca B                1.28181m    35.145    0.1598      He 1                4.03663m    33.113    0.0015
CT H                      0     35.448    0.3210      Ca B                1.09381m    34.892    0.0891      He 1                2.61850m    32.979    0.0011
H FB                      0     36.267    2.1142      Ca B                1.00494m    34.681    0.0548      He 1                4.04791m    33.467    0.0033
HFBc                      0     36.267    2.1142      Ca B                9545.97A    34.501    0.0362      He 1                2.62337m    33.169    0.0017
H  1c                     0     37.143   15.8776      Ca B                9229.02A    34.345    0.0253      He 1                4.04793m    32.983    0.0011
He 1c                     0     35.923    0.9572      Ca B                9014.91A    34.206    0.0184      Ca B                2945.10A    34.402    0.0288
Ar 2c                     0     35.046    0.1271      Ca B                8862.79A    34.083    0.0139      Ca B                3187.74A    34.739    0.0627
Ar 3c                     0     35.718    0.5974      Ca B                8750.48A    33.973    0.0108      Ca B                3613.64A    33.821    0.0076
C  1c                     0     35.741    0.6295      Ca B                8665.02A    33.875    0.0086      Ca B                3888.64A    35.181    0.1733
C  2c                     0     36.664    5.2739      Ca B                8598.40A    33.786    0.0070      Ca B                3964.73A    34.130    0.0154
C  3c                     0     35.769    0.6711      Ca B                8545.39A    33.706    0.0058      Ca B                4026.20A    34.429    0.0307
F  2c                     0     33.752    0.0065      Ca B                8502.49A    33.632    0.0049      Ca B                4120.82A    33.431    0.0031
Fe 2c                     0     35.486    0.3499      Ca B                8467.26A    33.565    0.0042      Ca B                4387.93A    33.861    0.0083
Fe 3c                     0     34.263    0.0209      Ca B                8437.96A    33.502    0.0036      Ca B                4437.55A    33.015    0.0012
K  3c                     0     33.578    0.0043      Ca B                8413.32A    33.444    0.0032      Ca B                4471.49A    34.761    0.0659
Mg 1c                     0     34.190    0.0177      Ca B                8392.40A    33.388    0.0028      Ca B                4713.16A    33.877    0.0086
N  1c                     0     35.664    0.5269      Ca B                8374.48A    33.336    0.0025      Ca B                4921.93A    34.198    0.0181
Na 1c                     0     33.050    0.0013      Ca B                8359.01A    33.286    0.0022      Ca B                5015.68A    34.544    0.0400
Ne 2c                     0     35.828    0.7688      Ca B                8345.56A    33.238    0.0020      Ca B                5047.74A    33.417    0.0030
Ne 3c                     0     36.110    1.4738      Ca B                8333.79A    33.191    0.0018      Ca B                5875.64A    35.247    0.2019
O  1c                     0     36.278    2.1675      Ca B                4.05115m    34.819    0.0753      Ca B                6678.15A    34.692    0.0563
O  2c                     0     36.367    2.6623      Ca B                2.62515m    34.583    0.0437      Ca B                7065.21A    34.755    0.0650
O  3c                     0     35.268    0.2119      Ca B                2.16553m    34.373    0.0270      Ca B                7281.35A    34.058    0.0131
P  2c                     0     34.870    0.0847      Ca B                1.94456m    34.193    0.0178      Ca B                9463.58A    33.145    0.0016
S  1c                     0     33.202    0.0018      Ca B                1.81741m    34.035    0.0124      Ca B                1.08302m    36.290    2.2300
S  2c                     0     36.285    2.2059      Ca B                1.73621m    33.895    0.0090      Ca B                1.19691m    33.432    0.0031
S  3c                     0     35.715    0.5928      Ca B                1.68065m    33.769    0.0067      Ca B                1.25275m    33.244    0.0020
Si 2c                     0     35.424    0.3035      Ca B                1.64072m    33.655    0.0052      Ca B                1.27849m    33.943    0.0100
Si 3c                     0     34.154    0.0163      Ca B                1.61093m    33.552    0.0041      Ca B                1.27905m    33.484    0.0035
Al 2c                     0     34.473    0.0340      Ca B                1.58805m    33.459    0.0033      Ca B                1.29684m    32.963    0.0011
Ca 2c                     0     34.383    0.0276      Ca B                1.57007m    33.374    0.0027      Ca B                1.70025m    33.611    0.0047
Cl 2c                     0     34.832    0.0776      Ca B                1.55565m    33.296    0.0023      Ca B                1.86854m    34.325    0.0242
Cl 3c                     0     33.655    0.0052      Ca B                1.54389m    33.224    0.0019      Ca B                1.86972m    33.882    0.0087
Mg 2c                     0     35.540    0.3961      Ca B                1.53418m    33.157    0.0016      Ca B                1.90894m    33.164    0.0017
N  2c                     0     36.847    8.0301      Ca B                1.52605m    33.095    0.0014      Ca B                1.95431m    33.010    0.0012
N  3c                     0     33.281    0.0022      Ca B                1.51919m    33.037    0.0012      Ca B                2.05813m    34.811    0.0740
Na 3c                     0     34.031    0.0123      Ca B                1.51332m    32.982    0.0011      Ca B                2.11202m    33.061    0.0013
Ni 2c                     0     33.964    0.0105      Ca B                7.45782m    34.314    0.0236      Pho+                3889.00A    35.709    0.5847
continua........................................      Ca B                4.65251m    34.127    0.0153      extra Lyman.....................................
Bac                 3646.00A    37.131   15.4616      Ca B                3.73954m    33.950    0.0102      database lines..................................
nFnu                3645.00A    37.192   17.7811      Ca B                3.29609m    33.792    0.0071      Ar 2                6.98337m    35.046    0.1271
nFnu                3647.00A    36.307    2.3195      Ca B                3.03837m    33.651    0.0051      Ar 3                3109.18A    33.706    0.0058
cout                3646.00A    37.131   15.4616      Ca B                2.87221m    33.524    0.0038      Ar 3                5191.82A    33.371    0.0027
thin                3646.00A    37.131   15.4621      Ca B                2.75752m    33.408    0.0029      Ar 3                7135.79A    35.443    0.3172
Inci                4860.00A    35.536    0.3925      Ca B                2.67440m    33.303    0.0023      Ar 3                7751.11A    34.819    0.0753
Inci                1367.00A    37.006   11.5974      Ca B                2.61194m    33.206    0.0018      Ar 3                8.98898m    35.219    0.1895
Inci                2066.00A    36.556    4.1172      Ca B                2.56363m    33.117    0.0015      Ar 3                21.8253m    33.777    0.0068
Inci                1215.00A    37.125   15.2639      Ca B                2.52540m    33.036    0.0012      C  1                1561.44A    33.100    0.0014
Ba C                      0     36.466    3.3456      Ca B                2.49458m    32.960    0.0010      C  1                1656.27A    33.294    0.0022
PA C                      0     36.050    1.2817      Ca B                12.3685m    33.891    0.0089      C  1                1656.93A    33.020    0.0012
FIR                 83.0000m    35.345    0.2528      Ca B                7.50045m    33.739    0.0063      C  1                1657.01A    33.365    0.0027
TIR                 1800.00m    33.910    0.0093      Ca B                5.90660m    33.586    0.0044      C  1                1657.38A    32.984    0.0011
NIRa                2.85000m    36.999   11.4081      Ca B                5.12726m    33.447    0.0032      C  1                1657.91A    33.019    0.0012
NIRb                3.00000m    36.645    5.0479      Ca B                4.67124m    33.320    0.0024      C  1                1658.12A    33.045    0.0013
MIRa                15.0000m    36.300    2.2809      Ca B                4.37526m    33.203    0.0018      C  1                1930.90A    33.204    0.0018
MIRb                22.5000m    36.327    2.4259      Ca B                4.16966m    33.096    0.0014      C  1                8727.13A    34.943    0.1004
NMIR                21.7500m    36.999   11.4081      Ca B                4.01977m    32.997    0.0011      C  1                9824.13A    35.055    0.1296
TFIR                611.250m    34.602    0.0457      Ca B                19.0567m    33.525    0.0038      C  1                9850.26A    35.530    0.3873
TALL                10000.0A    37.993  112.5129      Ca B                11.3056m    33.399    0.0029      C  2                687.053A    33.283    0.0022
F12                 12.0000m    35.992    1.1224      Ca B                8.75768m    33.266    0.0021      C  2                687.352A    33.001    0.0011
F25                 25.0000m    34.840    0.0792      Ca B                7.50606m    33.141    0.0016      C  2                858.092A    33.035    0.0012
F60                 60.0000m    35.230    0.1943      Ca B                6.77015m    33.025    0.0012      C  2                858.559A    33.139    0.0016
F100                100.000m    34.097    0.0143      Ca B                27.7958m    33.203    0.0018      C  2                903.623A    33.339    0.0025
MIPS                24.0000m    34.592    0.0447      Ca B                16.2047m    33.097    0.0014      C  2                903.962A    33.366    0.0027
MIPS                70.0000m    35.155    0.1633      Ca B                12.3838m    32.980    0.0011      C  2                904.142A    33.437    0.0031
MIPS                160.000m    34.217    0.0189      H  1                2430.61A    36.198    1.8033      C  2                904.480A    33.326    0.0024
IRAC                3.60000m    35.148    0.1608      H  1                1215.67A    37.618   47.4503      C  2                1036.34A    33.522    0.0038
IRAC                4.50000m    35.291    0.2234      H  1                1025.72A    33.887    0.0088      C  2                1037.02A    33.553    0.0041
IRAC                5.80000m    35.019    0.1193      H  1                972.537A    33.779    0.0069      C  2                1334.53A    34.534    0.0391
IRAC                8.00000m    35.625    0.4826      H  1                949.743A    33.722    0.0060      C  2                1335.66A    34.574    0.0428
SPR1                250.000m    33.681    0.0055      H  1                937.803A    33.681    0.0055      C  2                1335.71A    35.026    0.1213
SPR2                350.000m    33.567    0.0042      H  1                930.748A    33.651    0.0051      C  2                2323.50A    35.318    0.2380
SPR3                500.000m    33.511    0.0037      H  1                926.226A    33.625    0.0048      C  2                2324.69A    35.535    0.3916
PAC1                70.0000m    35.161    0.1655      H  1                923.150A    33.599    0.0045      C  2                2325.40A    36.348    2.5468
PAC2                100.000m    34.152    0.0162      H  1                920.963A    33.572    0.0043      C  2                2326.93A    36.101    1.4412
PAC3                160.000m    34.323    0.0241      H  1                919.351A    33.471    0.0034      C  2                2328.12A    35.588    0.4426
PAH                 3.30000m    34.378    0.0273      H  1                918.129A    33.453    0.0032      C  2                157.636m    33.858    0.0082
PAHC                3.23000m    33.992    0.0112      H  1                917.181A    33.437    0.0031      C  3                1908.73A    35.582    0.4366
PAHC                3.37000m    33.911    0.0093      H  1                916.429A    33.423    0.0030      C  3                1906.68A    35.303    0.2296
PAH                 6.20000m    34.502    0.0363      H  1                915.824A    33.410    0.0029      C  3                977.020A    33.852    0.0081
PAHC                5.65000m    34.539    0.0396      H  1                915.329A    33.399    0.0029      C  3                386.203A    33.186    0.0018
PAH                 7.90000m    34.789    0.0703      H  1                914.919A    33.389    0.0028      F  2                4789.45A    33.696    0.0057
PAHC                6.90000m    35.234    0.1961      H  1                914.576A    33.380    0.0027      Fe 2                25.9813m    33.451    0.0032
PAH                 11.3000m    33.980    0.0109      H  1                914.286A    33.374    0.0027      Fe 2                5.33871m    33.538    0.0039
PAHC                10.9000m    33.927    0.0097      H  1                914.039A    33.371    0.0027      Fe 2                1.25668m    33.405    0.0029
PAH                 11.8000m    34.056    0.0130      H  1                913.826A    33.373    0.0027      Fe 2                4287.39A    33.471    0.0034
PAHC                12.6500m    35.840    0.7910      H  1                6562.80A    36.394    2.8314      Fe 2                2599.40A    33.664    0.0053
PAH                 13.3000m    34.038    0.0125      H  1                4861.32A    35.942    1.0000      Fe 2                2585.88A    33.031    0.0012
PAHC                14.1000m    34.272    0.0214      H  1                4340.46A    35.615    0.4716      Fe 2                2382.04A    33.595    0.0045
Bcon                3640.00A    37.839   78.9577      H  1                4101.73A    35.353    0.2577      Fe 2                35.3391m    32.949    0.0010
Pcon                5000.00A    37.318   23.7877      H  1                3970.07A    35.143    0.1588      Fe 2                7637.52A    33.165    0.0017
O3bn                5007.00A    35.381    0.2751      H  1                3889.05A    34.964    0.1053      Fe 2                4359.33A    33.340    0.0025
ROSA                12.3980A    34.866    0.0839      H  1                3835.38A    34.810    0.0738      Fe 2                2625.67A    33.283    0.0022
HFFc                      0     36.167    1.6785      H  1                3797.90A    34.674    0.0540      Fe 2                2611.87A    33.302    0.0023
H FF                      0     36.102    1.4453      H  1                3770.63A    34.663    0.0526      Fe 2                2598.37A    33.119    0.0015
HeFF                      0     35.248    0.2026      H  1                3750.15A    34.558    0.0413      Fe 2                2395.63A    33.336    0.0025
MeFB                      0     34.154    0.0163      H  1                3734.37A    34.461    0.0330      Fe 2                7686.93A    33.125    0.0015
MeFF                      0     33.591    0.0045      H  1                3721.94A    34.372    0.0269      Fe 2                4413.78A    33.189    0.0018
ToFF                      0     36.160    1.6523      H  1                3711.97A    34.289    0.0222      Fe 2                2631.32A    33.132    0.0016
nFnu                6915.34m    32.969    0.0011      H  1                3703.85A    34.212    0.0186      Fe 2                2607.09A    33.050    0.0013
nFnu                122.367m    34.439    0.0314      H  1                3697.15A    34.141    0.0158      Fe 2                2404.89A    32.982    0.0011
nFnu                60.8157m    34.685    0.0553      H  1                3691.55A    34.075    0.0136      Fe 2                4452.10A    32.996    0.0011
nFnu                41.2039m    34.830    0.0774      H  1                3686.83A    34.014    0.0118      Fe 2                2631.05A    32.992    0.0011
nFnu                30.8611m    34.935    0.0983      H  1                3682.81A    33.959    0.0104      Fe 2                17.9311m    33.762    0.0066
nFnu                24.7761m    35.014    0.1181      H  1                3679.35A    33.913    0.0094      Fe 2                1.64355m    34.583    0.0438
nFnu                24.2932m    35.021    0.1200      H  1                1.87510m    35.422    0.3022      Fe 2                1.53348m    34.200    0.0181
nFnu                22.8240m    35.044    0.1265      H  1                1.28181m    35.131    0.1545      Fe 2                8616.95A    33.755    0.0065
nFnu                21.4141m    35.066    0.1330      H  1                1.09381m    34.879    0.0865      Fe 2                7155.17A    34.246    0.0201
nFnu                21.1177m    35.071    0.1348      H  1                1.00494m    34.671    0.0536      Fe 2                5273.36A    33.391    0.0028
nFnu                19.6146m    35.099    0.1437      H  1                9545.97A    34.493    0.0356      Fe 2                5158.79A    33.958    0.0104
nFnu                17.6486m    35.138    0.1570      H  1                9229.02A    34.337    0.0249      Fe 2                5111.64A    33.160    0.0017
nFnu                17.3653m    35.144    0.1591      H  1                9014.91A    34.200    0.0181      Fe 2                5072.41A    33.358    0.0026
nFnu                15.6859m    35.179    0.1725      H  1                8862.79A    34.148    0.0161      Fe 2                4814.54A    33.143    0.0016
nFnu                14.5997m    35.207    0.1839      H  1                8750.48A    34.043    0.0126      Fe 2                4243.97A    33.560    0.0041
nFnu                12.4266m    35.268    0.2117      H  1                8665.02A    33.946    0.0101      Fe 2                24.5126m    33.233    0.0020
nFnu                11.3969m    35.296    0.2262      H  1                8598.40A    33.857    0.0082      Fe 2                1.80940m    33.982    0.0110
nFnu                10.4572m    35.332    0.2456      H  1                8545.39A    33.775    0.0068      Fe 2                1.67688m    33.774    0.0068
nFnu                9.47744m    35.364    0.2642      H  1                8502.49A    33.698    0.0057      Fe 2                1.59948m    33.956    0.0103
nFnu                9.32234m    35.369    0.2675      H  1                8467.26A    33.627    0.0048      Fe 2                9051.95A    33.913    0.0094
nFnu                8.20812m    35.420    0.3004      H  1                8437.96A    33.561    0.0042      Fe 2                8891.93A    33.526    0.0038
nFnu                7.57793m    35.445    0.3184      H  1                8413.32A    33.500    0.0036      Fe 2                7452.56A    33.754    0.0065
nFnu                7.04834m    35.481    0.3464      H  1                8392.40A    33.446    0.0032      Fe 2                7172.00A    33.743    0.0063
nFnu                4.11258m    35.688    0.5579      H  1                8374.48A    33.399    0.0029      Fe 2                5527.36A    33.504    0.0036
nFnu                2.32377m    35.865    0.8369      H  1                4.05115m    34.768    0.0670      Fe 2                5261.63A    33.687    0.0056
nInu                2.32377m    33.550    0.0041      H  1                2.62515m    34.549    0.0405      Fe 2                4947.39A    33.199    0.0018
nFnu                1.64268m    35.998    1.1382      H  1                2.16553m    34.348    0.0255      Fe 2                4276.84A    33.221    0.0019
nInu                1.64268m    33.996    0.0113      H  1                1.94456m    34.172    0.0170      Fe 2                1.95361m    33.071    0.0013
nFnu                1.47981m    36.004    1.1551      H  1                1.81741m    34.016    0.0119      Fe 2                1.80002m    33.759    0.0066
nInu                1.47981m    34.128    0.0154      H  1                1.73621m    33.878    0.0086      Fe 2                1.71113m    33.279    0.0022
nFnu                1.43610m    36.178    1.7231      H  1                1.68065m    33.778    0.0069      Fe 2                1.66377m    33.666    0.0053
nInu                1.43610m    34.167    0.0168      H  1                1.64072m    33.674    0.0054      Fe 2                9399.04A    33.491    0.0035
nFnu                1.11836m    36.182    1.7365      H  1                1.61093m    33.578    0.0043      Fe 2                9226.63A    33.583    0.0044
nInu                1.11836m    34.486    0.0350      H  1                1.58805m    33.489    0.0035      Fe 2                9033.49A    33.160    0.0017
nFnu                8327.39A    36.149    1.6112      H  1                1.57007m    33.407    0.0029      Fe 2                7388.17A    33.623    0.0048
nInu                8327.39A    34.863    0.0834      H  1                1.55565m    33.330    0.0024      Fe 2                5412.67A    33.018    0.0012
nFnu                8076.39A    36.528    3.8540      H  1                1.54389m    33.259    0.0021      Fe 2                5333.66A    33.343    0.0025
nInu                8076.39A    34.901    0.0910      H  1                1.53418m    33.193    0.0018      Fe 2                5049.30A    33.025    0.0012
nFnu                6207.94A    36.458    3.2786      H  1                1.52605m    33.133    0.0016      Fe 2                5005.52A    33.053    0.0013
nInu                6207.94A    35.232    0.1949      H  1                1.51919m    33.078    0.0014      Fe 2                4319.62A    32.977    0.0011
nFnu                4884.00A    36.356    2.5930      H  1                1.51332m    33.032    0.0012      Fe 2                1.89541m    33.023    0.0012
nInu                4884.00A    35.530    0.3875      H  1                7.45782m    34.247    0.0202      Fe 2                1.79711m    33.625    0.0048
nFnu                3703.28A    36.240    1.9875      H  1                4.65251m    34.080    0.0137      Fe 2                1.74494m    33.344    0.0025
nInu                3703.28A    35.869    0.8456      H  1                3.73954m    33.912    0.0093      Fe 2                9470.94A    33.192    0.0018
nFnu                3586.64A    37.179   17.2720      H  1                3.29609m    33.760    0.0066      Fe 2                9267.56A    33.463    0.0033
nInu                3586.64A    35.905    0.9194      H  1                3.03837m    33.622    0.0048      Fe 2                5376.47A    33.326    0.0024
nFnu                2429.31A    36.786    6.9806      H  1                2.87221m    33.489    0.0035      Fe 2                4358.37A    32.953    0.0010
nInu                2429.31A    36.368    2.6705      H  1                2.75752m    33.386    0.0028      Fe 2                2755.74A    33.002    0.0011
nFnu                2391.30A    36.768    6.7060      H  1                2.67440m    33.290    0.0022      Fe 2                2.22379m    33.055    0.0013
nInu                2391.30A    36.388    2.7921      H  1                2.61194m    33.202    0.0018      Fe 3                4881.00A    33.324    0.0024
nFnu                2070.68A    36.659    5.2176      H  1                2.56363m    33.120    0.0015      Fe 3                4658.05A    33.526    0.0038
nInu                2070.68A    36.552    4.0771      H  1                2.52540m    33.043    0.0013      Fe 3                5270.40A    33.342    0.0025
nFnu                2052.02A    36.666    5.2995      H  1                2.49458m    32.972    0.0011      Fe 3                4701.54A    33.141    0.0016
nInu                2052.02A    36.564    4.1849      H  1                12.3685m    33.811    0.0074      K  3                4.61683m    33.578    0.0043
nFnu                1793.44A    36.664    5.2784      H  1                7.50045m    33.679    0.0055      Mg 1                2852.13A    33.810    0.0074
nInu                1793.44A    36.713    5.9016      H  1                5.90660m    33.537    0.0039      Mg 1                4562.60A    33.708    0.0058
nFnu                1585.12A    36.692    5.6314      H  1                5.12726m    33.403    0.0029      Mg 1                4571.10A    33.467    0.0034
nInu                1585.12A    36.851    8.1128      H  1                4.67124m    33.251    0.0020      N  1                1134.17A    33.022    0.0012
nFnu                1458.33A    36.723    6.0381      H  1                4.37526m    33.148    0.0016      N  1                1134.41A    33.114    0.0015
nInu                1458.33A    36.940    9.9514      H  1                4.16966m    33.054    0.0013      N  1                1134.98A    33.175    0.0017
nFnu                1356.96A    36.738    6.2608      H  1                4.01977m    32.966    0.0011      N  1                1199.55A    33.525    0.0038
nInu                1356.96A    37.013   11.7734      H  1                19.0567m    33.435    0.0031      N  1                1200.22A    33.494    0.0036
nFnu                1297.29A    36.728    6.1176      H  1                11.3056m    33.328    0.0024      N  1                1200.71A    33.328    0.0024
nInu                1297.29A    37.061   13.1447      H  1                8.75768m    33.206    0.0018      N  1                3466.50A    34.577    0.0431
nFnu                1262.79A    36.703    5.7755      H  1                7.50606m    33.046    0.0013      N  1                3466.54A    33.898    0.0090
nInu                1262.79A    37.088   13.9887      H  1                6.77015m    32.946    0.0010      N  1                5197.90A    34.976    0.1082
nFnu                1218.08A    36.639    4.9813      H  1                27.7958m    33.105    0.0015      N  1                5200.26A    34.761    0.0660
nInu                1218.08A    37.124   15.2245      H  1                16.2047m    33.017    0.0012      N  1                1.03977m    35.072    0.1350
nFnu                1196.33A    36.654    5.1501      Ca A                303.784A    36.359    2.6145      N  1                1.03982m    34.544    0.0400
nInu                1196.33A    37.141   15.8132      Ca A                256.317A    35.625    0.4825      N  1                1.04072m    34.724    0.0606
nFnu                1175.06A    36.667    5.3165      Ca A                243.027A    35.193    0.1783      N  1                1.04076m    34.731    0.0615
nInu                1175.06A    37.157   16.4238      Ca A                237.331A    34.884    0.0874      Ne 2                12.8101m    35.828    0.7688
nFnu                1143.64A    36.692    5.6261      Ca A                234.347A    34.641    0.0500      Ne 3                15.5509m    35.754    0.6484
nInu                1143.64A    37.187   17.5725      Ca A                232.584A    34.441    0.0316      Ne 3                3868.76A    35.720    0.6004
nFnu                1113.22A    36.714    5.9136      Ca A                231.454A    34.270    0.0213      Ne 3                489.500A    33.039    0.0013
nInu                1113.22A    37.212   18.6484      Ca A                230.686A    34.121    0.0151      Ne 3                36.0036m    34.546    0.0402
nFnu                1103.23A    36.719    5.9871      Ca A                230.139A    33.989    0.0111      Ne 3                3967.47A    35.202    0.1822
nInu                1103.23A    37.219   18.9256      Ca A                229.736A    33.870    0.0085      Ne 3                1814.56A    33.228    0.0019
nFnu                1073.86A    36.745    6.3546      Ca A                229.431A    33.762    0.0066      Ne 3                491.045A    33.187    0.0018
nInu                1073.86A    37.237   19.7511      Ca A                229.194A    33.664    0.0053      Ne 3                489.645A    33.009    0.0012
nFnu                1064.34A    36.752    6.4533      Ca A                229.006A    33.574    0.0043      Ne 3                313.688A    32.963    0.0010
nInu                1064.34A    37.247   20.1878      Ca A                228.855A    33.493    0.0036      Ne 3                490.311A    32.982    0.0011
nFnu                1035.92A    36.770    6.7287      Ca A                228.731A    33.418    0.0030      O  1                1302.17A    33.270    0.0021
nInu                1035.92A    37.272   21.3919      Ca A                228.629A    33.351    0.0026      O  1                1304.86A    33.342    0.0025
nFnu                1000.00A    36.794    7.1156      Ca A                228.543A    33.290    0.0022      O  1                1306.03A    33.265    0.0021
nInu                1000.00A    37.305   23.0881      Ca A                228.471A    33.234    0.0020      O  1                1355.60A    32.953    0.0010
nFnu                925.144A    36.845    7.9942      Ca A                228.409A    33.185    0.0017      O  1                2972.29A    33.562    0.0042
nInu                925.144A    37.375   27.0934      Ca A                228.356A    33.140    0.0016      O  1                5577.34A    34.512    0.0371
nFnu                897.800A    33.417    0.0030      Ca A                228.309A    33.100    0.0014      O  1                6300.30A    36.116    1.4924
nFnu                496.874A    33.698    0.0057      Ca A                228.269A    33.065    0.0013      O  1                6363.78A    35.620    0.4767
RRC.............................................      Ca A                228.234A    33.036    0.0012      O  1                63.1679m    35.116    0.1492
H  1                3645.98A    36.045    1.2671      Ca A                1640.41A    35.358    0.2610      O  1                145.495m    33.633    0.0049
H  1                3645.98A    36.391    2.8115      Ca A                1215.13A    34.838    0.0788      O  2                539.086A    33.341    0.0025
H  1                8203.57A    35.310    0.2333      Ca A                1084.94A    34.487    0.0351      O  2                539.547A    33.301    0.0023
H  1                8203.57A    35.704    0.5778      Ca A                1025.27A    34.222    0.0191      O  2                539.854A    33.220    0.0019
H  1                8203.57A    35.600    0.4556      Ca A                992.358A    34.009    0.0117      O  2                832.758A    33.092    0.0014
H  1                1.45842m    34.824    0.0762      Ca A                972.106A    33.829    0.0077      O  2                833.330A    33.169    0.0017
H  1                1.45842m    35.224    0.1916      Ca A                958.693A    33.674    0.0054      O  2                834.465A    33.211    0.0019
H  1                1.45842m    35.228    0.1932      Ca A                949.323A    33.537    0.0039      O  2                2470.22A    35.141    0.1583
H  1                1.45842m    34.886    0.0880      Ca A                942.507A    33.414    0.0030      O  2                2470.34A    35.723    0.6044
H  1                2.27878m    34.467    0.0335      Ca A                937.389A    33.303    0.0023      O  2                7318.92A    35.059    0.1308
H  1                2.27878m    34.867    0.0841      Ca A                933.444A    33.201    0.0018      O  2                7319.99A    35.530    0.3872
H  1                2.27878m    34.903    0.0914      Ca A                930.337A    33.107    0.0015      O  2                7329.67A    35.281    0.2183
H  1                2.27878m    34.707    0.0583      Ca A                927.846A    33.020    0.0012      O  2                7330.73A    35.261    0.2084
H  1                2.27878m    34.211    0.0186      Ca A                4685.68A    34.643    0.0502      O  2                3728.81A    35.369    0.2675
H  1                3.28145m    34.187    0.0176      Ca A                3203.08A    34.254    0.0205      O  2                3726.03A    35.779    0.6868
H  1                3.28145m    34.586    0.0440      Ca A                2733.28A    33.964    0.0105      O  3                51.8004m    32.965    0.0011
H  1                3.28145m    34.633    0.0492      Ca A                2511.19A    33.735    0.0062      O  3                4958.91A    34.669    0.0533
H  1                3.28145m    34.492    0.0355      Ca A                2385.39A    33.545    0.0040      O  3                5006.84A    35.130    0.1542
H  1                3.28145m    34.169    0.0169      Ca A                2306.18A    33.382    0.0028      O  3                4363.21A    33.138    0.0016
H  1                3.28145m    33.570    0.0042      Ca A                2252.67A    33.240    0.0020      P  2                1.14682m    34.262    0.0209
H  1                4.46642m    33.958    0.0104      Ca A                2214.65A    33.113    0.0015      P  2                1.18828m    34.685    0.0554
H  1                4.46642m    34.355    0.0259      Ca A                2186.59A    32.998    0.0011      P  2                7875.99A    33.625    0.0048
H  1                4.46642m    34.408    0.0292      Ca A                1.01235m    34.089    0.0140      S  1                25.2421m    33.162    0.0017
H  1                4.46642m    34.291    0.0224      Ca A                6560.01A    33.787    0.0070      S  2                6730.82A    35.558    0.4136
H  1                4.46642m    34.038    0.0125      Ca A                5411.45A    33.544    0.0040      S  2                6716.44A    35.233    0.1957
H  1                4.46642m    33.631    0.0049      Ca A                4859.26A    33.343    0.0025      S  2                4076.35A    35.302    0.2290
H  1                4.46642m    32.961    0.0010      Ca A                4541.54A    33.174    0.0017      S  2                4068.60A    35.798    0.7179
H  1                5.83369m    33.764    0.0066      Ca A                4338.62A    33.026    0.0012      S  2                1.03364m    35.164    0.1666
H  1                5.83369m    34.159    0.0165      Ca A                1.86365m    33.629    0.0049      S  2                1.02867m    35.172    0.1698
H  1                5.83369m    34.215    0.0187      Ca A                1.16262m    33.390    0.0028      S  2                1.03705m    34.842    0.0794
H  1                5.83369m    34.112    0.0148      Ca A                9344.80A    33.183    0.0017      S  2                1.03205m    35.305    0.2310
H  1                5.83369m    33.895    0.0090      Ca A                8236.67A    33.007    0.0012      S  2                1259.52A    33.148    0.0016
H  1                5.83369m    33.571    0.0043      Ca A                3.09080m    33.234    0.0020      S  2                1253.81A    33.041    0.0013
H  1                5.83369m    33.107    0.0015      Ca A                1.87431m    33.041    0.0013      S  3                33.4704m    33.336    0.0025
H  1                7.38326m    33.596    0.0045      Ca B                1640.41A    35.495    0.3573      S  3                18.7078m    34.282    0.0219
H  1                7.38326m    33.990    0.0112      Ca B                1215.13A    34.983    0.1100      S  3                9068.62A    35.134    0.1558
H  1                7.38326m    34.047    0.0127      Ca B                1084.94A    34.634    0.0492      S  3                9530.62A    35.534    0.3914
H  1                7.38326m    33.951    0.0102      Ca B                1025.27A    34.369    0.0267      S  3                3721.63A    33.756    0.0065
H  1                7.38326m    33.754    0.0065      Ca B                992.358A    34.155    0.0163      S  3                6312.06A    34.029    0.0122
H  1                7.38326m    33.475    0.0034      Ca B                972.106A    33.975    0.0108      S  3                1728.94A    33.140    0.0016
H  1                7.38326m    33.105    0.0015      Ca B                958.693A    33.819    0.0075      Si 2                34.8046m    34.584    0.0439
H  1                9.11514m    33.448    0.0032      Ca B                949.323A    33.681    0.0055      Si 2                2334.41A    34.018    0.0119
H  1                9.11514m    33.842    0.0079      Ca B                942.507A    33.558    0.0041      Si 2                2328.52A    33.509    0.0037
H  1                9.11514m    33.898    0.0090      Ca B                937.389A    33.447    0.0032      Si 2                1808.01A    34.286    0.0221
H  1                9.11514m    33.807    0.0073      Ca B                933.444A    33.345    0.0025      Si 2                1526.71A    33.497    0.0036
H  1                9.11514m    33.623    0.0048      Ca B                930.337A    33.251    0.0020      Si 2                1260.42A    33.041    0.0013
H  1                9.11514m    33.371    0.0027      Ca B                927.846A    33.165    0.0017      Si 2                1190.42A    32.979    0.0011
H  1                9.11514m    33.054    0.0013      Ca B                925.816A    33.085    0.0014      Si 2                2350.17A    34.142    0.0159
H  1                11.0293m    34.387    0.0279      Ca B                924.142A    33.011    0.0012      Si 2                2344.20A    34.657    0.0519
H  1                13.1258m    34.275    0.0215      Ca B                922.743A    32.942    0.0010      Si 2                2334.60A    34.842    0.0795
H  1                15.4046m    34.171    0.0170      Ca B                4685.68A    34.674    0.0539      Si 2                1817.45A    34.004    0.0115
H  1                17.8657m    34.075    0.0136      Ca B                3203.08A    34.293    0.0225      Si 2                1816.93A    34.642    0.0502
H  1                20.5091m    33.986    0.0111      Ca B                2733.28A    34.008    0.0117      Si 2                1533.43A    33.577    0.0043
H  1                23.3348m    33.902    0.0091      Ca B                2511.19A    33.782    0.0069      Si 2                1309.28A    33.005    0.0012
H  1                26.3428m    33.824    0.0076      Ca B                2385.39A    33.594    0.0045      Si 2                1265.00A    32.999    0.0011
H  1                29.5331m    33.750    0.0064      Ca B                2306.18A    33.433    0.0031      Si 2                1264.74A    33.339    0.0025
H  1                32.9057m    33.680    0.0055      Ca B                2252.67A    33.291    0.0022      Si 2                1194.50A    33.093    0.0014
H  1                36.4606m    33.613    0.0047      Ca B                2214.65A    33.165    0.0017      Si 3                1892.03A    34.036    0.0124
H  1                40.1978m    33.550    0.0041      Ca B                2186.59A    33.051    0.0013      Si 3                1882.71A    33.473    0.0034
H  1                44.1173m    33.489    0.0035      Ca B                2165.23A    32.947    0.0010      Al 2                2669.15A    34.335    0.0247
H  1                48.2191m    33.432    0.0031      Ca B                1.01235m    34.105    0.0146      Al 2                2660.35A    33.607    0.0046
H  1                52.5033m    33.376    0.0027      Ca B                6560.01A    33.806    0.0073      Al 2                1670.79A    33.631    0.0049
H  1                56.9697m    34.545    0.0401      Ca B                5411.45A    33.565    0.0042      Ca 2                7323.89A    33.778    0.0069
He 2                2049.91A    34.055    0.0130      Ca B                4859.26A    33.366    0.0027      Ca 2                7291.47A    33.949    0.0102
He 2                2049.91A    34.521    0.0379      Ca B                4541.54A    33.198    0.0018      Ca 2                3968.47A    33.478    0.0034
He 2                2049.91A    34.530    0.0387      Ca B                4338.62A    33.051    0.0013      Ca 2                3933.66A    33.766    0.0067
He 2                3644.44A    33.513    0.0037      Ca B                1.86365m    33.642    0.0050      Cl 2                14.3639m    33.938    0.0099
He 2                3644.44A    33.988    0.0111      Ca B                1.16262m    33.403    0.0029      Cl 2                8578.70A    34.660    0.0523
He 2                3644.44A    34.112    0.0148      Ca B                9344.80A    33.197    0.0018      Cl 2                9123.60A    34.075    0.0136
He 2                3644.44A    33.901    0.0091      Ca B                8236.67A    33.022    0.0012      Cl 3                5537.87A    33.279    0.0022
He 2                5694.49A    33.107    0.0015      Ca B                3.09080m    33.246    0.0020      Cl 3                3342.80A    33.038    0.0012
He 2                5694.49A    33.584    0.0044      Ca B                1.87431m    33.052    0.0013      Mg 2                2802.71A    35.066    0.1330
He 2                5694.49A    33.745    0.0064      He 2                607.571A    35.964    1.0524      Mg 2                2795.53A    35.362    0.2629
He 2                5694.49A    33.688    0.0056      He 2                303.784A    35.781    0.6910      N  2                121.769m    33.229    0.0019
He 2                5694.49A    33.319    0.0024      He 2                256.317A    33.626    0.0048      N  2                6527.23A    32.951    0.0010
He 2                8200.12A    33.264    0.0021      He 2                243.027A    33.489    0.0035      N  2                6548.05A    36.223    1.9089
He 2                8200.12A    33.439    0.0031      He 2                237.331A    33.417    0.0030      N  2                6583.45A    36.692    5.6270
He 2                8200.12A    33.442    0.0032      He 2                234.347A    33.374    0.0027      N  2                3062.83A    34.088    0.0140
He 2                8200.12A    33.252    0.0020      He 2                232.584A    33.331    0.0024      N  2                5754.59A    35.369    0.2671
He 2                1.11613m    33.000    0.0011      He 2                231.454A    33.302    0.0023      N  2                2139.01A    34.718    0.0597
He 2                1.11613m    33.183    0.0017      He 2                230.686A    33.264    0.0021      N  2                2142.77A    35.109    0.1468
He 2                1.11613m    33.214    0.0019      He 2                230.139A    33.238    0.0020      N  2                1085.70A    33.343    0.0025
He 2                1.11613m    33.100    0.0014      He 2                229.736A    33.100    0.0014      N  2                1084.58A    33.123    0.0015
He 2                1.45781m    32.964    0.0011      He 2                229.431A    33.092    0.0014      N  2                1085.55A    33.016    0.0012
He 2                1.45781m    33.011    0.0012      He 2                229.194A    33.085    0.0014      N  2                1083.99A    33.014    0.0012
He 2                2.75620m    33.238    0.0020      He 2                229.006A    33.080    0.0014      N  2                915.612A    33.044    0.0013
He 2                3.28011m    33.126    0.0015      He 2                228.855A    33.075    0.0014      N  2                916.012A    32.981    0.0011
He 2                3.84958m    33.023    0.0012      He 2                228.731A    33.071    0.0013      N  2                916.701A    33.119    0.0015
He 2                14.2366m    33.443    0.0032      He 2                228.629A    33.068    0.0013      N  2                915.962A    33.045    0.0013
He 1                2599.69A    35.086    0.1394      He 2                228.543A    33.066    0.0013      Na 3                7.31570m    34.031    0.0123
He 1                3120.85A    34.575    0.0430      He 2                228.471A    33.066    0.0013      Ni 2                6.63416m    33.073    0.0014
He 1                3421.00A    34.586    0.0441      He 2                228.409A    33.068    0.0013      Ni 2                7377.83A    33.573    0.0043
He 1                3420.88A    35.063    0.1322      He 2                228.356A    33.075    0.0014      level 1 lines...................................
He 1                3420.88A    35.285    0.2203      He 2                1640.41A    35.466    0.3342      recombination...................................
He 1                3678.70A    34.866    0.0839      He 2                1215.13A    34.991    0.1120      C  1                1657.00A    33.872    0.0085
He 1                6632.16A    34.178    0.0172      He 2                1084.94A    34.656    0.0518      C  2                4267.00A    33.322    0.0024
He 1                7435.20A    33.757    0.0065      He 2                1025.27A    34.399    0.0286      C  2                1761.00A    33.261    0.0021
He 1                7843.40A    34.807    0.0734      He 2                992.358A    34.190    0.0177      C  2                1335.00A    35.069    0.1341
He 1                8188.35A    34.588    0.0442      He 2                972.106A    34.016    0.0119      N  1                1200.00A    33.308    0.0023
He 1                8190.64A    34.098    0.0143      He 2                958.693A    33.867    0.0084      O  1                1357.00A    33.673    0.0054
He 1                8261.30A    34.196    0.0179      He 2                949.323A    33.736    0.0062      C  1                1140.10A    34.360    0.0262
He 1                1.24770m    33.626    0.0048      He 2                942.507A    33.866    0.0084      C  2                1167.50A    33.403    0.0029
He 1                1.35640m    33.240    0.0020      He 2                937.389A    33.773    0.0068      C  2                1092.50A    34.011    0.0117
He 1                1.40933m    34.308    0.0232      He 2                933.444A    33.687    0.0056      C  2                1036.80A    34.384    0.0277
He 1                1.45602m    34.217    0.0188      He 2                930.337A    33.608    0.0046      C  2                946.100A    34.340    0.0250
He 1                1.45643m    33.724    0.0061      He 2                927.846A    33.534    0.0039      C  2                799.800A    35.233    0.1954
He 1                1.45759m    33.861    0.0083      He 2                925.816A    33.466    0.0033      N  1                1000.20A    32.956    0.0010
He 1                1.45759m    33.384    0.0028      He 2                924.142A    33.403    0.0029      N  1                994.200A    33.182    0.0017
He 1                1.46631m    33.724    0.0061      He 2                922.743A    33.345    0.0025      N  1                980.700A    33.918    0.0095
He 1                2.01409m    33.235    0.0020      He 2                921.562A    33.292    0.0022      O  1                7949.50A    33.211    0.0019
He 1                2.21671m    33.941    0.0100      He 2                920.556A    33.245    0.0020      level2 lines....................................
He 1                2.27546m    33.892    0.0089      He 2                919.693A    33.205    0.0018      C  1                943.939A    33.149    0.0016
He 1                2.27605m    33.400    0.0029      He 2                4685.68A    34.586    0.0441      C  1                841.022A    32.966    0.0011
He 1                2.27752m    33.682    0.0055      He 2                3203.08A    34.261    0.0208      C  2                596.559A    33.416    0.0030
He 1                2.27752m    33.205    0.0018      He 2                2733.28A    33.997    0.0113      C  2                561.959A    33.392    0.0028
He 1                2.27778m    33.186    0.0018      He 2                2511.19A    33.781    0.0069      C  2                530.721A    33.386    0.0028
He 1                2.28865m    33.371    0.0027      He 2                2385.39A    33.600    0.0046      C  2                544.909A    33.367    0.0027
He 1                2.96255m    32.945    0.0010      He 2                2306.18A    33.445    0.0032      C  2                535.300A    33.360    0.0026
He 1                3.20639m    33.654    0.0052      He 2                2252.67A    33.309    0.0023      C  2                550.361A    33.290    0.0022
He 1                3.27716m    33.624    0.0048      He 2                2214.65A    33.351    0.0026      C  2                467.460A    33.261    0.0021
He 1                3.27791m    33.128    0.0015      He 2                2186.59A    33.258    0.0021      C  2                637.979A    33.003    0.0012
He 1                3.27969m    33.466    0.0033      He 2                2165.23A    33.172    0.0017      C  2                424.791A    33.180    0.0017
He 1                3.27969m    32.989    0.0011      He 2                2148.58A    33.093    0.0014      C  2                439.850A    33.090    0.0014
He 1                3.28001m    33.143    0.0016      He 2                2135.34A    33.020    0.0012      C  2                524.659A    33.022    0.0012
He 1                3.29317m    33.091    0.0014      He 2                2124.61A    32.952    0.0010      C  2                521.831A    33.022    0.0012
He 1                4.46460m    34.064    0.0132      He 2                1.01235m    33.973    0.0107      C  2                419.579A    32.958    0.0010
He 1                5.83132m    33.893    0.0089      He 2                6560.01A    33.733    0.0062      C  3                271.090A    32.962    0.0010
He 1                7.38026m    33.741    0.0063      He 2                5411.45A    33.518    0.0038      N  1                942.258A    33.127    0.0015
He 1                9.11143m    33.606    0.0046      He 2                4859.26A    33.333    0.0025      N  2                532.161A    33.448    0.0032
He 1                11.0248m    33.483    0.0035      He 2                4541.54A    33.174    0.0017      N  2                634.441A    33.338    0.0025
He 1                13.1205m    33.370    0.0027      He 2                4338.62A    33.034    0.0012      N  2                475.141A    33.412    0.0030
He 1                15.3983m    33.267    0.0021      He 2                4199.78A    32.982    0.0011      N  2                528.139A    33.350    0.0026
He 1                17.8584m    33.171    0.0017      He 2                1.86365m    33.473    0.0034      N  2                452.970A    33.343    0.0025
He 1                20.5007m    33.082    0.0014      He 2                1.16262m    33.293    0.0022      N  2                441.950A    33.311    0.0023
He 1                23.3253m    32.998    0.0011      He 2                9344.80A    33.116    0.0015      N  2                474.291A    33.298    0.0023
He 1                61.5933m    33.605    0.0046      He 2                8236.67A    32.957    0.0010      N  2                437.731A    33.285    0.0022
C  1                1101.07A    34.077    0.0137      He 2                3.09080m    33.046    0.0013      N  2                452.610A    33.186    0.0018
grains..........................................      He-like iso-sequence............................      N  2                441.659A    33.086    0.0014
H-like iso-sequence.............................      He 1                1202.81A    36.779    6.8797      N  2                432.160A    33.069    0.0013
H  1 Cool           1215.67A    36.923    9.5704      He 1                591.412A    33.038    0.0012      N  2                435.369A    33.026    0.0012
Crst                960.000A    36.742    6.3070      Blnd                591.412A    33.040    0.0013      N  2                508.099A    33.007    0.0012
LA X                1215.67A    34.156    0.0164      He 1                584.334A    35.289    0.2225      N  2                431.209A    32.967    0.0011
CION                      0     34.653    0.0514      He 1                537.030A    34.091    0.0141      O  1                867.303A    33.078    0.0014
Ca B                1215.67A    37.470   33.7726      He 1                522.213A    33.942    0.0100      O  1                976.791A    33.124    0.0015
Q(H)                4861.32A    35.957    1.0362      He 1                515.617A    33.854    0.0082      O  1                969.049A    33.081    0.0014
Q(H)                1215.67A    37.488   35.1769      He 1                512.099A    33.787    0.0070      O  1                946.387A    33.063    0.0013
CaBo                4861.32A    35.937    0.9886      He 1                625.563A    35.572    0.4270      O  1                934.501A    33.044    0.0013
CaBo                1640.00A    35.491    0.3543      He 1                510.018A    33.557    0.0041      O  1                973.577A    33.005    0.0012
CaBo                4685.64A    34.670    0.0535      He 1                508.657A    33.529    0.0039      O  1                927.472A    33.022    0.0012
Ca A                1215.67A    37.347   25.4347      He 1                507.727A    33.505    0.0037      O  1                948.506A    32.975    0.0011
Ca A                1025.72A    36.635    4.9386      He 1                507.065A    33.484    0.0035      O  1                922.969A    32.995    0.0011
Ca A                972.537A    36.225    1.9177      He 1                506.576A    33.465    0.0033      O  1                919.912A    32.966    0.0011
Ca A                949.743A    35.920    0.9518      He 1                506.204A    33.444    0.0032      O  2                425.190A    33.573    0.0043
Ca A                937.803A    35.678    0.5447      He 1                505.916A    33.423    0.0030      O  2                388.410A    33.516    0.0037
Ca A                930.748A    35.477    0.3433      He 1                505.687A    33.403    0.0029      O  2                373.600A    33.466    0.0033
Ca A                926.226A    35.308    0.2325      He 1                505.502A    33.381    0.0028      O  2                361.821A    33.443    0.0032
Ca A                923.150A    35.165    0.1672      He 1                505.352A    33.360    0.0026      O  2                366.060A    33.430    0.0031
Ca A                920.963A    35.044    0.1267      He 1                505.227A    33.338    0.0025      O  2                360.570A    33.350    0.0026
Ca A                919.351A    34.943    0.1002      He 1                505.122A    33.316    0.0024      O  2                414.619A    33.254    0.0021
Ca A                918.129A    34.856    0.0821      He 1                505.033A    33.295    0.0023      O  2                358.780A    33.208    0.0018
Ca A                917.181A    34.782    0.0693      He 1                504.958A    33.205    0.0018      O  2                356.930A    33.203    0.0018
Ca A                916.429A    34.720    0.0600      He 1                504.893A    33.207    0.0018      O  2                355.610A    33.156    0.0016
Ca A                915.824A    34.668    0.0532      He 1                504.836A    33.230    0.0019      O  2                384.420A    32.972    0.0011
Ca A                915.329A    34.625    0.0482      He 1                504.787A    33.170    0.0017      O  3                305.400A    33.152    0.0016
Ca A                914.919A    34.589    0.0444      He 1                504.744A    33.233    0.0020      Ne 2                444.150A    33.236    0.0020
Ca A                914.576A    34.558    0.0413      He 1                504.706A    33.386    0.0028      Ne 2                356.870A    33.275    0.0022
Ca A                914.286A    34.530    0.0387      He 1                504.672A    33.903    0.0092      Ne 2                461.050A    33.193    0.0018
Ca A                914.039A    34.502    0.0363      He 1                1.08291m    34.717    0.0596      Ne 2                404.130A    33.172    0.0017
Ca A                913.826A    34.473    0.0340      He 1                1.08302m    35.452    0.3236      Ne 2                327.700A    33.110    0.0015
Ca A                913.641A    34.445    0.0318      He 1                1.08303m    35.835    0.7812      Ne 2                331.200A    33.109    0.0015
Ca A                913.480A    34.415    0.0298      Blnd                1.08302m    36.008    1.1644      Ne 2                327.139A    33.093    0.0014
Ca A                913.339A    34.385    0.0278      He 1                3888.64A    35.172    0.1699      Ne 2                355.969A    33.098    0.0014
Ca A                6562.80A    36.200    1.8109      He 1                3187.74A    34.739    0.0627      Ne 2                320.500A    33.021    0.0012
Ca A                4861.32A    35.758    0.6554      He 1                2945.10A    34.410    0.0294      Ne 2                327.160A    32.978    0.0011
Ca A                4340.46A    35.436    0.3120      He 1                2829.08A    34.145    0.0160      Ne 3                250.920A    33.215    0.0019
Ca A                4101.73A    35.183    0.1743      He 1                2760.44A    33.558    0.0041      Ne 3                227.420A    33.213    0.0019
Ca A                3970.07A    34.975    0.1079      He 1                2721.00A    33.411    0.0029      Ne 3                223.310A    32.964    0.0011
Ca A                3889.05A    34.797    0.0716      He 1                2694.61A    33.279    0.0022      Ne 3                228.870A    33.033    0.0012
Ca A                3835.38A    34.641    0.0500      He 1                2676.05A    33.158    0.0016      Ne 3                281.580A    33.160    0.0017
Ca A                3797.90A    34.503    0.0364      He 1                2662.47A    33.041    0.0013      Ne 3                227.190A    33.085    0.0014
Ca A                3770.63A    34.380    0.0274      He 1                2.05813m    34.472    0.0339      Ne 3                265.510A    33.031    0.0012
Ca A                3750.15A    34.270    0.0213      He 1                5015.68A    34.511    0.0371      Si 2                1179.59A    33.107    0.0015
Ca A                3734.37A    34.173    0.0170      He 1                3964.73A    34.109    0.0147      S  2                750.323A    33.026    0.0012
Ca A                3721.94A    34.086    0.0139      He 1                3613.64A    33.802    0.0072      S  2                888.439A    32.943    0.0010
Ca A                3711.97A    34.009    0.0117      He 1                3447.59A    33.545    0.0040      Ar 3                458.140A    33.115    0.0015
Ca A                3703.85A    33.940    0.0100      He 1                3355.42A    33.078    0.0014      Ar 3                464.671A    32.980    0.0011
Ca A                3697.15A    33.879    0.0086      He 1                7065.71A    33.834    0.0078      hyperfine structure.............................
Ca A                3691.55A    33.823    0.0076      He 1                7065.21A    34.311    0.0234      inner shell.....................................
Ca A                3686.83A    33.773    0.0068      He 1                7065.18A    34.533    0.0390      molecules.......................................
Ca A                3682.81A    33.726    0.0061      Blnd                7065.25A    34.789    0.0703      H-FB                      0     34.583    0.0437
Ca A                3679.35A    33.682    0.0055      He 1                5875.98A    34.234    0.0196      H-FF                      0     34.359    0.0262
Ca A                3676.36A    33.641    0.0050      He 1                5875.64A    34.711    0.0588      H-CT                6562.80A    34.503    0.0364
Ca A                3673.76A    33.601    0.0046      He 1                5875.61A    34.933    0.0980      H- H                      0     33.211    0.0019
Ca A                3671.48A    33.562    0.0042      Blnd                5875.66A    35.188    0.1763      H2+                       0     34.171    0.0170
Ca A                1.87510m    35.396    0.2846      He 1                4713.16A    33.393    0.0028      HEH+                      0     33.251    0.0020
Ca A                1.28181m    35.081    0.1379      He 1                4713.14A    33.615    0.0047      bands...........................................
Ca A                1.09381m    34.825    0.0764      Blnd                4713.17A    33.870    0.0085      Fe 2b               2500.00A    34.539    0.0396
Ca A                1.00494m    34.613    0.0469      He 1                4471.69A    33.777    0.0068      Fe 2b               5000.00A    34.849    0.0807
Ca A                9545.97A    34.431    0.0309      He 1                4471.49A    34.254    0.0205      Fe 2b               7000.00A    34.599    0.0455
Ca A                9229.02A    34.273    0.0214      He 1                4471.47A    34.476    0.0342      Fe 2b               10000.0A    35.155    0.1634
Ca A                9014.91A    34.132    0.0155      Blnd                4471.50A    34.731    0.0616      Fe 2b               2355.00A    34.183    0.0174
Ca A                8862.79A    34.006    0.0116      He 1                4120.81A    33.155    0.0016      Fe 2b               2430.00A    34.501    0.0363
Ca A                8750.48A    33.891    0.0089      Blnd                4120.84A    33.410    0.0029      Fe 2b               2445.00A    34.501    0.0363
Ca A                8665.02A    33.787    0.0070      He 1                4026.36A    33.453    0.0032      Fe 2b               2610.00A    34.216    0.0188
Ca A                8598.40A    33.692    0.0056      He 1                4026.20A    33.930    0.0097      Fe 2b               2758.00A    33.417    0.0030
Ca A                8545.39A    33.605    0.0046      He 1                4026.19A    34.152    0.0162      Fe 2b               2780.00A    33.457    0.0033
Ca A                8502.49A    33.525    0.0038      Blnd                4026.21A    34.407    0.0292      Fe 2b               3250.00A    32.993    0.0011
Ca A                8467.26A    33.453    0.0032      Blnd                3867.49A    33.002    0.0011      Fe 2b               3590.00A    33.122    0.0015
Ca A                8437.96A    33.386    0.0028      He 1                3819.76A    33.188    0.0018      Fe 2b               4255.00A    34.278    0.0217
Ca A                8413.32A    33.324    0.0024      He 1                3819.61A    33.665    0.0053      Fe 2b               4558.00A    33.557    0.0041
Ca A                8392.40A    33.268    0.0021      He 1                3819.60A    33.887    0.0088      Fe 2b               4600.00A    33.623    0.0048
Ca A                8374.48A    33.215    0.0019      Blnd                3819.62A    34.142    0.0158      Fe 2b               4743.00A    33.146    0.0016
Ca A                8359.01A    33.166    0.0017      He 1                3704.90A    33.245    0.0020      Fe 2b               4855.00A    33.609    0.0046
Ca A                8345.56A    33.119    0.0015      He 1                3704.76A    33.722    0.0060      Fe 2b               4920.00A    34.142    0.0158
Ca A                8333.79A    33.075    0.0014      He 1                3704.75A    33.944    0.0101      Fe 2b               4975.00A    33.679    0.0055
Ca A                4.05115m    34.786    0.0698      Blnd                3704.77A    34.200    0.0181      Fe 2b               4971.00A    33.614    0.0047
Ca A                2.62515m    34.546    0.0402      He 1                3634.21A    33.082    0.0014      Fe 2b               5070.00A    33.635    0.0049
Ca A                2.16553m    34.335    0.0247      He 1                3634.08A    33.559    0.0041      Fe 2b               5143.00A    34.087    0.0140
Ca A                1.94456m    34.153    0.0163      He 1                3634.07A    33.781    0.0069      Fe 2b               5270.00A    34.449    0.0321
Ca A                1.81741m    33.993    0.0113      Blnd                3634.09A    34.036    0.0124      Fe 2b               5318.00A    34.201    0.0182
Ca A                1.73621m    33.851    0.0081      He 1                3587.16A    33.416    0.0030      Fe 2b               5540.00A    33.633    0.0049
Ca A                1.68065m    33.722    0.0060      He 1                3587.15A    33.638    0.0050      Fe 2b               5865.00A    33.038    0.0012
Ca A                1.64072m    33.605    0.0046      Blnd                3587.17A    33.893    0.0089      Fe 2b               6565.00A    33.149    0.0016
Ca A                1.61093m    33.497    0.0036      He 1                3554.34A    33.288    0.0022      Fe 2b               6910.00A    32.990    0.0011
Ca A                1.58805m    33.398    0.0029      He 1                3554.33A    33.510    0.0037      Fe 2b               7445.00A    34.566    0.0421
Ca A                1.57007m    33.306    0.0023      Blnd                3554.35A    33.765    0.0067      Fe 2b               8625.00A    34.464    0.0333
Ca A                1.55565m    33.221    0.0019      He 1                3530.43A    33.171    0.0017      Fe 2b               1.03250m    33.563    0.0042
Ca A                1.54389m    33.142    0.0016      He 1                3530.43A    33.393    0.0028      Fe 2b               1.88900m    34.444    0.0318
Ca A                1.53418m    33.069    0.0013      Blnd                3530.44A    33.648    0.0051      Fe 2b               2.20000m    33.228    0.0019
Ca A                1.52605m    33.001    0.0011      He 1                3512.47A    33.065    0.0013      miscellaneous...................................
Ca A                7.45782m    34.287    0.0221      He 1                3512.46A    33.287    0.0022      C 1R                1656.00A    33.872    0.0085
Ca A                4.65251m    34.099    0.0144      Blnd                3512.48A    33.542    0.0040      C 2R                1335.00A    35.069    0.1341
Ca A                3.73954m    33.922    0.0095      He 1                3498.61A    32.968    0.0011      O 2H                3727.00A    33.461    0.0033
Ca A                3.29609m    33.763    0.0066      He 1                3498.60A    33.190    0.0018      O 2H                7325.00A    33.758    0.0066
Ca A                3.03837m    33.620    0.0048      Blnd                3498.62A    33.445    0.0032      Blnd                1650.00A    35.467    0.3354
Ca A                2.87221m    33.491    0.0035      He 1                3487.69A    33.100    0.0014      Blnd                1304.00A    33.771    0.0067
Ca A                2.75752m    33.372    0.0027      Blnd                3487.70A    33.355    0.0026      Blnd                1039.00A    33.088    0.0014
Ca A                2.67440m    33.263    0.0021      He 1                3478.93A    33.016    0.0012      Blnd                2798.00A    35.539    0.3959
Ca A                2.61194m    33.161    0.0017      Blnd                3478.95A    33.271    0.0021      Blnd                6720.00A    35.727    0.6092
Ca A                2.56363m    33.067    0.0013      Blnd                3471.81A    33.193    0.0018      Blnd                4074.00A    35.918    0.9469
Ca A                2.52540m    32.978    0.0011      Blnd                3465.92A    33.120    0.0015      Blnd                1.03300m    35.809    0.7371
Ca A                12.3685m    33.865    0.0084      Blnd                3461.00A    33.052    0.0013      Blnd                1256.00A    33.490    0.0035
Ca A                7.50045m    33.714    0.0059      Blnd                3456.85A    32.989    0.0011      Blnd                1720.00A    33.272    0.0021
Ca A                5.90660m    33.561    0.0042      He 1                3439.99A    33.007    0.0012      Blnd                3722.00A    33.762    0.0066
Ca A                5.12726m    33.421    0.0030      He 1                3439.98A    33.229    0.0019      Blnd                5892.00A    33.066    0.0013
Ca A                4.67124m    33.292    0.0022      Blnd                3440.00A    33.485    0.0035      Blnd                2665.00A    34.409    0.0293
Ca A                4.37526m    33.174    0.0017      He 1                7281.35A    34.032    0.0123      Blnd                2335.00A    35.154    0.1629
Ca A                4.16966m    33.064    0.0013      He 1                6678.15A    34.596    0.0451      Blnd                1888.00A    34.141    0.0158
Ca A                4.01977m    32.961    0.0010      He 1                5047.74A    33.381    0.0027      Blnd                3350.00A    33.181    0.0017
Ca A                19.0567m    33.499    0.0036      He 1                4921.93A    34.152    0.0162      Blnd                5525.00A    33.383    0.0028
Ca A                11.3056m    33.375    0.0027      He 1                4437.55A    32.975    0.0011      Blnd                7306.00A    34.173    0.0170
Ca A                8.75768m    33.242    0.0020      He 1                4387.93A    33.829    0.0077      Blnd                3933.00A    33.947    0.0101
Ca A                7.50606m    33.116    0.0015      He 1                4143.76A    33.566    0.0042      Blnd                1657.00A    33.927    0.0097
Ca A                6.77015m    32.999    0.0011      He 1                4009.05A    33.563    0.0042      Blnd                9850.00A    35.655    0.5170
Ca A                27.7958m    33.176    0.0017      He 1                3926.41A    33.398    0.0029      Blnd                2326.00A    36.646    5.0603
Ca A                16.2047m    33.072    0.0013      He 1                3871.69A    33.253    0.0020      Blnd                1335.00A    35.250    0.2032
Ca A                12.3838m    32.955    0.0010      He 1                3833.48A    33.124    0.0015      Blnd                1909.00A    35.765    0.6662
Ca B                6562.80A    36.391    2.8135      He 1                3805.69A    33.007    0.0012      Blnd                3467.00A    34.659    0.0522
Ca B                4861.32A    35.939    0.9935      He 1                4.29471m    33.355    0.0026      Blnd                5199.00A    35.183    0.1742
Ca B                4340.46A    35.611    0.4666      He 1                1.25275m    33.320    0.0024      Blnd                1.04030m    35.415    0.2972
Ca B                4101.73A    35.354    0.2583      He 1                9463.58A    33.194    0.0018      Blnd                1085.00A    33.812    0.0074
Ca B                3970.07A    35.143    0.1589      He 1                8361.73A    32.993    0.0011      Blnd                2141.00A    35.257    0.2066
Ca B                3889.05A    34.964    0.1052      He 1                2.11202m    33.053    0.0013      Blnd                1750.00A    33.221    0.0019
Ca B                3835.38A    34.809    0.0736      He 1                1.70025m    33.581    0.0044      Blnd                6300.00A    36.236    1.9693
Ca B                3797.90A    34.673    0.0539      He 1                1.19691m    33.411    0.0029      Blnd                2471.00A    35.824    0.7628
Ca B                3770.63A    34.554    0.0409      He 1                1.03113m    33.202    0.0018      Blnd                7323.00A    35.656    0.5180
Ca B                3750.15A    34.448    0.0321      He 1                9515.00A    33.313    0.0023      Blnd                7332.00A    35.572    0.4267
Ca B                3734.37A    34.353    0.0258      He 1                9062.34A    33.165    0.0017      Blnd                833.000A    33.637    0.0050
Ca B                3721.94A    34.268    0.0212      He 1                8776.09A    33.031    0.0012      Blnd                3727.00A    35.922    0.9544
Ca B                3711.97A    34.191    0.0177      He 1                1.95431m    33.086    0.0014      Blnd                7325.00A    35.917    0.9447
Ca B                3703.85A    34.121    0.0151      He 1                1.86854m    34.196    0.0180      Blnd                1666.00A    33.039    0.0013
Ca B                3697.15A    34.056    0.0130      He 1                1.27849m    33.860    0.0083      Blnd                5007.00A    35.259    0.2075
Ca B                3691.55A    33.997    0.0113      He 1                1.09130m    33.583    0.0044
Ca B                3686.83A    33.941    0.0100      He 1                1.00275m    33.383    0.0028

                                                    Emergent line intensities
general properties..............................      He 1                3964.73A    34.109    0.0147      Mg 1                2852.13A    33.810    0.0074
continua........................................      He 1                3613.64A    33.802    0.0072      Mg 1                4562.60A    33.707    0.0058
FIR                 83.0000m    35.345    0.2530      He 1                3447.59A    33.545    0.0040      Mg 1                4571.10A    33.467    0.0034
TIR                 1800.00m    33.910    0.0093      He 1                3355.42A    33.078    0.0014      N  1                1134.17A    33.021    0.0012
NIRa                2.85000m    36.999   11.4139      He 1                7065.71A    33.834    0.0078      N  1                1134.41A    33.112    0.0015
NIRb                3.00000m    36.645    5.0505      He 1                7065.21A    34.311    0.0234      N  1                1134.98A    33.174    0.0017
MIRa                15.0000m    36.300    2.2820      He 1                7065.18A    34.533    0.0390      N  1                1199.55A    33.525    0.0038
MIRb                22.5000m    36.327    2.4272      Blnd                7065.25A    34.788    0.0702      N  1                1200.22A    33.494    0.0036
NMIR                21.7500m    36.999   11.4139      He 1                5875.98A    34.234    0.0196      N  1                1200.71A    33.328    0.0024
TFIR                611.250m    34.602    0.0458      He 1                5875.64A    34.711    0.0588      N  1                3466.50A    34.577    0.0431
TALL                10000.0A    37.993  112.4975      He 1                5875.61A    34.933    0.0980      N  1                3466.54A    33.898    0.0090
F12                 12.0000m    35.992    1.1229      Blnd                5875.66A    35.188    0.1763      N  1                5197.90A    34.976    0.1082
F25                 25.0000m    34.840    0.0792      He 1                4713.16A    33.392    0.0028      N  1                5200.26A    34.761    0.0659
F60                 60.0000m    35.230    0.1944      He 1                4713.14A    33.614    0.0047      N  1                1.03977m    35.072    0.1350
F100                100.000m    34.097    0.0143      Blnd                4713.17A    33.870    0.0085      N  1                1.03982m    34.544    0.0400
MIPS                24.0000m    34.592    0.0447      He 1                4471.69A    33.777    0.0068      N  1                1.04072m    34.724    0.0606
MIPS                70.0000m    35.155    0.1634      He 1                4471.49A    34.254    0.0205      N  1                1.04076m    34.731    0.0615
MIPS                160.000m    34.217    0.0189      He 1                4471.47A    34.476    0.0342      Ne 2                12.8101m    35.828    0.7692
IRAC                3.60000m    35.148    0.1609      Blnd                4471.50A    34.731    0.0616      Ne 3                15.5509m    35.754    0.6487
IRAC                4.50000m    35.291    0.2235      He 1                4120.81A    33.155    0.0016      Ne 3                3868.76A    35.720    0.6004
IRAC                5.80000m    35.019    0.1194      Blnd                4120.84A    33.410    0.0029      Ne 3                36.0036m    34.546    0.0402
IRAC                8.00000m    35.625    0.4828      He 1                4026.36A    33.452    0.0032      Ne 3                3967.47A    35.202    0.1822
SPR1                250.000m    33.681    0.0055      He 1                4026.20A    33.930    0.0097      Ne 3                1814.56A    33.227    0.0019
SPR2                350.000m    33.567    0.0042      He 1                4026.19A    34.151    0.0162      O  1                1302.17A    33.270    0.0021
SPR3                500.000m    33.511    0.0037      Blnd                4026.21A    34.407    0.0292      O  1                1304.86A    33.342    0.0025
PAC1                70.0000m    35.161    0.1655      Blnd                3867.49A    33.002    0.0011      O  1                1306.03A    33.264    0.0021
PAC2                100.000m    34.152    0.0162      He 1                3819.76A    33.187    0.0018      O  1                1355.60A    32.953    0.0010
PAC3                160.000m    34.323    0.0241      He 1                3819.61A    33.665    0.0053      O  1                2972.29A    33.562    0.0042
PAH                 3.30000m    34.378    0.0273      He 1                3819.60A    33.886    0.0088      O  1                5577.34A    34.512    0.0371
PAHC                3.23000m    33.992    0.0112      Blnd                3819.62A    34.142    0.0159      O  1                6300.30A    36.115    1.4922
PAHC                3.37000m    33.911    0.0093      He 1                3704.90A    33.245    0.0020      O  1                6363.78A    35.620    0.4767
PAH                 6.20000m    34.502    0.0363      He 1                3704.76A    33.722    0.0060      O  1                63.1679m    35.116    0.1493
PAHC                5.65000m    34.539    0.0396      He 1                3704.75A    33.944    0.0101      O  1                145.495m    33.633    0.0049
PAH                 7.90000m    34.789    0.0703      Blnd                3704.77A    34.199    0.0181      O  2                2470.22A    35.141    0.1583
PAHC                6.90000m    35.234    0.1962      He 1                3634.21A    33.082    0.0014      O  2                2470.34A    35.723    0.6044
PAH                 11.3000m    33.980    0.0109      He 1                3634.08A    33.559    0.0041      O  2                7318.92A    35.058    0.1308
PAHC                10.9000m    33.927    0.0097      He 1                3634.07A    33.781    0.0069      O  2                7319.99A    35.529    0.3871
PAH                 11.8000m    34.056    0.0130      Blnd                3634.09A    34.036    0.0124      O  2                7329.67A    35.281    0.2183
PAHC                12.6500m    35.840    0.7915      He 1                3587.16A    33.416    0.0030      O  2                7330.73A    35.260    0.2083
PAH                 13.3000m    34.038    0.0125      He 1                3587.15A    33.638    0.0050      O  2                3728.81A    35.369    0.2676
PAHC                14.1000m    34.272    0.0214      Blnd                3587.17A    33.893    0.0089      O  2                3726.03A    35.779    0.6869
Bcon                3640.00A    37.839   78.9634      He 1                3554.34A    33.288    0.0022      O  3                51.8004m    32.965    0.0011
Pcon                5000.00A    37.318   23.7865      He 1                3554.33A    33.510    0.0037      O  3                4958.91A    34.669    0.0533
O3bn                5007.00A    35.381    0.2751      Blnd                3554.35A    33.765    0.0067      O  3                5006.84A    35.130    0.1542
ROSA                12.3980A    34.817    0.0750      He 1                3530.43A    33.171    0.0017      O  3                4363.21A    33.138    0.0016
RRC.............................................      He 1                3530.43A    33.393    0.0028      P  2                1.14682m    34.262    0.0209
grains..........................................      Blnd                3530.44A    33.648    0.0051      P  2                1.18828m    34.685    0.0554
H-like iso-sequence.............................      He 1                3512.47A    33.065    0.0013      P  2                7875.99A    33.625    0.0048
H  1                1215.67A    37.618   47.4471      He 1                3512.46A    33.287    0.0022      S  1                25.2421m    33.162    0.0017
H  1                1025.72A    33.855    0.0082      Blnd                3512.48A    33.542    0.0040      S  2                6730.82A    35.558    0.4135
H  1                972.537A    33.744    0.0063      He 1                3498.61A    32.968    0.0011      S  2                6716.44A    35.233    0.1956
H  1                949.743A    33.687    0.0056      He 1                3498.60A    33.190    0.0018      S  2                4076.35A    35.302    0.2290
H  1                937.803A    33.647    0.0051      Blnd                3498.62A    33.445    0.0032      S  2                4068.60A    35.798    0.7180
H  1                930.748A    33.616    0.0047      He 1                3487.69A    33.100    0.0014      S  2                1.03364m    35.163    0.1666
H  1                926.226A    33.590    0.0045      Blnd                3487.70A    33.355    0.0026      S  2                1.02867m    35.171    0.1698
H  1                923.150A    33.565    0.0042      He 1                3478.93A    33.016    0.0012      S  2                1.03705m    34.841    0.0794
H  1                920.963A    33.538    0.0039      Blnd                3478.95A    33.271    0.0021      S  2                1.03205m    35.305    0.2310
H  1                919.351A    33.436    0.0031      Blnd                3471.81A    33.193    0.0018      S  2                1259.52A    33.148    0.0016
H  1                918.129A    33.419    0.0030      Blnd                3465.92A    33.120    0.0015      S  2                1253.81A    33.041    0.0013
H  1                917.181A    33.403    0.0029      Blnd                3461.00A    33.052    0.0013      S  3                33.4704m    33.336    0.0025
H  1                916.429A    33.388    0.0028      Blnd                3456.85A    32.989    0.0011      S  3                18.7078m    34.282    0.0219
H  1                915.824A    33.375    0.0027      He 1                3439.99A    33.007    0.0012      S  3                9068.62A    35.134    0.1558
H  1                915.329A    33.364    0.0026      He 1                3439.98A    33.229    0.0019      S  3                9530.62A    35.534    0.3913
H  1                914.919A    33.354    0.0026      Blnd                3440.00A    33.484    0.0035      S  3                3721.63A    33.755    0.0065
H  1                914.576A    33.345    0.0025      He 1                7281.35A    34.032    0.0123      S  3                6312.06A    34.029    0.0122
H  1                914.286A    33.339    0.0025      He 1                6678.15A    34.596    0.0451      S  3                1728.94A    33.140    0.0016
H  1                914.039A    33.336    0.0025      He 1                5047.74A    33.380    0.0027      Si 2                34.8046m    34.584    0.0439
H  1                913.826A    33.338    0.0025      He 1                4921.93A    34.152    0.0162      Si 2                2334.41A    34.017    0.0119
H  1                6562.80A    36.394    2.8310      He 1                4437.55A    32.975    0.0011      Si 2                2328.52A    33.508    0.0037
H  1                4861.32A    35.942    1.0000      He 1                4387.93A    33.829    0.0077      Si 2                1808.01A    34.286    0.0221
H  1                4340.46A    35.615    0.4716      He 1                4143.76A    33.566    0.0042      Si 2                1526.71A    33.497    0.0036
H  1                4101.73A    35.353    0.2578      He 1                4009.05A    33.563    0.0042      Si 2                1260.42A    33.041    0.0013
H  1                3970.07A    35.143    0.1588      He 1                3926.41A    33.397    0.0029      Si 2                1190.42A    32.978    0.0011
H  1                3889.05A    34.964    0.1053      He 1                3871.69A    33.253    0.0020      Si 2                2350.17A    34.142    0.0159
H  1                3835.38A    34.810    0.0738      He 1                3833.48A    33.124    0.0015      Si 2                2344.20A    34.657    0.0519
H  1                3797.90A    34.674    0.0540      He 1                3805.69A    33.007    0.0012      Si 2                2334.60A    34.842    0.0795
H  1                3770.63A    34.663    0.0526      He 1                4.29471m    33.355    0.0026      Si 2                1817.45A    34.004    0.0116
H  1                3750.15A    34.557    0.0413      He 1                1.25275m    33.320    0.0024      Si 2                1816.93A    34.642    0.0502
H  1                3734.37A    34.461    0.0330      He 1                9463.58A    33.193    0.0018      Si 2                1533.43A    33.577    0.0043
H  1                3721.94A    34.371    0.0269      He 1                8361.73A    32.993    0.0011      Si 2                1309.28A    33.005    0.0012
H  1                3711.97A    34.289    0.0222      He 1                2.11202m    33.053    0.0013      Si 2                1265.00A    32.998    0.0011
H  1                3703.85A    34.212    0.0186      He 1                1.70025m    33.581    0.0044      Si 2                1264.74A    33.338    0.0025
H  1                3697.15A    34.141    0.0158      He 1                1.19691m    33.410    0.0029      Si 2                1194.50A    33.092    0.0014
H  1                3691.55A    34.074    0.0136      He 1                1.03113m    33.202    0.0018      Si 3                1892.03A    34.036    0.0124
H  1                3686.83A    34.014    0.0118      He 1                9515.00A    33.313    0.0023      Si 3                1882.71A    33.472    0.0034
H  1                3682.81A    33.959    0.0104      He 1                9062.34A    33.164    0.0017      Al 2                2669.15A    34.335    0.0247
H  1                3679.35A    33.913    0.0094      He 1                8776.09A    33.031    0.0012      Al 2                2660.35A    33.607    0.0046
H  1                1.87510m    35.422    0.3023      He 1                1.95431m    33.086    0.0014      Al 2                1670.79A    33.631    0.0049
H  1                1.28181m    35.130    0.1545      He 1                1.86854m    34.196    0.0180      Ca 2                7323.89A    33.778    0.0069
H  1                1.09381m    34.879    0.0865      He 1                1.27849m    33.860    0.0083      Ca 2                7291.47A    33.948    0.0102
H  1                1.00494m    34.671    0.0536      He 1                1.09130m    33.583    0.0044      Ca 2                3968.47A    33.478    0.0034
H  1                9545.97A    34.492    0.0355      He 1                1.00275m    33.383    0.0028      Ca 2                3933.66A    33.766    0.0067
H  1                9229.02A    34.337    0.0249      He 1                9526.01A    33.211    0.0019      Cl 2                14.3639m    33.938    0.0099
H  1                9014.91A    34.200    0.0181      He 1                9210.23A    33.062    0.0013      Cl 2                8578.70A    34.660    0.0522
H  1                8862.79A    34.147    0.0161      He 1                1.86972m    33.704    0.0058      Cl 2                9123.60A    34.075    0.0136
H  1                8750.48A    34.042    0.0126      He 1                1.27905m    33.373    0.0027      Cl 3                5537.87A    33.278    0.0022
H  1                8665.02A    33.946    0.0101      He 1                1.09171m    33.102    0.0014      Cl 3                3342.80A    33.038    0.0012
H  1                8598.40A    33.857    0.0082      He 1                1.90894m    33.118    0.0015      Mg 2                2802.71A    35.066    0.1330
H  1                8545.39A    33.774    0.0068      He 1                4.03663m    33.113    0.0015      Mg 2                2795.53A    35.361    0.2629
H  1                8502.49A    33.698    0.0057      He 1                2.61850m    32.979    0.0011      N  2                121.769m    33.229    0.0019
H  1                8467.26A    33.627    0.0048      He 1                4.04791m    33.467    0.0033      N  2                6527.23A    32.950    0.0010
H  1                8437.96A    33.560    0.0042      He 1                2.62337m    33.169    0.0017      N  2                6548.05A    36.222    1.9086
H  1                8413.32A    33.500    0.0036      He 1                4.04793m    32.983    0.0011      N  2                6583.45A    36.692    5.6262
H  1                8392.40A    33.446    0.0032      extra Lyman.....................................      N  2                3062.83A    34.088    0.0140
H  1                8374.48A    33.399    0.0029      database lines..................................      N  2                5754.59A    35.368    0.2671
H  1                4.05115m    34.768    0.0671      Ar 2                6.98337m    35.046    0.1272      N  2                2139.01A    34.718    0.0597
H  1                2.62515m    34.549    0.0405      Ar 3                3109.18A    33.706    0.0058      N  2                2142.77A    35.108    0.1468
H  1                2.16553m    34.348    0.0255      Ar 3                5191.82A    33.371    0.0027      N  2                1085.70A    33.308    0.0023
H  1                1.94456m    34.172    0.0170      Ar 3                7135.79A    35.443    0.3171      N  2                1084.58A    33.089    0.0014
H  1                1.81741m    34.016    0.0119      Ar 3                7751.11A    34.818    0.0753      N  2                1085.55A    32.981    0.0011
H  1                1.73621m    33.878    0.0086      Ar 3                8.98898m    35.219    0.1896      N  2                1083.99A    32.980    0.0011
H  1                1.68065m    33.778    0.0069      Ar 3                21.8253m    33.777    0.0068      N  2                915.612A    33.010    0.0012
H  1                1.64072m    33.674    0.0054      C  1                1561.44A    33.100    0.0014      N  2                916.012A    32.947    0.0010
H  1                1.61093m    33.578    0.0043      C  1                1656.27A    33.293    0.0022      N  2                916.701A    33.085    0.0014
H  1                1.58805m    33.489    0.0035      C  1                1656.93A    33.020    0.0012      N  2                915.962A    33.010    0.0012
H  1                1.57007m    33.407    0.0029      C  1                1657.01A    33.365    0.0027      Na 3                7.31570m    34.031    0.0123
H  1                1.55565m    33.330    0.0024      C  1                1657.38A    32.984    0.0011      Ni 2                6.63416m    33.073    0.0014
H  1                1.54389m    33.259    0.0021      C  1                1657.91A    33.019    0.0012      Ni 2                7377.83A    33.573    0.0043
H  1                1.53418m    33.193    0.0018      C  1                1658.12A    33.044    0.0013      level 1 lines...................................
H  1                1.52605m    33.133    0.0016      C  1                1930.90A    33.204    0.0018      recombination...................................
H  1                1.51919m    33.078    0.0014      C  1                8727.13A    34.943    0.1003      level2 lines....................................
H  1                1.51332m    33.032    0.0012      C  1                9824.13A    35.054    0.1296      C  1                943.939A    33.114    0.0015
H  1                7.45782m    34.247    0.0202      C  1                9850.26A    35.530    0.3873      N  1                942.258A    33.084    0.0014
H  1                4.65251m    34.080    0.0137      C  2                1036.34A    33.486    0.0035      O  1                976.791A    33.085    0.0014
H  1                3.73954m    33.912    0.0093      C  2                1037.02A    33.518    0.0038      O  1                969.049A    33.040    0.0013
H  1                3.29609m    33.760    0.0066      C  2                1334.53A    34.534    0.0391      O  1                946.387A    33.021    0.0012
H  1                3.03837m    33.622    0.0048      C  2                1335.66A    34.573    0.0428      O  1                934.501A    33.002    0.0011
H  1                2.87221m    33.489    0.0035      C  2                1335.71A    35.025    0.1212      O  1                973.577A    32.962    0.0010
H  1                2.75752m    33.386    0.0028      C  2                2323.50A    35.318    0.2380      O  1                927.472A    32.980    0.0011
H  1                2.67440m    33.290    0.0022      C  2                2324.69A    35.534    0.3916      O  1                922.969A    32.953    0.0010
H  1                2.61194m    33.202    0.0018      C  2                2325.40A    36.348    2.5466      Si 2                1179.59A    33.106    0.0015
H  1                2.56363m    33.120    0.0015      C  2                2326.93A    36.100    1.4411      hyperfine structure.............................
H  1                2.52540m    33.043    0.0013      C  2                2328.12A    35.588    0.4426      inner shell.....................................
H  1                2.49458m    32.972    0.0011      C  2                157.636m    33.858    0.0082      molecules.......................................
H  1                12.3685m    33.811    0.0074      C  3                1908.73A    35.582    0.4366      bands...........................................
H  1                7.50045m    33.679    0.0055      C  3                1906.68A    35.303    0.2296      Fe 2b               2500.00A    34.539    0.0396
H  1                5.90660m    33.537    0.0039      C  3                977.020A    33.816    0.0075      Fe 2b               5000.00A    34.849    0.0807
H  1                5.12726m    33.403    0.0029      F  2                4789.45A    33.696    0.0057      Fe 2b               7000.00A    34.599    0.0454
H  1                4.67124m    33.251    0.0020      Fe 2                25.9813m    33.451    0.0032      Fe 2b               10000.0A    35.155    0.1633
H  1                4.37526m    33.148    0.0016      Fe 2                5.33871m    33.538    0.0039      Fe 2b               2355.00A    34.183    0.0174
H  1                4.16966m    33.054    0.0013      Fe 2                1.25668m    33.405    0.0029      Fe 2b               2430.00A    34.501    0.0363
H  1                4.01977m    32.966    0.0011      Fe 2                4287.39A    33.471    0.0034      Fe 2b               2445.00A    34.501    0.0363
H  1                19.0567m    33.435    0.0031      Fe 2                2599.40A    33.663    0.0053      Fe 2b               2610.00A    34.216    0.0188
H  1                11.3056m    33.328    0.0024      Fe 2                2585.88A    33.031    0.0012      Fe 2b               2758.00A    33.417    0.0030
H  1                8.75768m    33.206    0.0018      Fe 2                2382.04A    33.595    0.0045      Fe 2b               2780.00A    33.457    0.0033
H  1                7.50606m    33.046    0.0013      Fe 2                35.3391m    32.949    0.0010      Fe 2b               3250.00A    32.993    0.0011
H  1                6.77015m    32.946    0.0010      Fe 2                7637.52A    33.165    0.0017      Fe 2b               3590.00A    33.122    0.0015
H  1                27.7958m    33.105    0.0015      Fe 2                4359.33A    33.340    0.0025      Fe 2b               4255.00A    34.278    0.0217
H  1                16.2047m    33.017    0.0012      Fe 2                2625.67A    33.283    0.0022      Fe 2b               4558.00A    33.557    0.0041
He 2                1640.41A    35.466    0.3342      Fe 2                2611.87A    33.302    0.0023      Fe 2b               4600.00A    33.623    0.0048
He 2                1215.13A    34.991    0.1120      Fe 2                2598.37A    33.119    0.0015      Fe 2b               4743.00A    33.146    0.0016
He 2                1084.94A    34.621    0.0478      Fe 2                2395.63A    33.336    0.0025      Fe 2b               4855.00A    33.609    0.0046
He 2                1025.27A    34.364    0.0264      Fe 2                7686.93A    33.125    0.0015      Fe 2b               4920.00A    34.141    0.0158
He 2                992.358A    34.154    0.0163      Fe 2                4413.78A    33.188    0.0018      Fe 2b               4975.00A    33.679    0.0055
He 2                972.106A    33.980    0.0109      Fe 2                2631.32A    33.132    0.0016      Fe 2b               4971.00A    33.614    0.0047
He 2                958.693A    33.831    0.0078      Fe 2                2607.09A    33.049    0.0013      Fe 2b               5070.00A    33.635    0.0049
He 2                949.323A    33.700    0.0057      Fe 2                2404.89A    32.982    0.0011      Fe 2b               5143.00A    34.087    0.0140
He 2                942.507A    33.831    0.0078      Fe 2                4452.10A    32.996    0.0011      Fe 2b               5270.00A    34.449    0.0321
He 2                937.389A    33.738    0.0063      Fe 2                2631.05A    32.992    0.0011      Fe 2b               5318.00A    34.201    0.0182
He 2                933.444A    33.652    0.0051      Fe 2                17.9311m    33.762    0.0066      Fe 2b               5540.00A    33.633    0.0049
He 2                930.337A    33.573    0.0043      Fe 2                1.64355m    34.583    0.0438      Fe 2b               5865.00A    33.038    0.0012
He 2                927.846A    33.499    0.0036      Fe 2                1.53348m    34.200    0.0181      Fe 2b               6565.00A    33.149    0.0016
He 2                925.816A    33.431    0.0031      Fe 2                8616.95A    33.754    0.0065      Fe 2b               6910.00A    32.990    0.0011
He 2                924.142A    33.368    0.0027      Fe 2                7155.17A    34.245    0.0201      Fe 2b               7445.00A    34.566    0.0421
He 2                922.743A    33.310    0.0023      Fe 2                5273.36A    33.391    0.0028      Fe 2b               8625.00A    34.464    0.0333
He 2                921.562A    33.257    0.0021      Fe 2                5158.79A    33.957    0.0104      Fe 2b               1.03250m    33.563    0.0042
He 2                920.556A    33.210    0.0019      Fe 2                5111.64A    33.160    0.0017      Fe 2b               1.88900m    34.444    0.0318
He 2                919.693A    33.171    0.0017      Fe 2                5072.41A    33.358    0.0026      Fe 2b               2.20000m    33.228    0.0019
He 2                4685.68A    34.586    0.0441      Fe 2                4814.54A    33.142    0.0016      miscellaneous...................................
He 2                3203.08A    34.261    0.0208      Fe 2                4243.97A    33.560    0.0042      C 1R                1656.00A    33.872    0.0085
He 2                2733.28A    33.997    0.0114      Fe 2                24.5126m    33.233    0.0020      C 2R                1335.00A    35.069    0.1341
He 2                2511.19A    33.781    0.0069      Fe 2                1.80940m    33.982    0.0110      Blnd                1650.00A    35.467    0.3355
He 2                2385.39A    33.600    0.0046      Fe 2                1.67688m    33.774    0.0068      Blnd                1304.00A    33.771    0.0067
He 2                2306.18A    33.445    0.0032      Fe 2                1.59948m    33.956    0.0103      Blnd                1039.00A    33.048    0.0013
He 2                2252.67A    33.308    0.0023      Fe 2                9051.95A    33.913    0.0094      Blnd                2798.00A    35.539    0.3959
He 2                2214.65A    33.351    0.0026      Fe 2                8891.93A    33.526    0.0038      Blnd                6720.00A    35.726    0.6091
He 2                2186.59A    33.258    0.0021      Fe 2                7452.56A    33.753    0.0065      Blnd                4074.00A    35.918    0.9470
He 2                2165.23A    33.172    0.0017      Fe 2                7172.00A    33.743    0.0063      Blnd                1.03300m    35.809    0.7370
He 2                2148.58A    33.093    0.0014      Fe 2                5527.36A    33.504    0.0036      Blnd                1256.00A    33.490    0.0035
He 2                2135.34A    33.020    0.0012      Fe 2                5261.63A    33.687    0.0056      Blnd                1720.00A    33.272    0.0021
He 2                2124.61A    32.952    0.0010      Fe 2                4947.39A    33.199    0.0018      Blnd                3722.00A    33.761    0.0066
He 2                1.01235m    33.973    0.0107      Fe 2                4276.84A    33.221    0.0019      Blnd                5892.00A    33.065    0.0013
He 2                6560.01A    33.733    0.0062      Fe 2                1.95361m    33.071    0.0013      Blnd                2665.00A    34.409    0.0294
He 2                5411.45A    33.517    0.0038      Fe 2                1.80002m    33.759    0.0066      Blnd                2335.00A    35.153    0.1629
He 2                4859.26A    33.333    0.0025      Fe 2                1.71113m    33.279    0.0022      Blnd                1888.00A    34.141    0.0158
He 2                4541.54A    33.174    0.0017      Fe 2                1.66377m    33.666    0.0053      Blnd                3350.00A    33.181    0.0017
He 2                4338.62A    33.034    0.0012      Fe 2                9399.04A    33.491    0.0035      Blnd                5525.00A    33.382    0.0028
He 2                4199.78A    32.982    0.0011      Fe 2                9226.63A    33.582    0.0044      Blnd                7306.00A    34.172    0.0170
He 2                1.86365m    33.473    0.0034      Fe 2                9033.49A    33.159    0.0017      Blnd                3933.00A    33.947    0.0101
He 2                1.16262m    33.293    0.0022      Fe 2                7388.17A    33.623    0.0048      Blnd                1657.00A    33.927    0.0097
He 2                9344.80A    33.115    0.0015      Fe 2                5412.67A    33.018    0.0012      Blnd                9850.00A    35.655    0.5169
He 2                8236.67A    32.957    0.0010      Fe 2                5333.66A    33.343    0.0025      Blnd                2326.00A    36.646    5.0599
He 2                3.09080m    33.046    0.0013      Fe 2                5049.30A    33.025    0.0012      Blnd                1335.00A    35.249    0.2031
He-like iso-sequence............................      Fe 2                5005.52A    33.052    0.0013      Blnd                1909.00A    35.765    0.6662
He 1                1.08291m    34.717    0.0596      Fe 2                4319.62A    32.977    0.0011      Blnd                3467.00A    34.659    0.0522
He 1                1.08302m    35.452    0.3236      Fe 2                1.89541m    33.023    0.0012      Blnd                5199.00A    35.183    0.1742
He 1                1.08303m    35.834    0.7811      Fe 2                1.79711m    33.625    0.0048      Blnd                1.04030m    35.415    0.2971
Blnd                1.08302m    36.008    1.1642      Fe 2                1.74494m    33.344    0.0025      Blnd                1085.00A    33.777    0.0068
He 1                3888.64A    35.172    0.1699      Fe 2                9470.94A    33.192    0.0018      Blnd                2141.00A    35.257    0.2066
He 1                3187.74A    34.739    0.0627      Fe 2                9267.56A    33.463    0.0033      Blnd                1750.00A    33.221    0.0019
He 1                2945.10A    34.410    0.0294      Fe 2                5376.47A    33.325    0.0024      Blnd                6300.00A    36.236    1.9691
He 1                2829.08A    34.145    0.0160      Fe 2                4358.37A    32.953    0.0010      Blnd                2471.00A    35.824    0.7627
He 1                2760.44A    33.558    0.0041      Fe 2                2755.74A    33.002    0.0011      Blnd                7323.00A    35.656    0.5179
He 1                2721.00A    33.411    0.0029      Fe 2                2.22379m    33.055    0.0013      Blnd                7332.00A    35.572    0.4266
He 1                2694.61A    33.278    0.0022      Fe 3                4881.00A    33.323    0.0024      Blnd                3727.00A    35.921    0.9545
He 1                2676.05A    33.158    0.0016      Fe 3                4658.05A    33.525    0.0038      Blnd                7325.00A    35.917    0.9445
He 1                2662.47A    33.041    0.0013      Fe 3                5270.40A    33.342    0.0025      Blnd                1666.00A    33.039    0.0013
He 1                2.05813m    34.472    0.0339      Fe 3                4701.54A    33.141    0.0016      Blnd                5007.00A    35.259    0.2075
He 1                5015.68A    34.511    0.0371      K  3                4.61683m    33.578    0.0043



 
 Cooling:  H  1c                     0  :0.327 C  2c                     0  :0.109 O  2c                     0  :0.055 N  2c                     0  :0.165  
 Heating:  BFH1                      0  :0.771 BFHe                      0  :0.202  

 These are some of the most important databases used by Cloudy:
 Many recombination coefficients were taken from http://amdpp.phys.strath.ac.uk/tamoc/RR/ and http://amdpp.phys.strath.ac.uk/tamoc/DR/
      and are based on the following papers:
        Badnell N. R., et al., A&A 406, 1151 (2003) [http://adsabs.harvard.edu/abs/2003A%26A...406.1151B]
        Badnell N. R., ApJS 167, 334 (2006) [http://adsabs.harvard.edu/abs/2006ApJS..167..334B]
 Much of the molecular emission data is from LAMDA as accessed on June 30, 2015. This database is described in:
        Schoeier F.L., et al., A&A 432, 369 (2005) [http://adsabs.harvard.edu/abs/2005A%26A...432..369S]
      This database is in part based on the work of the following groups:
        JPL: Pickett H. M. et al., JQSRT, 60, 883 (1998). [http://adsabs.harvard.edu/abs/1998JQSRT..60..883P]
        CDMS: Mueller H. S. et al., A&A 370, L49 (2001). [http://adsabs.harvard.edu/abs/2001A%26A...370L..49M]
              Mueller H. S. et al., J. Mol. Struct. 742, 215 (2005). [http://adsabs.harvard.edu/abs/2005JMoSt.742..215M]
 Some of the ionic emission data is from a reprocessed version of 10.1 of CHIANTI. CHIANTI is a collaborative project involving the NRL (USA), the
      Universities of Florence (Italy) and Cambridge (UK), and George Mason University (USA). These papers describe Chianti:
        Dere K. P., et al., A&AS, 125, 149 (1997) [http://adsabs.harvard.edu/abs/1997A%26AS..125..149D]
        Dere, K. P., et al., APJ, 268, 52 (2023) [https://ui.adsabs.harvard.edu/abs/2023ApJS..268...52D]
      This paper describes the reprocessed version of Chianti used:
        Gunasekera, C. M., et al., Astronomy, 1, 255. (2022) [https://ui.adsabs.harvard.edu/abs/2022Astro...1..255G]
 Much of the H_2 data is from this web site: http://molat.obspm.fr/index.php?page=pages/Molecules/H2/H2can94.php. These data are
      described in:
        Abgrall H. et al., Can. J. Phys., 72, 856 (1994) [http://adsabs.harvard.edu/abs/1994CaJPh..72..856A]
        Wrathmall S. A. & Flower D. R., J. Phys. B, 40, 3221 (2007) [http://adsabs.harvard.edu/abs/2007JPhB...40.3221W]
 The Case A and Case B recombination predictions for one-electron systems are from
	Storey, P.J. & Hummer, D.G., 1995, MNRAS 272, 41 http://adsabs.harvard.edu/abs/1995MNRAS.272...41S
 The He I recombination predictions are from
	Porter, R. L.; Ferland, G. J.; Storey, P. J.; Detisch, M. J., 2012, MNRAS, 425, 28p http://adsabs.harvard.edu/abs/2012MNRAS.425L..28P
		http://adsabs.harvard.edu/abs/2013MNRAS.433L..89P

 If you find some process or data set to be particularly critical to a result, please follow the trail of references back to the
 original source and cite that.  This will support and encourage atomic, molecular, and chemical physicists to continue their
 valuable work.

 IONIZE PARMET:  U(1-) -4.3012  U(4-): -5.5344  U(sp): -4.30  Q(ion):   45.029  L(ion) 35.210    Q(low): 49.847    L(low) 37.993
 ENERGY BUDGET:  Heat:  37.629  Coolg:  37.629  Error:  0.1%  Rec Lin:  36.951  F-F  H  0.000    P(rad/tot)max     6.48E-04    R(F Con):1.737e+05

     Col(Heff):      3.365E+19  snd travl time  5.58E+08 sec  Te-low: 3.98E+03  Te-hi: 1.05E+04  G0TH85: 4.65E+02  G0DB96:7.60E+02
  Emiss Measure    n(e)n(p) dl       5.567E+23  n(e)n(He+)dl         6.899E+22  En(e)n(He++) dl         2.532E+21  ne nC+:6.14E+20
 He/Ha:1.34E-01  =   1.34*true  Lthin:7.84E+01  itr/zn: 6.95  H2 itr/zn:  0.00  File Opacity: F  MassTot 1.25e+33  (gm)
   Temps(21 cm)   T(21cm/Ly a)  5.49E+03        T(<nH/Tkin>)  7.08E+03          T(<nH/Tspin>)    5.93E+03          TB21cm:9.63E-01
                   N(H0/Tspin)  5.63E+15        N(OH/Tkin)    1.88E+06          B(21cm)          0.00E+00
   <a>:3.00E-06  erdeFe0.0E+00  Tcompt7.33E+07  Tthr1.54E+09  <Tden>: 7.93E+03  <dens>:2.37E-19  <MolWgt>1.11E+00
     Mean Jeans  l(cm)1.01E+19  M(sun)6.42E+04  smallest:     len(cm):7.15E+18  M(sun):2.29E+04  a_ox tran:  0.00
 Rion:1.000E+18  Dist:0.00E+00  Diam:0.000E+00
 Hatom level 70  HatomType: add  HInducImp  F  He tot level: 63  He2 level:   70  ExecTime    58.5
 ConvrgError(%)  <eden>  0.064  MaxEden  0.804  <H-C>   0.12  Max(H-C)    0.45  <Press>   0.000  MaxPrs er  0.000
  Continuity(%)  chng Te   1.5  elec den   5.7  n(H2)    0.0  n(CO)        0.0

                                                        Averaged Quantities
             Te      Te(Ne)   Te(NeNp)  Te(NeHe+)Te(NeHe2+) Te(NeO+)  Te(NeO2+)  Te(H2)     N(H)     Ne(O2+)   Ne(Np)
 Radius:  7.93e+03  9.65e+03  1.00e+04  9.92e+03  9.98e+03  1.00e+04  1.02e+04  4.83e+03  1.00e+05  9.05e+04  6.53e+04
 
 Peimbert T(OIIIr)1.04E+04 T(Bac)1.01E+04 T(Hth)9.94E+03 t2(Hstrc) 1.12e-03 T(O3-BAC)1.01E+04 t2(O3-BC) 1.01e-02 t2(O3str) 1.48e-04

 Contin Optical Depths: COMP: 6.66e-06    H-: 6.96e-05 R(1300): 2.24e-04  H2+: 7.84e-07  Bra:6.67E-06
                          Pa: 6.67e-06    Ba: 7.02e-05      Hb: 5.57e-05   La: 5.52e-01     1r:2.119E+02  1.8:6.22E+01 4.:1.126E+01

 Old, new H  1 continuum optical depths:
     1 2.12e+02     2 3.56e-05     3 6.98e-05     4 6.98e-05     5 6.98e-05     6 1.80e-05     7 1.80e-05     8 1.80e-05
     9 1.80e-05    10 1.24e-12    11 1.24e-12    12 1.24e-12    13 1.24e-12    14 1.24e-12    15 2.83e-12    16 2.83e-12
    17 2.83e-12    18 2.83e-12    19 2.83e-12    20 2.83e-12    21 5.76e-12    22 5.76e-12    23 5.76e-12    24 5.76e-12
    25 5.76e-12    26 5.76e-12    27 5.76e-12    28 1.07e-11    29 1.07e-11    30 1.07e-11    31 1.07e-11    32 1.07e-11
    33 1.07e-11    34 1.07e-11    35 1.07e-11    36 1.88e-11    37 1.88e-11    38 1.88e-11    39 1.88e-11    40 1.88e-11
    41 1.88e-11    42 1.88e-11    43 1.88e-11    44 1.88e-11    45 3.12e-11    46 3.12e-11    47 3.12e-11    48 3.12e-11
    49 3.12e-11    50 3.12e-11    51 3.12e-11    52 3.12e-11    53 3.12e-11    54 3.12e-11
     1 2.12e+02     2 3.57e-05     3 7.00e-05     4 7.00e-05     5 7.00e-05     6 1.81e-05     7 1.81e-05     8 1.81e-05
     9 1.81e-05    10 1.24e-12    11 1.24e-12    12 1.24e-12    13 1.24e-12    14 1.24e-12    15 2.84e-12    16 2.84e-12
    17 2.84e-12    18 2.84e-12    19 2.84e-12    20 2.84e-12    21 5.77e-12    22 5.77e-12    23 5.77e-12    24 5.77e-12
    25 5.77e-12    26 5.77e-12    27 5.77e-12    28 1.08e-11    29 1.08e-11    30 1.08e-11    31 1.08e-11    32 1.08e-11
    33 1.08e-11    34 1.08e-11    35 1.08e-11    36 1.89e-11    37 1.89e-11    38 1.89e-11    39 1.89e-11    40 1.89e-11
    41 1.89e-11    42 1.89e-11    43 1.89e-11    44 1.89e-11    45 3.13e-11    46 3.13e-11    47 3.13e-11    48 3.13e-11
    49 3.13e-11    50 3.13e-11    51 3.13e-11    52 3.13e-11    53 3.13e-11    54 3.13e-11

 Old, new H  1 mean line optical depths:
  2- 1 4.12e+06  3- 2 6.39e-04  4- 3 3.27e-09  5- 4 1.50e-09  6- 5 3.32e-10  7- 6-7.38e-10  8- 7 6.77e-10
  9- 8 5.66e-09 10- 9 1.53e-08 11-10 2.42e-07 12-11-9.17e-08 13-12-1.46e-07 14-13-2.28e-07 15-14-3.50e-07 16-15-5.41e-07
 17-16-8.45e-07 18-17-1.35e-06 19-18-2.30e-06 20-19-4.09e-06 21-20-8.00e-06 22-21-1.81e-05 23-22-5.32e-05 24-23-2.58e-04
 25-24-3.46e-03
  2- 1 4.12e+06  3- 2 6.26e-04  4- 3 3.27e-09  5- 4 1.49e-09  6- 5 2.89e-10  7- 6-8.42e-10  8- 7 4.78e-10
  9- 8 5.34e-09 10- 9 1.48e-08 11-10 2.42e-07 12-11-9.53e-08 13-12-1.52e-07 14-13-2.38e-07 15-14-3.68e-07 16-15-5.69e-07
 17-16-8.89e-07 18-17-1.42e-06 19-18-2.40e-06 20-19-4.26e-06 21-20-8.26e-06 22-21-1.86e-05 23-22-5.43e-05 24-23-2.62e-04
 25-24-3.48e-03

 Old, new He 2 continuum optical depths:
     1 1.13e+01     2 2.11e+02     3 4.85e-05     4 4.85e-05     5 4.85e-05     6 3.56e-05     7 3.56e-05     8 3.56e-05
     9 3.56e-05    10 5.66e-05    11 5.66e-05    12 5.66e-05    13 5.66e-05    14 5.66e-05    15 6.98e-05    16 6.98e-05
    17 6.98e-05    18 6.98e-05    19 6.98e-05    20 6.98e-05    21 5.87e-05    22 5.87e-05    23 5.87e-05    24 5.87e-05
    25 5.87e-05    26 5.87e-05    27 5.87e-05    28 1.80e-05    29 1.80e-05    30 1.80e-05    31 1.80e-05    32 1.80e-05
    33 1.80e-05    34 1.80e-05    35 1.80e-05    36 7.17e-13    37 7.17e-13    38 7.17e-13    39 7.17e-13    40 7.17e-13
    41 7.17e-13    42 7.17e-13    43 7.17e-13    44 7.17e-13    45 1.24e-12    46 1.24e-12    47 1.24e-12    48 1.24e-12
    49 1.24e-12    50 1.24e-12    51 1.24e-12    52 1.24e-12    53 1.24e-12    54 1.24e-12
     1 1.13e+01     2 2.11e+02     3 4.86e-05     4 4.86e-05     5 4.86e-05     6 3.57e-05     7 3.57e-05     8 3.57e-05
     9 3.57e-05    10 5.67e-05    11 5.67e-05    12 5.67e-05    13 5.67e-05    14 5.67e-05    15 7.00e-05    16 7.00e-05
    17 7.00e-05    18 7.00e-05    19 7.00e-05    20 7.00e-05    21 5.89e-05    22 5.89e-05    23 5.89e-05    24 5.89e-05
    25 5.89e-05    26 5.89e-05    27 5.89e-05    28 1.81e-05    29 1.81e-05    30 1.81e-05    31 1.81e-05    32 1.81e-05
    33 1.81e-05    34 1.81e-05    35 1.81e-05    36 7.18e-13    37 7.18e-13    38 7.18e-13    39 7.18e-13    40 7.18e-13
    41 7.18e-13    42 7.18e-13    43 7.18e-13    44 7.18e-13    45 1.24e-12    46 1.24e-12    47 1.24e-12    48 1.24e-12
    49 1.24e-12    50 1.24e-12    51 1.24e-12    52 1.24e-12    53 1.24e-12    54 1.24e-12

 Old, new He 2 mean line optical depths:
  2- 1 7.32e+04  3- 2 6.16e-07  4- 3 1.37e-12  5- 4-2.24e-12  6- 5-7.19e-12  7- 6-1.20e-11  8- 7-1.27e-11
  9- 8-5.61e-12 10- 9 1.06e-11 11-10 6.28e-10 12-11-2.93e-10 13-12-4.64e-10 14-13-7.29e-10 15-14-1.11e-09 16-15-1.67e-09
 17-16-2.51e-09 18-17-3.81e-09 19-18-5.84e-09 20-19-9.66e-09 21-20-1.68e-08 22-21-3.21e-08 23-22-7.22e-08 24-23-2.22e-07
 25-24-7.91e-06
  2- 1 7.32e+04  3- 2 6.22e-07  4- 3 1.39e-12  5- 4-2.25e-12  6- 5-7.33e-12  7- 6-1.24e-11  8- 7-1.33e-11
  9- 8-6.61e-12 10- 9 9.20e-12 11-10 6.30e-10 12-11-3.05e-10 13-12-4.85e-10 14-13-7.64e-10 15-14-1.17e-09 16-15-1.76e-09
 17-16-2.66e-09 18-17-4.03e-09 19-18-6.17e-09 20-19-1.02e-08 21-20-1.76e-08 22-21-3.35e-08 23-22-7.50e-08 24-23-2.30e-07
 25-24-8.05e-06

 Old He Is optical depths:    1 6.23e+01    2 6.36e-05    3 2.95e-05    4 3.30e-05    5 3.30e-05
 New He Is optical depths:    1 6.22e+01    2 6.37e-05    3 2.96e-05    4 3.31e-05    5 3.31e-05
          Old He Is Lines:  584 2.23e+05 3889 7.84e-01 5016 8.76e-05 5876 7.28e-08
          New He Is Lines:  584 2.23e+05 3889 7.85e-01 5016 8.89e-05 5876 7.52e-08

==== H      compounds ====           Log10 column densities [cm^-2]
   H2        : 12.674   H2*       : 12.221   H2+       : 11.049   H3+       :  5.657
==== He     compounds ====
   HeH+      : 11.527
==== Li     compounds ====
   LiH       : -9.306   LiH+      : -9.900
==== C      compounds ====
   CH        :  8.267   CH+       :  8.554   CH2       :  2.261   CH2+      :  2.508   CH3       : -3.535   CH3+      : -3.679
   CH4       : -9.221   CH4+      :-11.153   CH5+      :-16.282   C2        :  3.066   C2+       :  4.418   C2H       : -2.672
   C2H+      : -1.347   C2H2      : -9.907   C2H2+     : -6.649   C2H3+     :-12.482   C3        :-10.587   C3+       : -5.803
   C3H       :-14.798   C3H+      :-11.245
==== N      compounds ====
   NH        :  9.622   NH+       :  8.907   NH2       :  2.794   NH2+      :  2.523   NH3       : -2.994   NH3+      : -3.942
   NH4+      :-12.747   CN        :  7.426   CN+       :  6.019   HCN       :  1.874   HCN+      :  0.945   HNC       : -1.509
   HCNH+     : -5.143   HC3N      :-20.127   N2        :  7.003   N2+       :  5.786   N2H+      : -5.836
==== O      compounds ====
   OH        :  9.986   OH+       :  9.336   H2O       :  3.879   H2O+      :  3.209   H3O+      : -2.968   CO        :  9.125
   CO+       :  6.782   HCO+      :  1.573   H2CO      : -7.717   NO        :  6.607   NO+       :  5.294   HNO       :  0.217
   HNO+      : -1.153   OCN       : -2.000   OCN+      : -1.446   N2O       : -2.968   O2        :  5.794   O2+       :  6.166
   NO2       : -4.134   NO2+      : -3.914
==== F      compounds ====
   HF        :  7.446   HF+       :  5.269   H2F+      : -1.003   CF+       :  5.681
==== Ne     compounds ====
   NeH+      :  7.240
==== Si     compounds ====
   SiH       : -0.229   SiH2      :-35.930   SiH2+     : -1.110   SiC       :-35.930   SiC+      :  6.470   SiCH2+    :-35.930
   SiC2      :-35.930   SiC2+     :-13.367   SiN       : -3.438   SiN+      :  4.637   SiNC      :-35.930   SiNC+     : -6.595
   SiO       :  1.966   SiO+      :  4.870   SiOH+     : -1.423
==== P      compounds ====
   PH        : -3.751   PH+       : -3.941   PH2       :-18.834   PH2+      : -3.916   PH3       :-18.252   PH3+      :-19.223
   CP        : -3.142   CP+       : -4.554   HCP       :-35.930   HCP+      :-11.553   PN        : -0.644   PN+       : -3.033
   PO        :  0.209   PO+       :  2.504
==== S      compounds ====
   HS        :  5.421   HS+       :  6.008   CS        :  0.484   CS+       :  2.638   HCS+      : -2.666   NS        :  2.374
   NS+       :  4.436   SO        :  2.585   SO+       :  4.848   OCS       : -6.788   OCS+      : -8.047   SO2       :-35.930
   SiS       : -2.877   SiS+      : -5.496   HSiS      :-35.930   HSiS+     : -8.678   S2        : -5.831   S2+       : -7.174
==== Cl     compounds ====
   HCl       :  2.600   HCl+      :  5.861   H2Cl+     :  0.042   CCl       :-21.315   CCl+      : -1.090   H2CCl+    :-23.287
   ClO       :-24.930   ClO+      :-27.873
==== Ar     compounds ====
   ArH+      :  8.038


               1      2      3      4      5      6      7      8      9     10     11     12     13     14     15     16     17

 Hydrogen   19.523 18.931 12.805 (H2)                Log10 Column density (cm^-2)
 Helium     18.446 18.131 16.631
 Lithium    -2.802 -0.379 -5.493-30.000
 Beryllium  -1.168 -0.477 -1.750 -6.299-30.000
 Boron      -2.533 -0.387 -2.247 -3.556-30.000-30.000
 Carbon     14.945 16.477 15.254 11.556-30.000-30.000-30.000
 Nitrogen   15.739 15.310 13.213  9.940-30.000-30.000-30.000-30.000
 Oxygen     16.176 15.530 13.561 10.138-30.000-30.000-30.000-30.000-30.000
 Fluorine   12.645 12.796 12.280  7.961-30.000-30.000-30.000-30.000-30.000-30.000
 Neon       15.096 15.365 15.020 10.834-30.000-30.000-30.000-30.000-30.000-30.000-30.000
 Sodium     11.585 13.754 13.351  9.186-30.000-30.000-30.000-30.000-30.000-30.000-30.000-30.000
 Magnesium  12.165 13.714 13.142  8.331-30.000-30.000-30.000-30.000-30.000-30.000-30.000-30.000-30.000
 Aluminium   9.710 13.028 11.583 11.431-30.000-30.000-30.000-30.000-30.000-30.000-30.000-30.000-30.000-30.000
 Silicon    11.749 14.616 12.701  9.966-30.000-30.000-30.000-30.000-30.000-30.000-30.000-30.000-30.000-30.000-30.000
 Phosphorus  9.592 12.916 11.115  8.725-30.000-30.000-30.000-30.000-30.000-30.000-30.000-30.000-30.000-30.000-30.000-30.000
 Sulphur    12.751 14.593 13.343  9.897-30.000-30.000-30.000-30.000-30.000-30.000-30.000-30.000-30.000-30.000-30.000-30.000-30.000
 Chlorine   10.040 12.828 11.585  8.180-30.000-30.000-30.000-30.000-30.000-30.000-30.000-30.000-30.000-30.000-30.000-30.000-30.000
-30.000
 Argon      13.795 13.400 13.410  9.591-30.000-30.000-30.000-30.000-30.000-30.000-30.000-30.000-30.000-30.000-30.000-30.000-30.000
-30.000-30.000
 Potassium   9.811 12.662 11.636  7.683-30.000-30.000-30.000-30.000-30.000-30.000-30.000-30.000-30.000-30.000-30.000-30.000-30.000
-30.000-30.000-30.000
 Calcium     9.036 11.419 11.379  8.306  3.828-30.000-30.000-30.000-30.000-30.000-30.000-30.000-30.000-30.000-30.000-30.000-30.000
-30.000-30.000-30.000-30.000
 Scandium   -3.292 -0.588 -0.842 -1.789 -5.205-30.000-30.000-30.000-30.000-30.000-30.000-30.000-30.000-30.000-30.000-30.000-30.000
-30.000-30.000-30.000-30.000-30.000
 Titanium   -4.284 -0.437 -1.277 -3.215 -4.230-30.000-30.000-30.000-30.000-30.000-30.000-30.000-30.000-30.000-30.000-30.000-30.000
-30.000-30.000-30.000-30.000-30.000-30.000
 Vanadium   -2.319 -0.480 -1.083 -3.818 -4.624-30.000-30.000-30.000-30.000-30.000-30.000-30.000-30.000-30.000-30.000-30.000-30.000
-30.000-30.000-30.000-30.000-30.000-30.000-30.000
 Chromium   -3.196 -0.428 -1.345 -4.195 -5.632-30.000-30.000-30.000-30.000-30.000-30.000-30.000-30.000-30.000-30.000-30.000-30.000
-30.000-30.000-30.000-30.000-30.000-30.000-30.000-30.000
 Manganese  -4.153 -0.415 -1.459 -4.364 -5.625-30.000-30.000-30.000-30.000-30.000-30.000-30.000-30.000-30.000-30.000-30.000-30.000
-30.000-30.000-30.000-30.000-30.000-30.000-30.000-30.000-30.000
 Iron        9.380 13.299 12.021  9.853  6.902-30.000-30.000-30.000-30.000-30.000-30.000-30.000-30.000-30.000-30.000-30.000-30.000
-30.000-30.000-30.000-30.000-30.000-30.000-30.000-30.000-30.000-30.000
 Cobalt     -1.849 -0.394 -2.797 -4.934 -6.854-30.000-30.000-30.000-30.000-30.000-30.000-30.000-30.000-30.000-30.000-30.000-30.000
-30.000-30.000-30.000-30.000-30.000-30.000-30.000-30.000-30.000-30.000-30.000
 Nickel      8.346 11.876  9.405  6.761  4.135-30.000-30.000-30.000-30.000-30.000-30.000-30.000-30.000-30.000-30.000-30.000-30.000
-30.000-30.000-30.000-30.000-30.000-30.000-30.000-30.000-30.000-30.000-30.000-30.000
 Copper     -2.051 -0.443 -1.302 -4.140 -7.594-30.000-30.000-30.000-30.000-30.000-30.000-30.000-30.000-30.000-30.000-30.000-30.000
-30.000-30.000-30.000-30.000-30.000-30.000-30.000-30.000-30.000-30.000-30.000-30.000-30.000
 Zinc       -2.282 -0.653 -0.772 -1.653 -3.301 -8.014-30.000-30.000-30.000-30.000-30.000-30.000-30.000-30.000-30.000-30.000-30.000
-30.000-30.000-30.000-30.000-30.000-30.000-30.000-30.000-30.000-30.000-30.000-30.000-30.000-30.000
 Exc state                  He[2] 12.867                 C+[2] 16.299                  C[1] 13.961                  C[2] 14.437
                             C[3] 14.658                  O[1] 15.994                  O[2] 15.570                  O[3] 15.156
                           Si+[1] 14.211                C+2[2] 10.871                C+2[3]  7.416                C+2[4] 11.438


 Hydrogen   -0.099 -0.691 -6.516 (H2)                 Log10 Mean Ionisation (over radius)
 Helium     -0.176 -0.491 -1.991
 Lithium    -2.425 -0.002 -5.115
 Beryllium  -0.791 -0.099 -1.372 -5.921
 Boron      -2.155 -0.009 -1.869 -3.178
 Carbon     -1.569 -0.037 -1.260 -4.958
 Nitrogen   -0.139 -0.567 -2.665 -5.937
 Oxygen     -0.089 -0.736 -2.705 -6.128
 Fluorine   -0.454 -0.303 -0.820 -5.138
 Neon       -0.568 -0.299 -0.644 -4.830
 Sodium     -2.316 -0.147 -0.550 -4.715
 Magnesium  -1.661 -0.113 -0.684 -5.495
 Aluminium  -3.343 -0.026 -1.471 -1.623
 Silicon    -2.873 -0.006 -1.921 -4.656
 Phosphorus -3.331 -0.007 -1.809 -4.198
 Sulphur    -1.871 -0.030 -1.279 -4.726
 Chlorine   -2.812 -0.025 -1.268 -4.673
 Argon      -0.259 -0.654 -0.644 -4.462
 Potassium  -2.891 -0.040 -1.066 -5.019
 Calcium    -2.665 -0.282 -0.323 -3.396 -7.874
 Scandium   -2.914 -0.210 -0.465 -1.411 -4.828
 Titanium   -3.907 -0.059 -0.900 -2.837 -3.853
 Vanadium   -1.941 -0.102 -0.705 -3.441 -4.246
 Chromium   -2.818 -0.050 -0.967 -3.818 -5.255
 Manganese  -3.776 -0.038 -1.081 -3.987 -5.247
 Iron       -3.942 -0.023 -1.300 -3.468 -6.420
 Cobalt     -1.471 -0.017 -2.420 -4.556 -6.476
 Nickel     -3.531 -0.002 -2.473 -5.117 -7.743
 Copper     -1.673 -0.066 -0.924 -3.762 -7.216
 Zinc       -1.905 -0.276 -0.395 -1.275 -2.923 -7.637

               1      2      3      4      5      6      7      8      9     10     11     12     13     14     15     16     17

 Hydrogen   -0.352 -0.255 -7.698 (H2)         Log10 Mean Ionisation (over radius*electron density)
 Helium     -0.543 -0.162 -1.597
 Lithium    -2.391 -0.002 -4.631
 Beryllium  -0.397 -0.303 -0.992 -6.275
 Boron      -1.699 -0.031 -1.325 -2.621
 Carbon     -1.313 -0.105 -0.782 -4.381
 Nitrogen   -0.486 -0.177 -2.089 -5.341
 Oxygen     -0.321 -0.288 -2.127 -5.530
 Fluorine   -1.076 -0.236 -0.474 -4.583
 Neon       -1.216 -0.286 -0.375 -4.288
 Sodium     -3.044 -0.228 -0.389 -4.203
 Magnesium  -1.573 -0.203 -0.460 -4.979
 Aluminium  -3.262 -0.022 -1.430 -1.936
 Silicon    -2.557 -0.020 -1.371 -4.087
 Phosphorus -3.423 -0.020 -1.349 -3.635
 Sulphur    -1.597 -0.081 -0.838 -4.145
 Chlorine   -2.889 -0.064 -0.868 -4.098
 Argon      -0.839 -0.578 -0.229 -3.896
 Potassium  -3.591 -0.086 -0.744 -4.453
 Calcium    -2.646 -0.206 -0.427 -2.862 -7.268
 Scandium   -3.076 -0.385 -0.342 -0.878 -4.255
 Titanium   -4.142 -0.164 -0.509 -2.259 -3.672
 Vanadium   -2.359 -0.277 -0.332 -2.863 -3.716
 Chromium   -2.654 -0.191 -0.452 -3.232 -4.704
 Manganese  -4.049 -0.142 -0.557 -3.400 -4.697
 Iron       -4.044 -0.083 -0.761 -2.878 -5.824
 Cobalt     -1.469 -0.021 -1.848 -3.970 -5.883
 Nickel     -3.672 -0.006 -1.900 -4.526 -7.137
 Copper     -1.627 -0.229 -0.413 -3.178 -6.615
 Zinc       -1.832 -0.574 -0.250 -0.818 -2.408 -7.035

               1      2      3      4      5      6      7      8      9     10     11     12     13     14     15     16     17

 Hydrogen    3.873  3.987  3.684 (H2)                  Log10 Mean Temperature (over radius)
 Helium      3.857  3.972  3.983
 Lithium     3.920  3.899  3.989
 Beryllium   3.983  3.875  3.971  3.852
 Boron       3.988  3.897  4.004  4.005
 Carbon      3.962  3.891  3.995  4.007
 Nitrogen    3.863  3.982  4.007  4.009
 Oxygen      3.876  3.989  4.007  4.009
 Fluorine    3.824  3.922  3.975  4.005
 Neon        3.816  3.909  3.962  4.003
 Sodium      3.794  3.884  3.937  3.996
 Magnesium   3.933  3.884  3.949  3.998
 Aluminium   3.918  3.900  3.899  3.855
 Silicon     3.960  3.898  4.004  4.003
 Phosphorus  3.882  3.898  3.989  4.006
 Sulphur     3.963  3.893  3.983  4.008
 Chlorine    3.892  3.894  3.977  4.007
 Argon       3.842  3.929  3.988  4.006
 Potassium   3.793  3.893  3.961  4.006
 Calcium     3.929  3.923  3.872  4.000  4.010
 Scandium    3.906  3.885  3.911  4.001  4.007
 Titanium    3.867  3.887  3.975  4.007  3.932
 Vanadium    3.865  3.879  3.974  4.007  3.999
 Chromium    3.947  3.885  4.000  4.008  4.001
 Manganese   3.859  3.889  4.001  4.008  4.000
 Iron        3.885  3.893  4.003  4.008  4.009
 Cobalt      3.921  3.898  4.006  4.007  4.009
 Nickel      3.874  3.899  4.006  4.008  4.010
 Copper      3.934  3.882  3.998  4.008  4.009
 Zinc        3.930  3.860  3.932  3.991  4.000  4.009

               1      2      3      4      5      6      7      8      9     10     11     12     13     14     15     16     17

 Hydrogen    3.963  4.002  3.716 (H2)          Log10 Mean Temperature (over radius*electron density)
 Helium      3.953  3.997  3.999
 Lithium     3.983  3.985  4.005
 Beryllium   3.999  3.969  4.001  3.958
 Boron       4.003  3.983  4.006  4.007
 Carbon      3.992  3.980  4.003  4.008
 Nitrogen    3.953  3.999  4.008  4.009
 Oxygen      3.965  4.002  4.008  4.009
 Fluorine    3.919  3.986  3.997  4.007
 Neon        3.916  3.984  3.994  4.007
 Sodium      3.907  3.981  3.991  4.006
 Magnesium   3.986  3.980  3.994  4.006
 Aluminium   3.988  3.985  3.989  3.963
 Silicon     3.998  3.984  4.007  4.008
 Phosphorus  3.980  3.984  4.003  4.007
 Sulphur     3.994  3.981  4.003  4.008
 Chlorine    3.979  3.982  4.001  4.008
 Argon       3.918  3.984  4.000  4.007
 Potassium   3.913  3.982  3.998  4.007
 Calcium     3.980  3.986  3.982  4.006  4.010
 Scandium    3.965  3.969  3.992  4.006  4.008
 Titanium    3.968  3.977  4.001  4.008  3.994
 Vanadium    3.944  3.971  4.000  4.008  4.006
 Chromium    3.988  3.973  4.005  4.008  4.007
 Manganese   3.965  3.977  4.005  4.008  4.007
 Iron        3.978  3.980  4.006  4.009  4.009
 Cobalt      3.980  3.985  4.008  4.009  4.009
 Nickel      3.977  3.984  4.008  4.009  4.010
 Copper      3.979  3.971  4.005  4.008  4.009
 Zinc        3.984  3.962  3.990  4.002  4.005  4.009

               1      2      3      4      5      6      7      8      9     10     11     12     13     14     15     16     17


---------------Convergence statistics---------------
      5.43 mean iterations/state convergence
      2.81 mean cx acceleration loops/iteration
      1.24 mean iso convergence loops/ion solve
      1.01 mean steps/chemistry solve
         1 mean step length searches/chemistry step
----------------------------------------------------

 Cloudy ends: 145 zones, 2 iterations. (single thread) ExecTime(s) 58.52
 [Stop in cdMain at maincl.cpp:590, Cloudy exited OK]
