                                                          Cloudy 25.00
                                                         www.nublado.org

                                                  PRNG seed: 0x81042897c6e3fdac

                       **************************************25Aug25**************************************
                       *                                                                                 *
                       * blackbody, T=1e5 K                                                              *
                       * luminosity total 38                                                             *
                       * radius 18                                                                       *
                       * hden 5                                                                          *
                       * sphere                                                                          *
                       * abundances "sol_ism.abn"                                                        *
                       * #<<< mie_read_opc reading file -- graphite_ism_10.opc                      >>>> *
                       * #<<< mie_read_opc reading file -- silicate_ism_10.opc                      >>>> *
                       * iterate                                                                         *
                       * print last iteration                                                            *
                       * save overview "sol_ism.ovr" last                                                *
                       * save continuum "sol_ism.con" units microns last                                 *
                       *                                                                                 *
                       ***********************************************************************************



 NOTE Setcon: continuum has zero intensity starting at  7.6982e+01 Ryd.
  2054 cells in the incident continuum have zero intensity.  Problems???

           9244CellPeak1.79E+00   Lo 3.04e-09=  29.98m   Hi-Con:7.13E+06 Ryd   E(hi):7.35E+06Ryd     E(hi):     100.00 MeV
           L(nu>1ryd):  37.9510   Average nu:2.176E+00   L( X-ray):  27.6774   L(BalC):  37.0172     Q(Balmer C):  47.8589
           Q(1.0-1.8):  47.9252   Q(1.8-4.0):  47.9690   Q(4.0-20):  47.0417   Q(20--):  37.0124     Ion pht flx:1.498E+11
           L(gam ray):   0.0000   Q(gam ray):   0.0000   L(Infred):  35.4329   Alf(ox):   0.0000     Total lumin:  38.0000
           log L/Lsun:   4.4170   Abs bol mg:  -6.3026   Abs V mag:   0.0378   Bol cor:  -6.3404     nuFnu(Bbet):  35.5356
           U(1.0----):4.998E-05   U(4.0----):2.922E-06   T(En-Den):1.369E+01   T(Comp):9.580E+04     nuJnu(912A):1.978E+00
           Occ(FarIR):7.298E-08   Occ(H n=6):7.837E-15   Occ(1Ryd):9.120E-17   Occ(4R):6.292E-19     Occ (Nu-hi):0.000E+00
           Tbr(FarIR):3.508E-11   Tbr(H n=6):3.432E-11   Tbr(1Ryd):1.439E-11   Tbr(4R):3.980E-13     Tbr (Nu-hi):0.000E+00
  
                                                  Gas Phase Chemical Composition
        H :  0.0000  He: -1.0000  Li: -8.6904  Be:-10.5800  B : -9.2097  C : -3.6108  N : -4.0701  O : -3.3098  F : -7.5200
        Ne: -4.0000  Na: -5.6696  Mg: -4.4597  Al: -5.5302  Si: -4.4597  P : -6.4949  S : -4.7352  Cl: -6.7190  Ar: -5.6003
        K : -6.8794  Ca: -5.6402  Sc: -8.8297  Ti: -6.9788  V : -8.0000  Cr: -6.3298  Mn: -6.5406  Fe: -4.5498  Co: -7.0799
                                               Ni: -5.7496  Cu: -7.7905  Zn: -7.4001
 
                                                    Grain Chemical Composition
                                  C : -3.5553  O : -3.8821  Mg: -4.4841  Si: -4.4841  Fe: -4.4841
                                                   Sum Atoms Depleted: -30.0000
                                                   Depletion/Grains-1: -100.00%
 
              Number of grains per hydrogen (scale=1)                         Mass of grains per hydrogen (scale=1)
        Carbonaceous: -9.811  Silicate: -9.748  PAH: -30.000         Carbonaceous: -2.476  Silicate: -2.248  PAH: -30.000

 ####  1  Te:9.523E+03 Hden:1.000E+05 Ne:9.553E+04 R:1.000E+18 R-R0:8.292E+09 dR:1.658E+10 NTR:  9 Htot:4.291E-14 T912: 1.31e+02###
 Hydrogen      1.45e-01 8.55e-01 H+o/Hden 1.00e+00 9.78e-09 H-    H2 2.03e-10 7.67e-10 H2+ HeH+ 1.35e-09 Ho+ ColD 2.40e+14 1.42e+15
 Helium        1.08e-01 8.56e-01 3.66e-02 HeI 2s3S 5.13e-06 Comp H,C 3.27e-23 3.25e-24 Fill Fac 1.00e+00 Gam1/tot 1.00e+00
 He singlet n  1.08e-01 2.83e-10 2.28e-17 1.73e-17 1.75e-17 2.00e-17 He tripl 5.13e-06 1.01e-14 7.21e-17 4.10e-16 6.16e-17
 Pressure      NgasTgas 1.96e+09 P(total) 2.70e-07 P( gas ) 2.70e-07 P(Radtn) 0.00e+00 Rad accl 3.06e-05 ForceMul 4.32e+05
 Texc(La)      3.28e+03 T(I con) 1.37e+01 T(D con) 1.99e+00 T(U tot) 1.37e+01 nT (c+d) 3.79e+06 Prad/Gas 0.00e+00 Pmag/Gas 0.00e+00
 gra-ism01  *  DustTemp 1.19e+02 Pot Volt-1.74e+00 Chrg (e)-8.15e+00 drf cm/s 3.95e+02 Heating: 1.39e-17 Frac tot 3.24e-04
 gra-ism02  *  DustTemp 1.09e+02 Pot Volt-1.75e+00 Chrg (e)-1.17e+01 drf cm/s 5.26e+02 Heating: 1.08e-17 Frac tot 2.51e-04
 gra-ism03  *  DustTemp 9.96e+01 Pot Volt-1.75e+00 Chrg (e)-1.68e+01 drf cm/s 6.37e+02 Heating: 7.69e-18 Frac tot 1.79e-04
 gra-ism04  *  DustTemp 9.14e+01 Pot Volt-1.75e+00 Chrg (e)-2.43e+01 drf cm/s 6.95e+02 Heating: 5.36e-18 Frac tot 1.25e-04
 gra-ism05  *  DustTemp 8.41e+01 Pot Volt-1.74e+00 Chrg (e)-3.53e+01 drf cm/s 7.16e+02 Heating: 3.69e-18 Frac tot 8.60e-05
 gra-ism06  *  DustTemp 7.75e+01 Pot Volt-1.74e+00 Chrg (e)-5.15e+01 drf cm/s 7.21e+02 Heating: 2.54e-18 Frac tot 5.92e-05
 gra-ism07  *  DustTemp 7.15e+01 Pot Volt-1.73e+00 Chrg (e)-7.53e+01 drf cm/s 7.16e+02 Heating: 1.78e-18 Frac tot 4.14e-05
 gra-ism08  *  DustTemp 6.60e+01 Pot Volt-1.71e+00 Chrg (e)-1.10e+02 drf cm/s 7.06e+02 Heating: 1.27e-18 Frac tot 2.96e-05
 gra-ism09  *  DustTemp 6.08e+01 Pot Volt-1.70e+00 Chrg (e)-1.61e+02 drf cm/s 6.94e+02 Heating: 9.32e-19 Frac tot 2.17e-05
 gra-ism10     DustTemp 5.60e+01 Pot Volt-1.69e+00 Chrg (e)-2.37e+02 drf cm/s 6.82e+02 Heating: 7.02e-19 Frac tot 1.64e-05
 sil-ism01  *  DustTemp 1.02e+02 Pot Volt-1.79e+00 Chrg (e)-8.35e+00 drf cm/s 3.74e+02 Heating: 8.12e-18 Frac tot 1.89e-04
 sil-ism02  *  DustTemp 9.50e+01 Pot Volt-1.79e+00 Chrg (e)-1.19e+01 drf cm/s 5.04e+02 Heating: 6.62e-18 Frac tot 1.54e-04
 sil-ism03  *  DustTemp 8.89e+01 Pot Volt-1.79e+00 Chrg (e)-1.71e+01 drf cm/s 6.30e+02 Heating: 5.03e-18 Frac tot 1.17e-04
 sil-ism04  *  DustTemp 8.33e+01 Pot Volt-1.78e+00 Chrg (e)-2.47e+01 drf cm/s 7.18e+02 Heating: 3.64e-18 Frac tot 8.48e-05
 sil-ism05  *  DustTemp 7.80e+01 Pot Volt-1.77e+00 Chrg (e)-3.58e+01 drf cm/s 7.62e+02 Heating: 2.54e-18 Frac tot 5.92e-05
 sil-ism06  *  DustTemp 7.29e+01 Pot Volt-1.75e+00 Chrg (e)-5.21e+01 drf cm/s 7.75e+02 Heating: 1.74e-18 Frac tot 4.06e-05
 sil-ism07  *  DustTemp 6.82e+01 Pot Volt-1.74e+00 Chrg (e)-7.60e+01 drf cm/s 7.69e+02 Heating: 1.20e-18 Frac tot 2.80e-05
 sil-ism08  *  DustTemp 6.37e+01 Pot Volt-1.73e+00 Chrg (e)-1.11e+02 drf cm/s 7.53e+02 Heating: 8.48e-19 Frac tot 1.98e-05
 sil-ism09     DustTemp 5.95e+01 Pot Volt-1.72e+00 Chrg (e)-1.63e+02 drf cm/s 7.33e+02 Heating: 6.15e-19 Frac tot 1.43e-05
 sil-ism10     DustTemp 5.57e+01 Pot Volt-1.71e+00 Chrg (e)-2.38e+02 drf cm/s 7.14e+02 Heating: 4.60e-19 Frac tot 1.07e-05
 Molecules     CH/Ctot: 1.20e-09 CH+/Ctot 6.17e-11 CO/Ctot: 1.98e-12 CO+/Ctot 2.04e-14 H2O/Otot 1.46e-19 OH/Ototl 8.74e-10
 Lithium       5.77e-03 9.94e-01 5.47e-05 0.00e+00 Berylliu 5.71e-01 2.62e-01 1.68e-01 3.06e-07 0.00e+00 sec ion: 3.61e-13
 Boron         6.17e-02 8.12e-01 1.20e-01 6.24e-03 0.00e+00 0.00e+00
 Carbon        3.72e-02 6.68e-01 2.95e-01 1.15e-04 0.00e+00 0.00e+00 0.00e+00 H2O+/O   2.36e-20 OH+/Otot 3.21e-10 Hex(tot) 0.00e+00
 Nitrogen      6.54e-02 9.13e-01 2.20e-02 1.51e-05 0.00e+00 0.00e+00 0.00e+00 0.00e+00 O2/Ototl 3.24e-14 O2+/Otot 1.20e-14
 Oxygen        1.69e-01 8.11e-01 1.95e-02 9.93e-06 0.00e+00 0.00e+00 0.00e+00 0.00e+00 0.00e+00
 Fluorine      1.41e-02 5.54e-01 4.32e-01 7.02e-05 0.00e+00 0.00e+00 0.00e+00 0.00e+00 0.00e+00 0.00e+00
 Neon          1.30e-02 4.84e-01 5.03e-01 1.36e-04 0.00e+00 0.00e+00 0.00e+00 0.00e+00 0.00e+00 0.00e+00 0.00e+00
 Sodium        5.17e-04 5.46e-01 4.53e-01 1.58e-04 0.00e+00 0.00e+00 0.00e+00 0.00e+00 0.00e+00 0.00e+00 0.00e+00 0.00e+00
 Magnesium     2.23e-02 5.27e-01 4.50e-01 2.65e-05 0.00e+00 0.00e+00 0.00e+00 0.00e+00 0.00e+00 0.00e+00 0.00e+00 0.00e+00 0.00e+00
 Aluminium  0  4.89e-04 9.31e-01 5.92e-02 9.54e-03 0.00e+00 0.00e+00 0.00e+00 0.00e+00 0.00e+00 0.00e+00 0.00e+00 0.00e+00 0.00e+00
 Silicon    0  4.32e-03 9.20e-01 7.57e-02 1.81e-04 0.00e+00 0.00e+00 0.00e+00 0.00e+00 0.00e+00 0.00e+00 0.00e+00 0.00e+00 0.00e+00
 Phosphorus 0  3.53e-04 9.11e-01 8.84e-02 6.25e-04 0.00e+00 0.00e+00 0.00e+00 0.00e+00 0.00e+00 0.00e+00 0.00e+00 0.00e+00 0.00e+00
 Sulphur    0  2.07e-02 7.14e-01 2.65e-01 1.98e-04 0.00e+00 0.00e+00 0.00e+00 0.00e+00 0.00e+00 0.00e+00 0.00e+00 0.00e+00 0.00e+00
 Chlorine   0  1.10e-03 7.74e-01 2.25e-01 2.11e-04 0.00e+00 0.00e+00 0.00e+00 0.00e+00 0.00e+00 0.00e+00 0.00e+00 0.00e+00 0.00e+00
 Argon      0  4.21e-03 1.87e-01 8.08e-01 3.01e-04 0.00e+00 0.00e+00 0.00e+00 0.00e+00 0.00e+00 0.00e+00 0.00e+00 0.00e+00 0.00e+00
 Potassium  0  1.49e-04 7.26e-01 2.74e-01 1.01e-04 0.00e+00 0.00e+00 0.00e+00 0.00e+00 0.00e+00 0.00e+00 0.00e+00 0.00e+00 0.00e+00
 Calcium    0  2.66e-03 5.60e-01 4.34e-01 3.47e-03 2.27e-07 0.00e+00 0.00e+00 0.00e+00 0.00e+00 0.00e+00 0.00e+00 0.00e+00 0.00e+00
 Scandium   0  3.58e-04 1.42e-01 5.35e-01 3.22e-01 1.74e-04 0.00e+00 0.00e+00 0.00e+00 0.00e+00 0.00e+00 0.00e+00 0.00e+00 0.00e+00
 Titanium   0  4.15e-05 4.51e-01 5.32e-01 1.67e-02 3.73e-04 0.00e+00 0.00e+00 0.00e+00 0.00e+00 0.00e+00 0.00e+00 0.00e+00 0.00e+00
 Vanadium   0  1.52e-03 2.61e-01 7.33e-01 3.95e-03 4.88e-04 0.00e+00 0.00e+00 0.00e+00 0.00e+00 0.00e+00 0.00e+00 0.00e+00 0.00e+00
 Chromium   0  2.69e-03 3.89e-01 6.07e-01 1.51e-03 4.75e-05 0.00e+00 0.00e+00 0.00e+00 0.00e+00 0.00e+00 0.00e+00 0.00e+00 0.00e+00
 Manganese  0  5.03e-05 4.83e-01 5.15e-01 1.06e-03 5.11e-05 0.00e+00 0.00e+00 0.00e+00 0.00e+00 0.00e+00 0.00e+00 0.00e+00 0.00e+00
 Iron       0  6.38e-05 6.80e-01 3.17e-01 3.32e-03 4.21e-06 0.00e+00 0.00e+00 0.00e+00 0.00e+00 0.00e+00 0.00e+00 0.00e+00 0.00e+00
 Cobalt     0  2.83e-02 9.32e-01 3.94e-02 3.56e-04 4.52e-06 0.00e+00 0.00e+00 0.00e+00 0.00e+00 0.00e+00 0.00e+00 0.00e+00 0.00e+00
 Nickel     0  1.89e-04 9.64e-01 3.58e-02 9.72e-05 3.02e-07 0.00e+00 0.00e+00 0.00e+00 0.00e+00 0.00e+00 0.00e+00 0.00e+00 0.00e+00
 Copper     0  7.56e-03 2.28e-01 7.63e-01 1.90e-03 8.47e-07 0.00e+00 0.00e+00 0.00e+00 0.00e+00 0.00e+00 0.00e+00 0.00e+00 0.00e+00
 Zinc       0  9.19e-03 1.34e-01 5.88e-01 2.59e-01 9.34e-03 3.55e-07 0.00e+00 0.00e+00 0.00e+00 0.00e+00 0.00e+00 0.00e+00 0.00e+00
 ####119  Te:3.970E+03 Hden:1.000E+05 Ne:2.294E+03 R:1.000E+18 R-R0:2.818E+14 dR:1.701E+12 NTR:  7 Htot:2.665E-16 T912: 2.63e+02###
 Hydrogen      9.85e-01 1.54e-02 H+o/Hden 1.00e+00 3.40e-08 H-    H2 2.60e-06 2.18e-09 H2+ HeH+ 8.58e-09 Ho+ ColD 2.08e+19 7.49e+18
 Helium        9.30e-01 6.91e-02 9.13e-04 HeI 2s3S 4.07e-07 Comp H,C 1.43e-25 3.20e-26 Fill Fac 1.00e+00 Gam1/tot 8.82e-01
 He singlet n  9.30e-01 3.34e-13 1.23e-18 3.74e-20 1.59e-19 7.96e-20 He tripl 4.07e-07 1.18e-17 1.15e-19 1.23e-18 2.24e-19
 Pressure      NgasTgas 4.46e+08 P(total) 6.16e-08 P( gas ) 6.16e-08 P(Radtn) 2.09e-14 Rad accl 6.87e-07 ForceMul 4.01e+05
 Texc(La)      3.16e+03 T(I con) 7.84e+00 T(D con) 1.32e+01 T(U tot) 1.36e+01 nT (c+d) 5.09e+06 Prad/Gas 3.39e-07 Pmag/Gas 0.00e+00
 gra-ism01  *  DustTemp 6.74e+01 Pot Volt-3.89e-01 Chrg (e)-2.60e+00 drf cm/s 1.86e+02 Heating: 1.05e-18 Frac tot 3.93e-03
 gra-ism02  *  DustTemp 6.75e+01 Pot Volt-3.48e-01 Chrg (e)-3.12e+00 drf cm/s 3.16e+02 Heating: 1.05e-18 Frac tot 3.93e-03
 gra-ism03  *  DustTemp 6.82e+01 Pot Volt-2.89e-01 Chrg (e)-3.60e+00 drf cm/s 5.83e+02 Heating: 1.04e-18 Frac tot 3.91e-03
 gra-ism04  *  DustTemp 6.91e+01 Pot Volt-2.20e-01 Chrg (e)-3.92e+00 drf cm/s 1.05e+03 Heating: 9.93e-19 Frac tot 3.73e-03
 gra-ism05  *  DustTemp 6.75e+01 Pot Volt-2.28e-01 Chrg (e)-5.50e+00 drf cm/s 1.40e+03 Heating: 7.70e-19 Frac tot 2.89e-03
 gra-ism06  *  DustTemp 6.44e+01 Pot Volt-2.74e-01 Chrg (e)-8.98e+00 drf cm/s 1.58e+03 Heating: 5.33e-19 Frac tot 2.00e-03
 gra-ism07  *  DustTemp 6.07e+01 Pot Volt-3.33e-01 Chrg (e)-1.53e+01 drf cm/s 1.68e+03 Heating: 3.52e-19 Frac tot 1.32e-03
 gra-ism08  *  DustTemp 5.69e+01 Pot Volt-3.89e-01 Chrg (e)-2.57e+01 drf cm/s 1.79e+03 Heating: 2.30e-19 Frac tot 8.62e-04
 gra-ism09  *  DustTemp 5.27e+01 Pot Volt-4.32e-01 Chrg (e)-4.17e+01 drf cm/s 1.82e+03 Heating: 1.54e-19 Frac tot 5.79e-04
 gra-ism10     DustTemp 4.85e+01 Pot Volt-4.61e-01 Chrg (e)-6.52e+01 drf cm/s 1.75e+03 Heating: 1.08e-19 Frac tot 4.06e-04
 sil-ism01  *  DustTemp 6.48e+01 Pot Volt-2.73e-01 Chrg (e)-2.13e+00 drf cm/s 1.94e+02 Heating: 7.53e-19 Frac tot 2.83e-03
 sil-ism02  *  DustTemp 6.49e+01 Pot Volt-2.33e-01 Chrg (e)-2.42e+00 drf cm/s 3.25e+02 Heating: 7.41e-19 Frac tot 2.78e-03
 sil-ism03  *  DustTemp 6.53e+01 Pot Volt-1.65e-01 Chrg (e)-2.48e+00 drf cm/s 5.79e+02 Heating: 7.10e-19 Frac tot 2.66e-03
 sil-ism04  *  DustTemp 6.49e+01 Pot Volt-1.19e-01 Chrg (e)-2.58e+00 drf cm/s 9.42e+02 Heating: 6.19e-19 Frac tot 2.32e-03
 sil-ism05  *  DustTemp 6.22e+01 Pot Volt-1.49e-01 Chrg (e)-3.94e+00 drf cm/s 1.10e+03 Heating: 4.59e-19 Frac tot 1.72e-03
 sil-ism06  *  DustTemp 5.85e+01 Pot Volt-2.07e-01 Chrg (e)-7.01e+00 drf cm/s 1.11e+03 Heating: 3.20e-19 Frac tot 1.20e-03
 sil-ism07  *  DustTemp 5.46e+01 Pot Volt-2.69e-01 Chrg (e)-1.26e+01 drf cm/s 1.11e+03 Heating: 2.18e-19 Frac tot 8.19e-04
 sil-ism08  *  DustTemp 5.09e+01 Pot Volt-3.20e-01 Chrg (e)-2.14e+01 drf cm/s 1.16e+03 Heating: 1.50e-19 Frac tot 5.63e-04
 sil-ism09     DustTemp 4.76e+01 Pot Volt-3.58e-01 Chrg (e)-3.47e+01 drf cm/s 1.24e+03 Heating: 1.06e-19 Frac tot 3.99e-04
 sil-ism10     DustTemp 4.49e+01 Pot Volt-3.83e-01 Chrg (e)-5.44e+01 drf cm/s 1.31e+03 Heating: 7.75e-20 Frac tot 2.91e-04
 Molecules     CH/Ctot: 3.24e-08 CH+/Ctot 7.51e-08 CO/Ctot: 3.10e-07 CO+/Ctot 1.95e-09 H2O/Otot 7.13e-12 OH/Ototl 5.27e-06
 Lithium       5.03e-03 9.95e-01 1.79e-06 0.00e+00 Berylliu 9.33e-03 9.80e-01 1.12e-02 1.49e-06 0.00e+00 sec ion: 2.69e-12
 Boron         1.22e-03 9.99e-01 6.12e-05 3.08e-07 0.00e+00 0.00e+00
 Carbon        7.98e-03 9.90e-01 1.91e-03 0.00e+00 0.00e+00 0.00e+00 0.00e+00 H2O+/O   1.16e-12 OH+/Otot 9.59e-07 Hex(tot) 0.00e+00
 Nitrogen      9.91e-01 8.72e-03 4.22e-08 0.00e+00 0.00e+00 0.00e+00 0.00e+00 0.00e+00 O2/Ototl 3.90e-10 O2+/Otot 4.82e-10
 Oxygen        9.88e-01 1.20e-02 1.73e-07 0.00e+00 0.00e+00 0.00e+00 0.00e+00 0.00e+00 0.00e+00
 Fluorine      6.01e-01 3.74e-01 2.45e-02 0.00e+00 0.00e+00 0.00e+00 0.00e+00 0.00e+00 0.00e+00 0.00e+00
 Neon          4.74e-01 4.58e-01 6.79e-02 2.07e-07 0.00e+00 0.00e+00 0.00e+00 0.00e+00 0.00e+00 0.00e+00 0.00e+00
 Sodium        2.51e-02 8.13e-01 1.62e-01 2.09e-06 0.00e+00 0.00e+00 0.00e+00 0.00e+00 0.00e+00 0.00e+00 0.00e+00 0.00e+00
 Magnesium     1.26e-02 8.84e-01 1.03e-01 2.63e-07 0.00e+00 0.00e+00 0.00e+00 0.00e+00 0.00e+00 0.00e+00 0.00e+00 0.00e+00 0.00e+00
 Aluminium  0  4.36e-04 9.29e-01 3.81e-02 3.22e-02 0.00e+00 0.00e+00 0.00e+00 0.00e+00 0.00e+00 0.00e+00 0.00e+00 0.00e+00 0.00e+00
 Silicon    0  8.23e-04 9.99e-01 2.96e-06 1.26e-06 0.00e+00 0.00e+00 0.00e+00 0.00e+00 0.00e+00 0.00e+00 0.00e+00 0.00e+00 0.00e+00
 Phosphorus 0  7.87e-04 9.95e-01 3.76e-03 3.44e-07 0.00e+00 0.00e+00 0.00e+00 0.00e+00 0.00e+00 0.00e+00 0.00e+00 0.00e+00 0.00e+00
 Sulphur    0  5.17e-03 9.86e-01 9.26e-03 0.00e+00 0.00e+00 0.00e+00 0.00e+00 0.00e+00 0.00e+00 0.00e+00 0.00e+00 0.00e+00 0.00e+00
 Chlorine   0  2.38e-03 9.85e-01 1.23e-02 0.00e+00 0.00e+00 0.00e+00 0.00e+00 0.00e+00 0.00e+00 0.00e+00 0.00e+00 0.00e+00 0.00e+00
 Argon      0  8.37e-01 1.53e-01 9.55e-03 0.00e+00 0.00e+00 0.00e+00 0.00e+00 0.00e+00 0.00e+00 0.00e+00 0.00e+00 0.00e+00 0.00e+00
 Potassium  0  8.70e-03 9.53e-01 3.78e-02 0.00e+00 0.00e+00 0.00e+00 0.00e+00 0.00e+00 0.00e+00 0.00e+00 0.00e+00 0.00e+00 0.00e+00
 Calcium    0  2.46e-03 4.55e-01 5.43e-01 4.93e-05 0.00e+00 0.00e+00 0.00e+00 0.00e+00 0.00e+00 0.00e+00 0.00e+00 0.00e+00 0.00e+00
 Scandium   0  1.67e-03 7.29e-01 2.68e-01 1.68e-03 1.51e-07 0.00e+00 0.00e+00 0.00e+00 0.00e+00 0.00e+00 0.00e+00 0.00e+00 0.00e+00
 Titanium   0  2.31e-04 9.71e-01 2.85e-02 5.91e-06 1.01e-04 0.00e+00 0.00e+00 0.00e+00 0.00e+00 0.00e+00 0.00e+00 0.00e+00 0.00e+00
 Vanadium   0  2.08e-02 9.34e-01 4.53e-02 7.58e-07 3.21e-06 0.00e+00 0.00e+00 0.00e+00 0.00e+00 0.00e+00 0.00e+00 0.00e+00 0.00e+00
 Chromium   0  9.26e-04 9.99e-01 8.63e-05 2.81e-07 3.53e-07 0.00e+00 0.00e+00 0.00e+00 0.00e+00 0.00e+00 0.00e+00 0.00e+00 0.00e+00
 Manganese  0  3.10e-04 1.00e+00 1.65e-04 2.40e-07 4.78e-07 0.00e+00 0.00e+00 0.00e+00 0.00e+00 0.00e+00 0.00e+00 0.00e+00 0.00e+00
 Iron       0  1.68e-04 1.00e+00 3.11e-05 6.81e-07 0.00e+00 0.00e+00 0.00e+00 0.00e+00 0.00e+00 0.00e+00 0.00e+00 0.00e+00 0.00e+00
 Cobalt     0  3.46e-02 9.65e-01 1.92e-05 7.70e-07 0.00e+00 0.00e+00 0.00e+00 0.00e+00 0.00e+00 0.00e+00 0.00e+00 0.00e+00 0.00e+00
 Nickel     0  4.98e-04 9.99e-01 1.68e-05 1.17e-07 0.00e+00 0.00e+00 0.00e+00 0.00e+00 0.00e+00 0.00e+00 0.00e+00 0.00e+00 0.00e+00
 Copper     0  1.32e-02 9.65e-01 2.23e-02 1.70e-07 0.00e+00 0.00e+00 0.00e+00 0.00e+00 0.00e+00 0.00e+00 0.00e+00 0.00e+00 0.00e+00
 Zinc       0  1.05e-02 6.72e-01 2.99e-01 1.84e-02 2.33e-04 0.00e+00 0.00e+00 0.00e+00 0.00e+00 0.00e+00 0.00e+00 0.00e+00 0.00e+00
   
   Calculation stopped because lowest Te reached. Iteration 2 of 2
   The geometry is plane-parallel.
  !Suprathermal collisional ionization of H reached 11.85% of the local H ionization rate.
  !Charge transfer H => H+ reached 3713.8% of the local H ionization rate.
  !Continuum zero at some energies.
  !AGE: Cloud age was not set.  Longest timescale was 8.67e+08 s = 2.75e+01 years.
  !Mutual neutralization production of H-alpha was significant.
  !The CMB was not included.  This is added with the CMB command.
   Charge transfer heating reached 2.17% of the local heating.
   The density is too low to l-mix the lowest H  I collapsed level.  More resolved levels are needed for accurate line ratios.
   The density is too low to l-mix the lowest He I collapsed level.  More resolved levels are needed for accurate line ratios.
   The continuum optical depth at the lowest energy considered (3.045e-09 Ryd) was 1.951e+03.

                       *********************************> Cloudy 25.00 <**********************************
                       * blackbody, T=1e5 K                                                              *
                       * luminosity total 38                                                             *
                       * radius 18                                                                       *
                       * hden 5                                                                          *
                       * sphere                                                                          *
                       * abundances "sol_ism.abn"                                                        *
                       * iterate                                                                         *
                       * print last iteration                                                            *
                       * save overview "sol_ism.ovr" last                                                *
                       * save continuum "sol_ism.con" units microns last                                 *
                       *********************************> Log(U): -4.30 <*********************************

                     Emission Line Spectrum.   Constant  Density Model.  Closed geometry.  Iteration 2 of 2.
                                    Luminosity (erg/s) emitted by a shell with full coverage.


                                                   Intrinsic line intensities
general properties..............................      H  1                4101.73A    35.335    0.2608      Fe 2                5273.36A    35.004    0.1219
Inci                      0     38.000  120.6525      H  1                3970.07A    35.125    0.1607      Fe 2                5158.79A    35.563    0.4416
TotH                      0     37.627   51.0736      H  1                3889.05A    34.946    0.1066      Fe 2                5111.64A    34.773    0.0716
TotC                      0     37.626   51.0535      H  1                3835.38A    34.792    0.0747      Fe 2                5072.41A    34.969    0.1123
BFH1                      0     37.516   39.6299      H  1                3797.90A    34.657    0.0548      Fe 2                5039.10A    33.920    0.0100
BFHe                      0     36.925   10.1513      H  1                3770.63A    34.656    0.0547      Fe 2                4814.54A    34.746    0.0672
TotM                      0     35.861    0.8769      H  1                3750.15A    34.551    0.0430      Fe 2                4774.73A    34.390    0.0296
CT H                      0     35.377    0.2876      H  1                3734.37A    34.455    0.0344      Fe 2                4745.49A    33.396    0.0030
H FB                      0     36.206    1.9395      H  1                3721.94A    34.367    0.0281      Fe 2                4243.97A    35.137    0.1654
HFBc                      0     36.206    1.9395      H  1                3711.97A    34.284    0.0232      Fe 2                4177.20A    34.265    0.0222
H  1c                     0     36.580    4.5917      H  1                3703.85A    34.208    0.0195      Fe 2                4146.65A    33.031    0.0013
He 1c                     0     35.820    0.7973      H  1                3697.15A    34.137    0.0165      Fe 2                4114.48A    33.517    0.0040
Al 3c                     0     33.261    0.0022      H  1                3691.55A    34.071    0.0142      Fe 2                3929.35A    33.363    0.0028
Ar 2c                     0     34.981    0.1155      H  1                3686.83A    34.011    0.0124      Fe 2                3387.09A    33.687    0.0059
Ar 3c                     0     35.598    0.4777      H  1                3682.81A    33.957    0.0109      Fe 2                3376.20A    34.326    0.0256
C  1c                     0     35.127    0.1616      H  1                3679.35A    33.910    0.0098      Fe 2                2732.45A    33.533    0.0041
C  2c                     0     35.830    0.8156      H  1                1.87510m    35.410    0.3102      Fe 2                2493.30A    33.967    0.0112
C  3c                     0     34.859    0.0872      H  1                1.28181m    35.117    0.1579      Fe 2                2484.20A    33.488    0.0037
Ca 1c                     0     33.683    0.0058      H  1                1.09381m    34.867    0.0888      Fe 2                2360.00A    33.249    0.0021
Co 2c                     0     34.506    0.0387      H  1                1.00494m    34.658    0.0550      Fe 2                2348.12A    33.445    0.0034
Cr 2c                     0     34.841    0.0836      H  1                9545.97A    34.480    0.0364      Fe 2                24.5126m    34.921    0.1005
Fe 2c                     0     37.123   16.0256      H  1                9229.02A    34.325    0.0255      Fe 2                1.80940m    35.673    0.5679
Fe 3c                     0     35.710    0.6191      H  1                9014.91A    34.187    0.0186      Fe 2                1.67688m    35.475    0.3600
K  3c                     0     33.583    0.0046      H  1                8862.79A    34.141    0.0167      Fe 2                1.59948m    35.662    0.5539
Mg 1c                     0     35.260    0.2197      H  1                8750.48A    34.037    0.0131      Fe 2                9051.95A    35.561    0.4394
Mn 2c                     0     34.625    0.0509      H  1                8665.02A    33.941    0.0105      Fe 2                8891.93A    35.178    0.1818
N  1c                     0     35.067    0.1408      H  1                8598.40A    33.852    0.0086      Fe 2                7452.56A    35.381    0.2903
Na 1c                     0     33.258    0.0022      H  1                8545.39A    33.770    0.0071      Fe 2                7172.00A    35.384    0.2922
Ne 2c                     0     35.736    0.6565      H  1                8502.49A    33.694    0.0060      Fe 2                6275.53A    33.628    0.0051
Ne 3c                     0     35.949    1.0735      H  1                8467.26A    33.623    0.0051      Fe 2                5527.36A    35.116    0.1575
O  1c                     0     36.127    1.6179      H  1                8437.96A    33.557    0.0044      Fe 2                5440.48A    33.259    0.0022
O  2c                     0     36.135    1.6473      H  1                8413.32A    33.497    0.0038      Fe 2                5433.15A    34.491    0.0373
O  3c                     0     35.113    0.1566      H  1                8392.40A    33.443    0.0033      Fe 2                5261.63A    35.300    0.2407
P  2c                     0     34.959    0.1097      H  1                8374.48A    33.397    0.0030      Fe 2                5220.08A    33.966    0.0111
S  1c                     0     33.470    0.0036      H  1                4.05115m    34.761    0.0695      Fe 2                5184.80A    34.456    0.0345
S  2c                     0     36.365    2.7970      H  1                2.62515m    34.542    0.0421      Fe 2                5158.01A    34.479    0.0364
S  3c                     0     35.858    0.8692      H  1                2.16553m    34.340    0.0264      Fe 2                4947.39A    34.802    0.0764
Si 2c                     0     35.650    0.5392      H  1                1.94456m    34.163    0.0176      Fe 2                4905.35A    34.535    0.0413
Si 3c                     0     34.116    0.0157      H  1                1.81741m    34.008    0.0123      Fe 2                4874.50A    34.550    0.0428
Al 2c                     0     35.203    0.1927      H  1                1.73621m    33.869    0.0089      Fe 2                4852.74A    33.491    0.0037
Ca 2c                     0     36.510    3.9061      H  1                1.68065m    33.771    0.0071      Fe 2                4346.86A    34.510    0.0390
Cl 2c                     0     34.774    0.0717      H  1                1.64072m    33.668    0.0056      Fe 2                4276.84A    34.804    0.0768
Cl 3c                     0     33.511    0.0039      H  1                1.61093m    33.572    0.0045      Fe 2                4244.82A    34.333    0.0260
Mg 2c                     0     36.604    4.8465      H  1                1.58805m    33.484    0.0037      Fe 2                4231.56A    33.198    0.0019
N  2c                     0     36.372    2.8406      H  1                1.57007m    33.402    0.0030      Fe 2                4211.11A    33.583    0.0046
Na 3c                     0     34.033    0.0130      H  1                1.55565m    33.326    0.0026      Fe 2                3455.11A    33.739    0.0066
Ni 2c                     0     35.858    0.8701      H  1                1.54389m    33.255    0.0022      Fe 2                3452.31A    33.892    0.0094
continua........................................      H  1                1.53418m    33.190    0.0019      Fe 2                3440.99A    33.848    0.0085
Bac                 3646.00A    37.140   16.6575      H  1                1.52605m    33.130    0.0016      Fe 2                2391.48A    33.042    0.0013
nFnu                3645.00A    37.189   18.6389      H  1                1.51919m    33.076    0.0014      Fe 2                2379.28A    32.929    0.0010
nFnu                3647.00A    36.215    1.9814      H  1                1.51332m    33.029    0.0013      Fe 2                2362.02A    33.158    0.0017
cout                3646.00A    37.140   16.6575      H  1                7.45782m    34.242    0.0211      Fe 2                35.7675m    34.134    0.0164
thin                3646.00A    37.144   16.7944      H  1                4.65251m    34.075    0.0143      Fe 2                1.95361m    34.762    0.0697
Inci                4860.00A    35.536    0.4142      H  1                3.73954m    33.907    0.0097      Fe 2                1.80002m    35.459    0.3472
Inci                1367.00A    37.006   12.2385      H  1                3.29609m    33.754    0.0068      Fe 2                1.71113m    34.984    0.1163
Inci                2066.00A    36.556    4.3448      H  1                3.03837m    33.616    0.0050      Fe 2                1.66377m    35.372    0.2840
Inci                1215.00A    37.125   16.1078      H  1                2.87221m    33.483    0.0037      Fe 2                9399.04A    35.139    0.1662
Ba C                      0     36.435    3.2843      H  1                2.75752m    33.380    0.0029      Fe 2                9226.63A    35.235    0.2071
PA C                      0     36.024    1.2764      H  1                2.67440m    33.285    0.0023      Fe 2                9033.49A    34.810    0.0779
FIR                 83.0000m    36.283    2.3154      H  1                2.61194m    33.197    0.0019      Fe 2                7388.17A    35.264    0.2216
TIR                 1800.00m    33.870    0.0089      H  1                2.56363m    33.115    0.0016      Fe 2                6440.41A    34.513    0.0393
NIRa                2.85000m    37.373   28.4885      H  1                2.52540m    33.039    0.0013      Fe 2                6229.28A    33.358    0.0028
NIRb                3.00000m    36.987   11.7228      H  1                2.49458m    32.969    0.0011      Fe 2                5654.87A    34.156    0.0173
MIRa                15.0000m    36.493    3.7587      H  1                12.3685m    33.807    0.0077      Fe 2                5556.31A    33.821    0.0080
MIRb                22.5000m    36.707    6.1432      H  1                7.50045m    33.675    0.0057      Fe 2                5412.67A    34.635    0.0520
NMIR                21.7500m    37.373   28.4885      H  1                5.90660m    33.532    0.0041      Fe 2                5333.66A    34.954    0.1085
TFIR                611.250m    34.866    0.0887      H  1                5.12726m    33.399    0.0030      Fe 2                5296.84A    34.057    0.0137
TALL                10000.0A    38.036  130.9410      H  1                4.67124m    33.244    0.0021      Fe 2                5268.89A    34.309    0.0246
F12                 12.0000m    35.965    1.1135      H  1                4.37526m    33.142    0.0017      Fe 2                5107.96A    33.967    0.0112
F25                 25.0000m    36.133    1.6370      H  1                4.16966m    33.048    0.0013      Fe 2                5049.30A    34.628    0.0513
F60                 60.0000m    36.219    1.9981      H  1                4.01977m    32.961    0.0011      Fe 2                5005.52A    34.658    0.0550
F100                100.000m    35.206    0.1937      H  1                19.0567m    33.431    0.0033      Fe 2                4973.40A    34.449    0.0339
MIPS                24.0000m    35.886    0.9289      H  1                11.3056m    33.325    0.0025      Fe 2                4950.76A    34.405    0.0307
MIPS                70.0000m    35.647    0.5356      H  1                8.75768m    33.202    0.0019      Fe 2                4352.79A    34.488    0.0371
MIPS                160.000m    34.385    0.0293      H  1                7.50606m    33.040    0.0013      Fe 2                4319.62A    34.563    0.0441
IRAC                3.60000m    35.126    0.1611      H  1                6.77015m    32.940    0.0010      Fe 2                4305.90A    34.225    0.0203
IRAC                4.50000m    35.383    0.2915      H  1                27.7958m    33.100    0.0015      Fe 2                4084.33A    33.358    0.0028
IRAC                5.80000m    35.357    0.2744      H  1                16.2047m    33.014    0.0012      Fe 2                4033.98A    32.953    0.0011
IRAC                8.00000m    35.694    0.5965      Ca A                303.784A    36.342    2.6532      Fe 2                3504.51A    33.436    0.0033
SPR1                250.000m    33.862    0.0088      Ca A                256.317A    35.602    0.4821      Fe 2                3504.02A    33.586    0.0046
SPR2                350.000m    33.598    0.0048      Ca A                243.027A    35.167    0.1774      Fe 2                3501.63A    33.857    0.0087
SPR3                500.000m    33.488    0.0037      Ca A                237.331A    34.858    0.0869      Fe 2                3489.99A    33.019    0.0013
PAC1                70.0000m    35.694    0.5970      Ca A                234.347A    34.615    0.0498      Fe 2                2.06648m    33.368    0.0028
PAC2                100.000m    35.193    0.1881      Ca A                232.584A    34.415    0.0314      Fe 2                1.89541m    34.723    0.0638
PAC3                160.000m    34.621    0.0504      Ca A                231.454A    34.245    0.0212      Fe 2                1.79711m    35.331    0.2584
PAH                 3.30000m    34.350    0.0270      Ca A                230.686A    34.096    0.0151      Fe 2                1.74494m    35.049    0.1351
PAHC                3.23000m    34.047    0.0134      Ca A                230.139A    33.964    0.0111      Fe 2                9652.70A    34.290    0.0235
PAHC                3.37000m    33.911    0.0098      Ca A                229.736A    33.846    0.0085      Fe 2                9470.94A    34.844    0.0842
PAH                 6.20000m    34.468    0.0354      Ca A                229.431A    33.738    0.0066      Fe 2                9267.56A    35.114    0.1567
PAHC                5.65000m    34.552    0.0430      Ca A                229.194A    33.640    0.0053      Fe 2                6558.51A    34.299    0.0240
PAH                 7.90000m    34.767    0.0705      Ca A                229.006A    33.551    0.0043      Fe 2                5745.71A    33.785    0.0073
PAHC                6.90000m    35.432    0.3263      Ca A                228.855A    33.469    0.0036      Fe 2                5495.84A    34.358    0.0275
PAH                 11.3000m    34.028    0.0129      Ca A                228.731A    33.395    0.0030      Fe 2                5376.47A    34.945    0.1064
PAHC                10.9000m    34.282    0.0231      Ca A                228.629A    33.328    0.0026      Fe 2                5347.66A    33.804    0.0077
PAH                 11.8000m    34.150    0.0171      Ca A                228.543A    33.267    0.0022      Fe 2                5181.96A    34.121    0.0159
PAHC                12.6500m    35.764    0.7001      Ca A                228.471A    33.212    0.0020      Fe 2                5076.57A    34.054    0.0137
PAH                 13.3000m    34.215    0.0198      Ca A                228.409A    33.163    0.0018      Fe 2                5043.53A    34.242    0.0211
PAHC                14.1000m    34.416    0.0315      Ca A                228.356A    33.118    0.0016      Fe 2                5020.24A    34.428    0.0323
Bcon                3640.00A    37.780   72.7504      Ca A                228.309A    33.079    0.0014      Fe 2                4372.43A    34.289    0.0235
Pcon                5000.00A    37.365   27.9858      Ca A                228.269A    33.045    0.0013      Fe 2                4358.37A    34.543    0.0421
O3bn                5007.00A    35.696    0.5985      Ca A                228.234A    33.016    0.0013      Fe 2                4080.00A    33.571    0.0045
ROSA                12.3980A    35.062    0.1391      Ca A                1640.41A    35.347    0.2681      Fe 2                3539.19A    33.732    0.0065
HFFc                      0     36.085    1.4679      Ca A                1215.13A    34.820    0.0797      Fe 2                3538.69A    33.445    0.0034
H FF                      0     36.020    1.2626      Ca A                1084.94A    34.466    0.0353      Fe 2                3536.25A    33.154    0.0017
HeFF                      0     35.176    0.1810      Ca A                1025.27A    34.200    0.0191      Fe 2                22.8961m    33.126    0.0016
MeFB                      0     33.794    0.0075      Ca A                992.358A    33.987    0.0117      Fe 2                7764.71A    33.136    0.0016
MeFF                      0     33.301    0.0024      Ca A                972.106A    33.807    0.0077      Fe 2                6809.24A    32.955    0.0011
ToFF                      0     36.079    1.4460      Ca A                958.693A    33.652    0.0054      Fe 2                5163.96A    34.170    0.0179
nFnu                6915.34m    32.927    0.0010      Ca A                949.323A    33.515    0.0039      Fe 2                4157.92A    33.290    0.0024
nFnu                122.367m    35.308    0.2455      Ca A                942.507A    33.392    0.0030      Fe 2                3277.35A    33.443    0.0033
nFnu                60.8157m    36.263    2.2089      Ca A                937.389A    33.281    0.0023      Fe 2                2926.59A    33.731    0.0065
nFnu                41.2039m    36.562    4.3983      Ca A                933.444A    33.180    0.0018      Fe 2                2755.74A    34.492    0.0374
nFnu                30.8611m    36.557    4.3547      Ca A                930.337A    33.086    0.0015      Fe 2                2739.55A    34.379    0.0288
nFnu                24.7761m    36.409    3.0922      Ca A                927.846A    33.000    0.0012      Fe 2                2716.70A    33.917    0.0100
nFnu                24.2932m    36.391    2.9676      Ca A                925.816A    32.919    0.0010      Fe 2                1.00287m    34.138    0.0166
nFnu                22.8240m    36.334    2.6045      Ca A                4685.68A    34.636    0.0522      Fe 2                5746.98A    33.957    0.0109
nFnu                21.4141m    36.269    2.2402      Ca A                3203.08A    34.241    0.0210      Fe 2                5283.12A    33.562    0.0044
nFnu                21.1177m    36.250    2.1469      Ca A                2733.28A    33.949    0.0107      Fe 2                5199.18A    33.590    0.0047
nFnu                19.6146m    36.159    1.7401      Ca A                2511.19A    33.718    0.0063      Fe 2                2953.77A    33.365    0.0028
nFnu                17.6486m    35.968    1.1211      Ca A                2385.39A    33.528    0.0041      Fe 2                2772.73A    34.359    0.0276
nFnu                17.3653m    35.929    1.0255      Ca A                2306.18A    33.365    0.0028      Fe 2                2749.32A    33.968    0.0112
nFnu                15.6859m    35.669    0.5636      Ca A                2252.67A    33.222    0.0020      Fe 2                9795.19A    33.356    0.0027
nFnu                14.5997m    35.526    0.4049      Ca A                2214.65A    33.095    0.0015      Fe 2                5477.25A    33.509    0.0039
nFnu                12.4266m    35.388    0.2951      Ca A                2186.59A    32.980    0.0012      Fe 2                5278.38A    33.391    0.0030
nFnu                11.3969m    35.358    0.2750      Ca A                1.01235m    34.087    0.0147      Fe 2                2970.52A    32.973    0.0011
nFnu                10.4572m    35.348    0.2688      Ca A                6560.01A    33.779    0.0073      Fe 2                5901.28A    33.007    0.0012
nFnu                9.47744m    35.345    0.2670      Ca A                5411.45A    33.533    0.0041      Fe 2                5527.62A    32.951    0.0011
nFnu                9.32234m    35.346    0.2677      Ca A                4859.26A    33.332    0.0026      Fe 2                2.04602m    34.194    0.0188
nFnu                8.20812m    35.381    0.2898      Ca A                4541.54A    33.161    0.0017      Fe 2                1.41956m    33.742    0.0067
nFnu                7.57793m    35.404    0.3056      Ca A                4338.62A    33.012    0.0012      Fe 2                1.09108m    33.019    0.0013
nFnu                7.04834m    35.441    0.3331      Ca A                1.86365m    33.629    0.0051      Fe 2                8119.18A    32.931    0.0010
nFnu                4.11258m    35.649    0.5377      Ca A                1.16262m    33.386    0.0029      Fe 2                5588.16A    33.000    0.0012
nFnu                2.32377m    35.820    0.7971      Ca A                9344.80A    33.177    0.0018      Fe 2                5580.82A    33.409    0.0031
nInu                2.32377m    33.550    0.0043      Ca A                8236.67A    32.999    0.0012      Fe 2                5551.32A    33.534    0.0041
nFnu                1.64268m    35.953    1.0825      Ca A                3.09080m    33.236    0.0021      Fe 2                3196.07A    33.027    0.0013
nInu                1.64268m    33.995    0.0119      Ca A                1.87431m    33.040    0.0013      Fe 2                2.13278m    33.938    0.0105
nFnu                1.47981m    35.955    1.0869      Ca B                1640.41A    35.480    0.3645      Fe 2                1.46079m    33.196    0.0019
nInu                1.47981m    34.128    0.0162      Ca B                1215.13A    34.963    0.1108      Fe 2                1.30943m    33.363    0.0028
nFnu                1.43610m    36.149    1.6997      Ca B                1084.94A    34.612    0.0494      Fe 2                5650.95A    33.021    0.0013
nInu                1.43610m    34.166    0.0177      Ca B                1025.27A    34.346    0.0268      Fe 2                5649.67A    33.054    0.0014
nFnu                1.11836m    36.139    1.6607      Ca B                992.358A    34.132    0.0164      Fe 2                5613.27A    33.318    0.0025
nInu                1.11836m    34.485    0.0369      Ca B                972.106A    33.952    0.0108      Fe 2                2.24366m    33.600    0.0048
nFnu                8327.39A    36.084    1.4641      Ca B                958.693A    33.796    0.0075      Fe 2                2.00672m    34.250    0.0214
nInu                8327.39A    34.861    0.0876      Ca B                949.323A    33.659    0.0055      Fe 2                1.35041m    32.951    0.0011
nFnu                8076.39A    36.508    3.8854      Ca B                942.507A    33.536    0.0041      Fe 2                5718.22A    33.142    0.0017
nInu                8076.39A    34.899    0.0956      Ca B                937.389A    33.424    0.0032      Fe 2                2.22379m    34.644    0.0531
nFnu                6207.94A    36.411    3.1077      Ca B                933.444A    33.323    0.0025      Fe 2                2.01513m    34.530    0.0409
nInu                6207.94A    35.229    0.2046      Ca B                930.337A    33.229    0.0020      Fe 2                9682.08A    34.256    0.0218
nFnu                4884.00A    36.278    2.2876      Ca B                927.846A    33.143    0.0017      Fe 2                9513.85A    33.773    0.0072
nInu                4884.00A    35.527    0.4060      Ca B                925.816A    33.064    0.0014      Fe 2                8715.81A    33.722    0.0064
nFnu                3703.28A    36.127    1.6158      Ca B                924.142A    32.990    0.0012      Fe 2                6873.84A    33.945    0.0106
nInu                3703.28A    35.865    0.8840      Ca B                922.743A    32.922    0.0010      Fe 2                6700.65A    33.089    0.0015
nFnu                3586.64A    37.173   17.9876      Ca B                4685.68A    34.666    0.0560      Fe 2                6261.12A    33.017    0.0013
nInu                3586.64A    35.901    0.9609      Ca B                3203.08A    34.280    0.0230      Fe 2                6188.55A    33.974    0.0114
nFnu                2429.31A    36.698    6.0149      Ca B                2733.28A    33.993    0.0119      Fe 2                5870.02A    33.238    0.0021
nInu                2429.31A    36.362    2.7740      Ca B                2511.19A    33.765    0.0070      Fe 2                5673.20A    33.018    0.0013
nFnu                2391.30A    36.677    5.7292      Ca B                2385.39A    33.576    0.0045      Fe 2                4898.61A    33.357    0.0027
nInu                2391.30A    36.381    2.8978      Ca B                2306.18A    33.414    0.0031      Fe 2                2.25348m    34.012    0.0124
nFnu                2070.68A    36.547    4.2558      Ca B                2252.67A    33.273    0.0023      Fe 2                1.02005m    33.042    0.0013
nInu                2070.68A    36.543    4.2121      Ca B                2214.65A    33.146    0.0017      Fe 2                1.00139m    33.922    0.0101
nFnu                2052.02A    36.557    4.3546      Ca B                2186.59A    33.032    0.0013      Fe 2                9133.66A    32.973    0.0011
nInu                2052.02A    36.554    4.3251      Ca B                2165.23A    32.928    0.0010      Fe 2                8885.67A    33.490    0.0037
nFnu                1793.44A    36.561    4.3866      Ca B                1.01235m    34.102    0.0153      Fe 2                7131.14A    32.970    0.0011
nInu                1793.44A    36.705    6.1184      Ca B                6560.01A    33.798    0.0076      Fe 2                6944.91A    33.517    0.0040
nFnu                1585.12A    36.596    4.7640      Ca B                5411.45A    33.554    0.0043      Fe 2                6473.88A    33.755    0.0069
nInu                1585.12A    36.843    8.3979      Ca B                4859.26A    33.354    0.0027      Fe 2                6396.33A    32.925    0.0010
nFnu                1458.33A    36.635    5.2082      Ca B                4541.54A    33.184    0.0018      Fe 2                6044.10A    33.098    0.0015
nInu                1458.33A    36.930   10.2586      Ca B                4338.62A    33.037    0.0013      Fe 2                5835.45A    33.068    0.0014
nFnu                1356.96A    36.662    5.5351      Ca B                1.86365m    33.642    0.0053      Fe 2                5060.09A    33.013    0.0012
nInu                1356.96A    37.002   12.1231      Ca B                1.16262m    33.398    0.0030      Fe 2                3.39194m    32.958    0.0011
nFnu                1297.29A    36.664    5.5679      Ca B                9344.80A    33.190    0.0019      Fe 2                1.11648m    33.181    0.0018
nInu                1297.29A    37.049   13.5159      Ca B                8236.67A    33.013    0.0012      Fe 2                1.07965m    33.147    0.0017
nFnu                1262.79A    36.652    5.4150      Ca B                3.09080m    33.248    0.0021      Fe 2                1.14469m    33.017    0.0013
nInu                1262.79A    37.076   14.3696      Ca B                1.87431m    33.051    0.0014      Fe 2                1.71482m    33.648    0.0054
nFnu                1218.08A    36.617    4.9905      He 2                607.571A    35.940    1.0519      Fe 2                9949.21A    33.302    0.0024
nInu                1218.08A    37.112   15.6124      He 2                303.784A    35.762    0.6971      Fe 2                8574.86A    33.056    0.0014
nFnu                1196.33A    36.632    5.1669      He 2                256.317A    33.605    0.0049      Fe 2                1.47063m    32.977    0.0011
nInu                1196.33A    37.128   16.1997      He 2                243.027A    33.467    0.0035      Fe 2                1.01273m    33.188    0.0019
nFnu                1175.06A    36.645    5.3325      He 2                237.331A    33.395    0.0030      Fe 2                1.80228m    33.304    0.0024
nInu                1175.06A    37.144   16.8119      He 2                234.347A    33.352    0.0027      Fe 2                1.00387m    33.153    0.0017
nFnu                1143.64A    36.670    5.6385      He 2                232.584A    33.308    0.0025      Fe 2                1.05719m    32.962    0.0011
nInu                1143.64A    37.173   17.9616      He 2                231.454A    33.280    0.0023      Fe 2                5169.03A    33.426    0.0032
nFnu                1113.22A    36.691    5.9233      He 2                230.686A    33.242    0.0021      Fe 2                5018.44A    33.064    0.0014
nInu                1113.22A    37.198   19.0418      He 2                230.139A    33.216    0.0020      Fe 3                22.9190m    34.452    0.0341
nFnu                1103.23A    36.696    5.9956      He 2                229.736A    33.089    0.0015      Fe 3                4881.00A    34.779    0.0725
nInu                1103.23A    37.204   19.3182      He 2                229.431A    33.082    0.0015      Fe 3                4658.05A    34.973    0.1134
nFnu                1073.86A    36.719    6.3116      He 2                229.194A    33.076    0.0014      Fe 3                4607.03A    33.877    0.0091
nInu                1073.86A    37.227   20.3474      He 2                229.006A    33.072    0.0014      Fe 3                4008.35A    33.905    0.0097
nFnu                1064.34A    36.726    6.4170      He 2                228.855A    33.068    0.0014      Fe 3                3322.54A    33.496    0.0038
nInu                1064.34A    37.236   20.7811      He 2                228.731A    33.065    0.0014      Fe 3                3239.74A    33.918    0.0100
nFnu                1035.92A    36.745    6.7061      He 2                228.629A    33.063    0.0014      Fe 3                2438.29A    33.728    0.0064
nInu                1035.92A    37.260   21.9758      He 2                228.543A    33.062    0.0014      Fe 3                33.0270m    33.904    0.0097
nFnu                1000.00A    36.771    7.1140      He 2                228.471A    33.062    0.0014      Fe 3                5270.40A    34.812    0.0782
nInu                1000.00A    37.293   23.6940      He 2                228.409A    33.065    0.0014      Fe 3                4987.21A    34.038    0.0132
nFnu                925.144A    36.821    7.9982      He 2                228.356A    33.073    0.0014      Fe 3                4754.69A    34.247    0.0213
nInu                925.144A    37.361   27.6883      He 2                1640.41A    35.449    0.3390      Fe 3                4701.54A    34.589    0.0469
nFnu                897.800A    33.931    0.0103      He 2                1215.13A    34.972    0.1130      Fe 3                4667.01A    33.750    0.0068
nFnu                496.874A    34.448    0.0338      He 2                1084.94A    34.635    0.0521      Fe 3                4079.70A    33.346    0.0027
RRC.............................................      He 2                1025.27A    34.378    0.0288      Fe 3                4046.42A    33.228    0.0020
H  1                3645.98A    35.977    1.1443      He 2                992.358A    34.169    0.0178      Fe 3                3371.41A    33.362    0.0028
H  1                3645.98A    36.332    2.5925      He 2                972.106A    33.995    0.0119      Fe 3                3301.56A    32.942    0.0011
H  1                8203.57A    35.247    0.2128      He 2                958.693A    33.846    0.0085      Fe 3                3286.19A    33.402    0.0030
H  1                8203.57A    35.650    0.5390      He 2                949.323A    33.715    0.0063      Fe 3                2464.51A    33.585    0.0046
H  1                8203.57A    35.560    0.4383      He 2                942.507A    33.856    0.0087      Fe 3                51.6655m    33.074    0.0014
H  1                1.45842m    34.759    0.0693      He 2                937.389A    33.763    0.0070      Fe 3                5011.26A    34.349    0.0270
H  1                1.45842m    35.170    0.1784      He 2                933.444A    33.678    0.0057      Fe 3                4769.43A    34.122    0.0160
H  1                1.45842m    35.188    0.1859      He 2                930.337A    33.599    0.0048      Fe 3                4733.91A    34.291    0.0236
H  1                1.45842m    34.860    0.0874      He 2                927.846A    33.527    0.0041      Fe 3                3406.18A    32.999    0.0012
H  1                2.27878m    34.400    0.0303      He 2                925.816A    33.459    0.0035      Fe 3                3334.90A    33.564    0.0044
H  1                2.27878m    34.811    0.0780      He 2                924.142A    33.397    0.0030      Fe 3                3319.22A    33.236    0.0021
H  1                2.27878m    34.861    0.0876      He 2                922.743A    33.339    0.0026      Fe 3                2483.05A    33.415    0.0031
H  1                2.27878m    34.681    0.0578      He 2                921.562A    33.287    0.0023      Fe 3                5411.98A    33.755    0.0069
H  1                2.27878m    34.197    0.0190      He 2                920.556A    33.240    0.0021      Fe 3                4930.54A    33.868    0.0089
H  1                3.28145m    34.118    0.0158      He 2                919.693A    33.201    0.0019      Fe 3                4777.68A    33.971    0.0113
H  1                3.28145m    34.527    0.0406      He 2                4685.68A    34.574    0.0452      Fe 3                3356.57A    33.484    0.0037
H  1                3.28145m    34.590    0.0470      He 2                3203.08A    34.246    0.0212      Fe 3                3355.48A    33.330    0.0026
H  1                3.28145m    34.464    0.0351      He 2                2733.28A    33.980    0.0115      Fe 3                2495.04A    33.177    0.0018
H  1                3.28145m    34.153    0.0172      He 2                2511.19A    33.764    0.0070      Fe 3                5084.77A    33.574    0.0045
H  1                3.28145m    33.564    0.0044      He 2                2385.39A    33.583    0.0046      Fe 3                3366.21A    33.267    0.0022
H  1                4.46642m    33.888    0.0093      He 2                2306.18A    33.427    0.0032      Fe 3                2.21782m    33.769    0.0071
H  1                4.46642m    34.295    0.0238      He 2                2252.67A    33.291    0.0024      Fe 3                9701.27A    33.562    0.0044
H  1                4.46642m    34.363    0.0278      He 2                2214.65A    33.341    0.0026      Fe 3                2.34788m    33.590    0.0047
H  1                4.46642m    34.262    0.0221      He 2                2186.59A    33.248    0.0021      Fe 3                9942.18A    33.368    0.0028
H  1                4.46642m    34.022    0.0127      He 2                2165.23A    33.163    0.0018      Fe 3                9444.21A    32.928    0.0010
H  1                4.46642m    33.625    0.0051      He 2                2148.58A    33.085    0.0015      Fe 3                2.24204m    33.215    0.0020
H  1                4.46642m    32.961    0.0011      He 2                2135.34A    33.013    0.0012      Fe 3                2.14511m    33.267    0.0022
H  1                5.83369m    33.693    0.0059      He 2                2124.61A    32.945    0.0011      Fe 3                3.22847m    33.244    0.0021
H  1                5.83369m    34.098    0.0151      He 2                1.01235m    33.963    0.0111      Fe 3                2.87385m    33.478    0.0036
H  1                5.83369m    34.169    0.0178      He 2                6560.01A    33.722    0.0064      Fe 3                1.06081m    32.975    0.0011
H  1                5.83369m    34.081    0.0145      He 2                5411.45A    33.505    0.0039      Fe 3                2.90407m    33.094    0.0015
H  1                5.83369m    33.877    0.0091      He 2                4859.26A    33.320    0.0025      K  3                4.61683m    33.583    0.0046
H  1                5.83369m    33.563    0.0044      He 2                4541.54A    33.160    0.0017      Mg 1                2025.82A    33.096    0.0015
H  1                5.83369m    33.106    0.0015      He 2                4338.62A    33.020    0.0013      Mg 1                2852.13A    34.812    0.0783
H  1                7.38326m    33.524    0.0040      He 2                4199.78A    32.971    0.0011      Mg 1                4562.60A    34.819    0.0796
H  1                7.38326m    33.928    0.0102      He 2                1.86365m    33.464    0.0035      Mg 1                4571.10A    34.575    0.0453
H  1                7.38326m    34.000    0.0121      He 2                1.16262m    33.284    0.0023      Mg 1                4575.29A    33.228    0.0020
H  1                7.38326m    33.920    0.0100      He 2                9344.80A    33.105    0.0015      Mg 1                5172.68A    33.331    0.0026
H  1                7.38326m    33.737    0.0066      He 2                8236.67A    32.946    0.0011      Mg 1                5183.60A    33.509    0.0039
H  1                7.38326m    33.468    0.0035      He 2                3.09080m    33.038    0.0013      Mg 1                8806.76A    32.997    0.0012
H  1                7.38326m    33.105    0.0015      He-like iso-sequence............................      Mg 3                231.734A    32.935    0.0010
H  1                9.11514m    33.375    0.0029      He 1                1202.81A    36.769    7.0930      Mn 2                2576.10A    34.245    0.0212
H  1                9.11514m    33.778    0.0072      He 1                591.412A    33.071    0.0014      Mn 2                2593.72A    34.155    0.0172
H  1                9.11514m    33.850    0.0085      Blnd                591.412A    33.073    0.0014      Mn 2                2605.68A    34.015    0.0125
H  1                9.11514m    33.775    0.0072      He 1                584.334A    35.258    0.2187      N  1                1134.98A    32.952    0.0011
H  1                9.11514m    33.604    0.0049      He 1                537.030A    34.067    0.0141      N  1                1199.55A    33.290    0.0024
H  1                9.11514m    33.363    0.0028      He 1                522.213A    33.921    0.0101      N  1                1200.22A    33.260    0.0022
H  1                9.11514m    33.052    0.0014      He 1                515.617A    33.834    0.0082      N  1                1200.71A    33.122    0.0016
H  1                11.0293m    34.347    0.0268      He 1                512.099A    33.768    0.0071      N  1                3466.50A    34.002    0.0121
H  1                13.1258m    34.234    0.0207      He 1                625.563A    35.616    0.4979      N  1                3466.54A    33.323    0.0025
H  1                15.4046m    34.131    0.0163      He 1                510.018A    33.547    0.0043      N  1                5197.90A    34.343    0.0266
H  1                17.8657m    34.035    0.0131      He 1                508.657A    33.520    0.0040      N  1                5200.26A    34.112    0.0156
H  1                20.5091m    33.946    0.0107      He 1                507.727A    33.498    0.0038      N  1                1.03977m    34.498    0.0379
H  1                23.3348m    33.863    0.0088      He 1                507.065A    33.477    0.0036      N  1                1.03982m    33.969    0.0112
H  1                26.3428m    33.784    0.0073      He 1                506.576A    33.459    0.0035      N  1                1.04072m    34.150    0.0170
H  1                29.5331m    33.710    0.0062      He 1                506.204A    33.439    0.0033      N  1                1.04076m    34.156    0.0173
H  1                32.9057m    33.640    0.0053      He 1                505.916A    33.419    0.0032      Na 1                5889.95A    32.970    0.0011
H  1                36.4606m    33.573    0.0045      He 1                505.687A    33.399    0.0030      Na 1                5895.92A    32.966    0.0011
H  1                40.1978m    33.510    0.0039      He 1                505.502A    33.378    0.0029      Ne 2                12.8101m    35.736    0.6565
H  1                44.1173m    33.450    0.0034      He 1                505.352A    33.358    0.0027      Ne 3                15.5509m    35.678    0.5748
H  1                48.2191m    33.392    0.0030      He 1                505.227A    33.337    0.0026      Ne 3                3868.76A    35.468    0.3546
H  1                52.5033m    33.337    0.0026      He 1                505.122A    33.316    0.0025      Ne 3                489.500A    32.998    0.0012
H  1                56.9697m    34.508    0.0389      He 1                505.033A    33.296    0.0024      Ne 3                36.0036m    34.468    0.0355
He 2                227.838A    32.933    0.0010      He 1                504.958A    33.208    0.0019      Ne 3                3967.47A    34.950    0.1076
He 2                2049.91A    33.980    0.0115      He 1                504.893A    33.212    0.0020      Ne 3                491.045A    33.133    0.0016
He 2                2049.91A    34.448    0.0339      He 1                504.836A    33.235    0.0021      Ne 3                489.645A    32.941    0.0011
He 2                2049.91A    34.463    0.0350      He 1                504.787A    33.172    0.0018      Ne 3                490.311A    32.920    0.0010
He 2                3644.44A    33.446    0.0034      He 1                504.744A    33.239    0.0021      O  1                1302.17A    33.163    0.0018
He 2                3644.44A    33.925    0.0101      He 1                504.706A    33.389    0.0030      O  1                1304.86A    33.228    0.0020
He 2                3644.44A    34.054    0.0137      He 1                504.672A    33.912    0.0098      O  1                1306.03A    33.141    0.0017
He 2                3644.44A    33.851    0.0086      He 1                1.08291m    34.679    0.0576      O  1                2972.29A    33.326    0.0026
He 2                5694.49A    33.044    0.0013      He 1                1.08302m    35.400    0.3030      O  1                5577.34A    34.276    0.0228
He 2                5694.49A    33.524    0.0040      He 1                1.08303m    35.779    0.7246      O  1                6300.30A    35.967    1.1175
He 2                5694.49A    33.691    0.0059      Blnd                1.08302m    35.954    1.0853      O  1                6363.78A    35.471    0.3570
He 2                5694.49A    33.643    0.0053      He 1                3888.64A    35.137    0.1655      O  1                63.1679m    34.973    0.1133
He 2                5694.49A    33.281    0.0023      He 1                3187.74A    34.714    0.0625      O  1                145.495m    33.484    0.0037
He 2                8200.12A    33.205    0.0019      He 1                2945.10A    34.391    0.0297      O  2                539.086A    33.324    0.0025
He 2                8200.12A    33.387    0.0029      He 1                2829.08A    34.131    0.0163      O  2                539.547A    33.284    0.0023
He 2                8200.12A    33.398    0.0030      He 1                2760.44A    33.556    0.0043      O  2                539.854A    33.205    0.0019
He 2                8200.12A    33.217    0.0020      He 1                2721.00A    33.411    0.0031      O  2                832.758A    33.041    0.0013
He 2                1.11613m    32.941    0.0011      He 1                2694.61A    33.280    0.0023      O  2                833.330A    33.107    0.0015
He 2                1.11613m    33.130    0.0016      He 1                2676.05A    33.161    0.0017      O  2                834.465A    33.140    0.0017
He 2                1.11613m    33.170    0.0018      He 1                2662.47A    33.045    0.0013      O  2                2470.22A    34.878    0.0912
He 2                1.11613m    33.065    0.0014      He 1                2652.24A    32.944    0.0011      O  2                2470.34A    35.460    0.3482
He 2                1.45781m    32.967    0.0011      He 1                2.05813m    34.444    0.0335      O  2                7318.92A    34.796    0.0754
He 2                2.75620m    33.197    0.0019      He 1                5015.68A    34.495    0.0377      O  2                7319.99A    35.267    0.2230
He 2                3.28011m    33.086    0.0015      He 1                3964.73A    34.096    0.0150      O  2                7329.67A    35.018    0.1257
He 2                3.84958m    32.983    0.0012      He 1                3613.64A    33.790    0.0074      O  2                7330.73A    34.998    0.1200
He 2                14.2366m    33.410    0.0031      He 1                3447.59A    33.536    0.0041      O  2                3728.81A    35.188    0.1859
He 1                2599.69A    35.014    0.1247      He 1                3355.42A    33.078    0.0014      O  2                3726.03A    35.598    0.4779
He 1                3120.85A    34.511    0.0392      He 1                3297.33A    32.927    0.0010      O  3                51.8004m    32.951    0.0011
He 1                3421.00A    34.535    0.0414      He 1                7065.71A    33.770    0.0071      O  3                4958.91A    34.516    0.0396
He 1                3420.88A    35.012    0.1241      He 1                7065.21A    34.247    0.0213      O  3                5006.84A    34.977    0.1143
He 1                3420.88A    35.234    0.2069      He 1                7065.18A    34.469    0.0355      P  2                1.14682m    34.360    0.0276
He 1                3678.70A    34.820    0.0796      Blnd                7065.25A    34.724    0.0640      P  2                1.18828m    34.783    0.0733
He 1                6632.16A    34.113    0.0157      He 1                5875.98A    34.212    0.0197      P  2                7875.99A    33.652    0.0054
He 1                7435.20A    33.698    0.0060      He 1                5875.64A    34.689    0.0590      S  1                25.2421m    33.442    0.0033
He 1                7843.40A    34.761    0.0697      He 1                5875.61A    34.911    0.0983      S  2                6730.82A    35.631    0.5154
He 1                8188.35A    34.559    0.0437      Blnd                5875.66A    35.166    0.1770      S  2                6716.44A    35.290    0.2353
He 1                8190.64A    34.070    0.0142      He 1                4713.16A    33.337    0.0026      S  2                4076.35A    35.387    0.2938
He 1                8261.30A    34.154    0.0172      He 1                4713.14A    33.559    0.0044      S  2                4068.60A    35.883    0.9211
He 1                1.24770m    33.558    0.0044      Blnd                4713.17A    33.815    0.0079      S  2                1.03364m    35.248    0.2137
He 1                1.35640m    33.178    0.0018      He 1                4471.69A    33.768    0.0071      S  2                1.02867m    35.257    0.2178
He 1                1.40933m    34.261    0.0220      He 1                4471.49A    34.245    0.0212      S  2                1.03705m    34.927    0.1019
He 1                1.45602m    34.188    0.0186      He 1                4471.47A    34.467    0.0353      S  2                1.03205m    35.390    0.2964
He 1                1.45643m    33.696    0.0060      Blnd                4471.50A    34.722    0.0636      S  2                1259.52A    32.941    0.0011
He 1                1.45759m    33.847    0.0085      He 1                4120.81A    33.101    0.0015      S  2                910.485A    32.946    0.0011
He 1                1.45759m    33.369    0.0028      Blnd                4120.84A    33.357    0.0027      S  3                33.4704m    33.539    0.0042
He 1                1.46631m    33.682    0.0058      He 1                4026.36A    33.446    0.0034      S  3                18.7078m    34.494    0.0376
He 1                2.01409m    33.164    0.0018      He 1                4026.20A    33.923    0.0101      S  3                9068.62A    35.278    0.2291
He 1                2.21671m    33.891    0.0094      He 1                4026.19A    34.145    0.0168      S  3                9530.62A    35.678    0.5754
He 1                2.27546m    33.862    0.0088      Blnd                4026.21A    34.400    0.0303      S  3                3721.63A    33.784    0.0073
He 1                2.27605m    33.370    0.0028      Blnd                3867.49A    32.974    0.0011      S  3                6312.06A    34.058    0.0138
He 1                2.27752m    33.667    0.0056      He 1                3819.76A    33.184    0.0018      S  3                1728.94A    32.970    0.0011
He 1                2.27752m    33.190    0.0019      He 1                3819.61A    33.661    0.0055      Si 2                34.8046m    34.966    0.1116
He 1                2.27778m    33.184    0.0018      He 1                3819.60A    33.883    0.0092      Si 2                2334.41A    34.244    0.0212
He 1                2.28865m    33.327    0.0026      Blnd                3819.62A    34.138    0.0166      Si 2                2328.52A    33.735    0.0066
He 1                3.20639m    33.602    0.0048      He 1                3704.90A    33.246    0.0021      Si 2                1808.01A    34.429    0.0324
He 1                3.27716m    33.592    0.0047      He 1                3704.76A    33.723    0.0064      Si 2                1526.71A    33.572    0.0045
He 1                3.27791m    33.096    0.0015      He 1                3704.75A    33.945    0.0106      Si 2                1304.37A    32.924    0.0010
He 1                3.27969m    33.450    0.0034      Blnd                3704.77A    34.200    0.0191      Si 2                1260.42A    33.034    0.0013
He 1                3.27969m    32.973    0.0011      He 1                3634.21A    33.084    0.0015      Si 2                1190.42A    32.986    0.0012
He 1                3.28001m    33.140    0.0017      He 1                3634.08A    33.561    0.0044      Si 2                2350.17A    34.369    0.0282
He 1                3.29317m    33.045    0.0013      He 1                3634.07A    33.783    0.0073      Si 2                2344.20A    34.884    0.0924
He 1                4.46460m    34.034    0.0130      Blnd                3634.09A    34.038    0.0132      Si 2                2334.60A    35.068    0.1410
He 1                5.83132m    33.863    0.0088      He 1                3587.29A    32.941    0.0011      Si 2                1817.45A    34.152    0.0171
He 1                7.38026m    33.712    0.0062      He 1                3587.16A    33.419    0.0032      Si 2                1816.93A    34.787    0.0739
He 1                9.11143m    33.577    0.0046      He 1                3587.15A    33.640    0.0053      Si 2                1533.43A    33.604    0.0048
He 1                11.0248m    33.454    0.0034      Blnd                3587.17A    33.896    0.0095      Si 2                1309.28A    32.988    0.0012
He 1                13.1205m    33.342    0.0026      He 1                3554.34A    33.292    0.0024      Si 2                1265.00A    33.015    0.0013
He 1                15.3983m    33.238    0.0021      He 1                3554.33A    33.514    0.0039      Si 2                1264.74A    33.330    0.0026
He 1                17.8584m    33.143    0.0017      Blnd                3554.35A    33.769    0.0071      Si 2                1197.39A    32.921    0.0010
He 1                20.5007m    33.053    0.0014      He 1                3530.43A    33.176    0.0018      Si 2                1194.50A    33.097    0.0015
He 1                23.3253m    32.970    0.0011      He 1                3530.43A    33.398    0.0030      Si 3                1892.03A    34.006    0.0122
He 1                61.5933m    33.577    0.0046      Blnd                3530.44A    33.653    0.0054      Si 3                1882.71A    33.430    0.0032
C  1                1101.07A    33.508    0.0039      He 1                3512.47A    33.071    0.0014      Al 2                2669.15A    35.087    0.1476
S  1                1196.76A    33.022    0.0013      He 1                3512.46A    33.292    0.0024      Al 2                2660.35A    34.327    0.0256
grains..........................................      Blnd                3512.48A    33.548    0.0043      Al 2                1670.79A    34.188    0.0186
GrGH                      0     34.998    0.1200      He 1                3498.61A    32.974    0.0011      Ca 2                7323.89A    35.998    1.2008
GrCC                      0     35.637    0.5236      He 1                3498.60A    33.196    0.0019      Ca 2                7291.47A    36.178    1.8197
GraT                      0     36.606    4.8751      Blnd                3498.62A    33.451    0.0034      Ca 2                3968.47A    35.213    0.1971
GraI                      0     35.720    0.6327      He 1                3487.69A    33.106    0.0015      Ca 2                8662.14A    34.994    0.1190
GraL                1215.67A    35.333    0.2598      Blnd                3487.70A    33.362    0.0028      Ca 2                3933.66A    35.344    0.2667
GraC                      0     36.284    2.3211      He 1                3478.93A    33.023    0.0013      Ca 2                8498.02A    34.395    0.0300
GraD                      0     36.202    1.9214      Blnd                3478.95A    33.278    0.0023      Ca 2                8542.09A    35.336    0.2613
H-like iso-sequence.............................      He 1                3471.80A    32.945    0.0011      Ca 2                3736.90A    32.980    0.0012
H  1 Cool           1215.67A    36.363    2.7855      Blnd                3471.81A    33.201    0.0019      Cl 2                14.3639m    33.929    0.0103
Crst                960.000A    36.175    1.8061      Blnd                3465.92A    33.128    0.0016      Cl 2                8578.70A    34.596    0.0476
LA X                1215.67A    33.979    0.0115      Blnd                3461.00A    33.061    0.0014      Cl 2                9123.60A    34.011    0.0124
CION                      0     33.897    0.0095      Blnd                3456.85A    32.998    0.0012      Cl 3                5537.87A    33.168    0.0018
Dest                1215.67A    35.370    0.2826      Blnd                3453.31A    32.940    0.0011      Mg 2                2802.71A    36.110    1.5538
Ca B                1215.67A    37.452   34.1415      Blnd                3441.57A    32.933    0.0010      Mg 2                2795.53A    36.404    3.0567
Q(H)                4861.32A    35.960    1.0992      He 1                3439.99A    33.022    0.0013      Mg 2                2936.52A    32.972    0.0011
Q(H)                1215.67A    37.488   37.1216      He 1                3439.98A    33.244    0.0021      Mg 2                2798.00A    33.169    0.0018
CaBo                4861.32A    35.922    1.0086      Blnd                3440.00A    33.499    0.0038      N  2                6548.05A    35.756    0.6876
CaBo                1640.00A    35.476    0.3608      He 1                7281.35A    33.984    0.0116      N  2                6583.45A    36.225    2.0270
CaBo                4685.64A    34.666    0.0559      He 1                6678.15A    34.588    0.0467      N  2                3062.83A    33.507    0.0039
Ca A                1215.67A    37.330   25.7792      He 1                5047.74A    33.342    0.0026      N  2                5754.59A    34.788    0.0740
Ca A                1025.72A    36.614    4.9656      He 1                4921.93A    34.147    0.0169      N  2                2139.01A    34.047    0.0135
Ca A                972.537A    36.202    1.9217      He 1                4437.55A    32.939    0.0010      N  2                2142.77A    34.438    0.0331
Ca A                949.743A    35.898    0.9530      He 1                4387.93A    33.824    0.0081      N  2                1085.70A    32.950    0.0011
Ca A                937.803A    35.655    0.5455      He 1                4143.76A    33.564    0.0044      N  2                915.612A    32.929    0.0010
Ca A                930.748A    35.455    0.3440      He 1                4009.05A    33.563    0.0044      N  2                916.701A    33.027    0.0013
Ca A                926.226A    35.286    0.2332      He 1                3926.41A    33.399    0.0030      N  2                915.962A    32.936    0.0010
Ca A                923.150A    35.144    0.1679      He 1                3871.69A    33.255    0.0022      Na 3                7.31570m    34.033    0.0130
Ca A                920.963A    35.023    0.1273      He 1                3833.48A    33.128    0.0016      Ni 2                1.19102m    33.170    0.0018
Ca A                919.351A    34.922    0.1009      He 1                3805.69A    33.012    0.0012      Ni 2                6.63416m    35.037    0.1314
Ca A                918.129A    34.837    0.0828      He 1                4.29471m    33.341    0.0026      Ni 2                1.07151m    34.308    0.0245
Ca A                917.181A    34.764    0.0700      He 1                1.25275m    33.305    0.0024      Ni 2                10.6793m    34.671    0.0566
Ca A                916.429A    34.703    0.0609      He 1                9463.58A    33.180    0.0018      Ni 2                1.16130m    33.611    0.0049
Ca A                915.824A    34.653    0.0542      He 1                8361.73A    32.983    0.0012      Ni 2                12.7253m    34.074    0.0143
Ca A                915.329A    34.612    0.0494      He 1                2.11202m    32.998    0.0012      Ni 2                1.09177m    33.191    0.0019
Ca A                914.919A    34.578    0.0457      He 1                1.70025m    33.571    0.0045      Ni 2                18.2355m    33.224    0.0020
Ca A                914.576A    34.549    0.0427      He 1                1.19691m    33.404    0.0031      Ni 2                7377.83A    35.469    0.3549
Ca A                914.286A    34.522    0.0402      He 1                1.03113m    33.198    0.0019      Ni 2                8300.99A    34.173    0.0180
Ca A                914.039A    34.496    0.0378      He 1                9515.00A    33.313    0.0025      Ni 2                1.93877m    34.761    0.0695
Ca A                913.826A    34.469    0.0355      He 1                9062.34A    33.166    0.0018      Ni 2                2.36883m    33.474    0.0036
Ca A                913.641A    34.441    0.0333      He 1                8776.09A    33.034    0.0013      Ni 2                2.91064m    33.805    0.0077
Ca A                913.480A    34.413    0.0312      He 1                1.95431m    33.071    0.0014      Ni 2                6666.80A    34.310    0.0246
Ca A                913.339A    34.384    0.0292      He 1                1.86854m    34.193    0.0188      Ni 2                7411.61A    34.529    0.0408
Ca A                6562.80A    36.190    1.8678      He 1                1.27849m    33.858    0.0087      Ni 2                2.30794m    33.349    0.0027
Ca A                4861.32A    35.744    0.6697      He 1                1.09130m    33.585    0.0046      Ni 2                6.91767m    33.050    0.0014
Ca A                4340.46A    35.420    0.3177      He 1                1.00275m    33.384    0.0029      Ni 2                4326.24A    34.147    0.0169
Ca A                4101.73A    35.167    0.1772      He 1                9526.01A    33.213    0.0020      Ni 2                4628.05A    33.725    0.0064
Ca A                3970.07A    34.958    0.1096      He 1                9210.23A    33.065    0.0014      Ni 2                7255.82A    33.792    0.0075
Ca A                3889.05A    34.780    0.0727      He 1                8996.90A    32.933    0.0010      Ni 2                1.04597m    33.308    0.0025
Ca A                3835.38A    34.625    0.0508      He 1                1.86972m    33.706    0.0061      Ni 2                1.23230m    33.281    0.0023
Ca A                3797.90A    34.487    0.0370      He 1                1.27905m    33.375    0.0029      Ni 2                4201.17A    33.867    0.0089
Ca A                3770.63A    34.365    0.0279      He 1                1.09171m    33.106    0.0015      Ni 2                4485.21A    33.415    0.0031
Ca A                3750.15A    34.256    0.0217      He 1                1.90894m    33.113    0.0016      Ni 2                7307.65A    33.519    0.0040
Ca A                3734.37A    34.159    0.0174      He 1                1.29684m    32.927    0.0010      Ni 2                7612.72A    33.191    0.0019
Ca A                3721.94A    34.074    0.0143      He 1                4.03663m    33.111    0.0016      Ni 2                7054.20A    32.942    0.0011
Ca A                3711.97A    33.998    0.0120      He 1                2.61850m    32.981    0.0012      Ni 2                4033.04A    33.597    0.0048
Ca A                3703.85A    33.931    0.0103      He 1                4.04791m    33.467    0.0035      Ni 2                4294.09A    33.476    0.0036
Ca A                3697.15A    33.871    0.0090      He 1                2.62337m    33.172    0.0018      Ni 2                6813.57A    33.455    0.0034
Ca A                3691.55A    33.817    0.0079      He 1                4.04793m    32.986    0.0012      Ni 2                3993.06A    33.999    0.0121
Ca A                3686.83A    33.767    0.0071      Ca B                2945.10A    34.381    0.0290      Ni 2                4248.80A    33.524    0.0040
Ca A                3682.81A    33.722    0.0064      Ca B                3187.74A    34.713    0.0623      Ni 2                6365.10A    33.526    0.0040
Ca A                3679.35A    33.679    0.0058      Ca B                3613.64A    33.801    0.0076      Ni 2                8703.87A    33.070    0.0014
Ca A                3676.36A    33.638    0.0052      Ca B                3888.64A    35.148    0.1695      Ni 2                3438.88A    33.701    0.0061
Ca A                3673.76A    33.599    0.0048      Ca B                3964.73A    34.110    0.0155      Ni 2                3626.89A    33.394    0.0030
Ca A                3671.48A    33.561    0.0044      Ca B                4026.20A    34.421    0.0318      Ni 2                3378.15A    33.120    0.0016
Ca A                1.87510m    35.392    0.2977      Ca B                4120.82A    33.379    0.0029      Ni 2                3559.41A    33.141    0.0017
Ca A                1.28181m    35.074    0.1430      Ca B                4387.93A    33.851    0.0086      level 1 lines...................................
Ca A                1.09381m    34.816    0.0789      Ca B                4437.55A    32.976    0.0011      recombination...................................
Ca A                1.00494m    34.602    0.0483      Ca B                4471.49A    34.752    0.0681      C  1                1657.00A    33.352    0.0027
Ca A                9545.97A    34.421    0.0318      Ca B                4713.16A    33.821    0.0080      C  2                1335.00A    34.543    0.0421
Ca A                9229.02A    34.262    0.0221      Ca B                4921.93A    34.188    0.0186      N  1                1200.00A    32.970    0.0011
Ca A                9014.91A    34.122    0.0160      Ca B                5015.68A    34.521    0.0401      O  1                1357.00A    33.704    0.0061
Ca A                8862.79A    33.995    0.0119      Ca B                5047.74A    33.375    0.0029      C  1                1140.10A    33.817    0.0079
Ca A                8750.48A    33.881    0.0092      Ca B                5875.64A    35.228    0.2041      C  2                1092.50A    33.479    0.0036
Ca A                8665.02A    33.777    0.0072      Ca B                6678.15A    34.675    0.0571      C  2                1036.80A    33.830    0.0082
Ca A                8598.40A    33.683    0.0058      Ca B                7065.21A    34.684    0.0583      C  2                946.100A    33.809    0.0078
Ca A                8545.39A    33.597    0.0048      Ca B                7281.35A    34.008    0.0123      C  2                799.800A    34.717    0.0629
Ca A                8502.49A    33.519    0.0040      Ca B                9463.58A    33.123    0.0016      N  1                980.700A    33.580    0.0046
Ca A                8467.26A    33.447    0.0034      Ca B                1.08302m    36.239    2.0909      O  1                7949.50A    33.241    0.0021
Ca A                8437.96A    33.381    0.0029      Ca B                1.19691m    33.425    0.0032      level2 lines....................................
Ca A                8413.32A    33.320    0.0025      Ca B                1.25275m    33.219    0.0020      C  1                943.939A    33.043    0.0013
Ca A                8392.40A    33.265    0.0022      Ca B                1.27849m    33.943    0.0106      C  2                596.559A    33.288    0.0023
Ca A                8374.48A    33.213    0.0020      Ca B                1.27905m    33.477    0.0036      C  2                561.959A    33.247    0.0021
Ca A                8359.01A    33.164    0.0018      Ca B                1.29684m    32.954    0.0011      C  2                530.721A    33.223    0.0020
Ca A                8345.56A    33.118    0.0016      Ca B                1.70025m    33.601    0.0048      C  2                544.909A    33.200    0.0019
Ca A                8333.79A    33.074    0.0014      Ca B                1.86854m    34.322    0.0253      C  2                535.300A    33.186    0.0019
Ca A                4.05115m    34.785    0.0736      Ca B                1.86972m    33.865    0.0088      C  2                550.361A    33.076    0.0014
Ca A                2.62515m    34.543    0.0421      Ca B                1.90894m    33.154    0.0017      C  2                467.460A    32.977    0.0011
Ca A                2.16553m    34.330    0.0258      Ca B                1.95431m    32.984    0.0012      N  1                942.258A    33.039    0.0013
Ca A                1.94456m    34.147    0.0169      Ca B                2.05813m    34.781    0.0729      N  2                532.161A    33.356    0.0027
Ca A                1.81741m    33.987    0.0117      Ca B                2.11202m    33.005    0.0012      N  2                634.441A    33.229    0.0020
Ca A                1.73621m    33.844    0.0084      Pho+                3889.00A    35.677    0.5731      N  2                475.141A    33.302    0.0024
Ca A                1.68065m    33.716    0.0063      extra Lyman.....................................      N  2                528.139A    33.237    0.0021
Ca A                1.64072m    33.599    0.0048      database lines..................................      N  2                452.970A    33.204    0.0019
Ca A                1.61093m    33.491    0.0037      Al 3                1854.72A    33.117    0.0016      N  2                441.950A    33.156    0.0017
Ca A                1.58805m    33.393    0.0030      Ar 2                6.98337m    34.981    0.1155      N  2                474.291A    33.143    0.0017
Ca A                1.57007m    33.301    0.0024      Ar 3                3109.18A    33.427    0.0032      N  2                437.731A    33.119    0.0016
Ca A                1.55565m    33.216    0.0020      Ar 3                5191.82A    33.092    0.0015      N  2                452.610A    32.980    0.0012
Ca A                1.54389m    33.138    0.0017      Ar 3                7135.79A    35.294    0.2376      O  1                867.303A    33.054    0.0014
Ca A                1.53418m    33.065    0.0014      Ar 3                7751.11A    34.670    0.0564      O  1                976.791A    33.070    0.0014
Ca A                1.52605m    32.998    0.0012      Ar 3                8.98898m    35.156    0.1727      O  1                969.049A    33.037    0.0013
Ca A                1.51919m    32.936    0.0010      Ar 3                21.8253m    33.709    0.0062      O  1                946.387A    33.016    0.0013
Ca A                7.45782m    34.288    0.0234      C  1                8727.13A    34.271    0.0225      O  1                934.501A    32.994    0.0012
Ca A                4.65251m    34.099    0.0151      C  1                9824.13A    34.456    0.0345      O  1                973.577A    32.955    0.0011
Ca A                3.73954m    33.920    0.0100      C  1                9850.26A    34.931    0.1030      O  1                927.472A    32.968    0.0011
Ca A                3.29609m    33.760    0.0069      C  2                687.053A    33.151    0.0017      O  1                922.969A    32.936    0.0010
Ca A                3.03837m    33.617    0.0050      C  2                903.623A    33.207    0.0019      O  2                425.190A    33.557    0.0043
Ca A                2.87221m    33.487    0.0037      C  2                903.962A    33.269    0.0022      O  2                388.410A    33.498    0.0038
Ca A                2.75752m    33.369    0.0028      C  2                904.142A    33.323    0.0025      O  2                373.600A    33.448    0.0034
Ca A                2.67440m    33.259    0.0022      C  2                904.480A    33.219    0.0020      O  2                361.821A    33.426    0.0032
Ca A                2.61194m    33.158    0.0017      C  2                1036.34A    33.112    0.0016      O  2                366.060A    33.412    0.0031
Ca A                2.56363m    33.063    0.0014      C  2                1037.02A    33.157    0.0017      O  2                360.570A    33.333    0.0026
Ca A                2.52540m    32.975    0.0011      C  2                1334.53A    33.598    0.0048      O  2                414.619A    33.240    0.0021
Ca A                12.3685m    33.867    0.0089      C  2                1335.66A    33.548    0.0043      O  2                358.780A    33.195    0.0019
Ca A                7.50045m    33.715    0.0063      C  2                1335.71A    33.989    0.0118      O  2                356.930A    33.190    0.0019
Ca A                5.90660m    33.561    0.0044      C  2                2323.50A    34.490    0.0373      O  2                355.610A    33.145    0.0017
Ca A                5.12726m    33.420    0.0032      C  2                2324.69A    34.706    0.0613      O  2                384.420A    32.966    0.0011
Ca A                4.67124m    33.291    0.0024      C  2                2325.40A    35.521    0.4000      O  3                305.400A    33.135    0.0016
Ca A                4.37526m    33.172    0.0018      C  2                2326.93A    35.272    0.2259      Ne 2                444.150A    33.197    0.0019
Ca A                4.16966m    33.062    0.0014      C  2                2328.12A    34.759    0.0693      Ne 2                356.870A    33.239    0.0021
Ca A                4.01977m    32.960    0.0011      C  2                157.636m    33.170    0.0018      Ne 2                461.050A    33.150    0.0017
Ca A                19.0567m    33.502    0.0038      C  3                1908.73A    34.674    0.0569      Ne 2                404.130A    33.131    0.0016
Ca A                11.3056m    33.377    0.0029      C  3                1906.68A    34.397    0.0301      Ne 2                327.700A    33.068    0.0014
Ca A                8.75768m    33.243    0.0021      C  3                977.020A    33.346    0.0027      Ne 2                331.200A    33.067    0.0014
Ca A                7.50606m    33.117    0.0016      C  3                386.203A    33.108    0.0015      Ne 2                327.139A    33.050    0.0014
Ca A                6.77015m    32.999    0.0012      Ca 1                4226.73A    33.614    0.0050      Ne 2                355.969A    33.055    0.0014
Ca A                27.7958m    33.180    0.0018      Co 2                9335.96A    32.972    0.0011      Ne 2                320.500A    32.976    0.0011
Ca A                16.2047m    33.075    0.0014      Co 2                10.5199m    33.538    0.0042      Ne 2                327.160A    32.932    0.0010
Ca A                12.3838m    32.957    0.0011      Co 2                14.7345m    33.250    0.0021      Ne 3                250.920A    33.177    0.0018
Ca B                6562.80A    36.378    2.8777      Co 2                1.01879m    33.950    0.0108      Ne 3                227.420A    33.190    0.0019
Ca B                4861.32A    35.922    1.0092      Co 2                1.12804m    32.979    0.0012      Ne 3                228.870A    32.991    0.0012
Ca B                4340.46A    35.593    0.4728      Co 2                1.54700m    33.705    0.0061      Ne 3                281.580A    33.115    0.0016
Ca B                4101.73A    35.336    0.2615      Co 2                1.02452m    33.117    0.0016      Ne 3                227.190A    33.058    0.0014
Ca B                3970.07A    35.125    0.1608      Co 2                9342.40A    33.218    0.0020      Ne 3                265.510A    32.981    0.0012
Ca B                3889.05A    34.946    0.1065      Cr 2                8000.08A    34.337    0.0262      Si 2                1179.59A    33.177    0.0018
Ca B                3835.38A    34.791    0.0746      Cr 2                8125.30A    34.266    0.0222      Si 2                993.354A    32.921    0.0010
Ca B                3797.90A    34.656    0.0546      Cr 2                8229.67A    34.167    0.0177      S  2                750.323A    33.064    0.0014
Ca B                3770.63A    34.537    0.0416      Cr 2                8308.49A    33.982    0.0116      S  2                632.711A    32.979    0.0011
Ca B                3750.15A    34.432    0.0326      Cr 2                8357.64A    33.686    0.0059      S  2                888.439A    32.950    0.0011
Ca B                3734.37A    34.338    0.0263      Fe 2                25.9813m    35.122    0.1597      S  3                667.049A    32.976    0.0011
Ca B                3721.94A    34.254    0.0217      Fe 2                5.33871m    35.108    0.1548      Ar 3                458.140A    33.072    0.0014
Ca B                3711.97A    34.178    0.0182      Fe 2                4.11387m    34.069    0.0141      Ar 3                464.671A    32.929    0.0010
Ca B                3703.85A    34.109    0.0155      Fe 2                1.25668m    35.096    0.1504      Ca 3                351.260A    33.151    0.0017
Ca B                3697.15A    34.047    0.0134      Fe 2                1.19129m    33.063    0.0014      Ti 2                3364.74A    34.602    0.0483
Ca B                3691.55A    33.989    0.0118      Fe 2                4632.28A    34.388    0.0295      Ti 2                3237.15A    34.354    0.0272
Ca B                3686.83A    33.934    0.0104      Fe 2                4604.48A    32.991    0.0012      Cr 2                2059.78A    33.870    0.0089
Ca B                3682.81A    33.883    0.0092      Fe 2                4416.27A    34.488    0.0371      Ni 2                1751.83A    32.997    0.0012
Ca B                3679.35A    33.834    0.0082      Fe 2                4382.74A    33.602    0.0048      Ni 2                1744.24A    33.173    0.0018
Ca B                3676.36A    33.786    0.0074      Fe 2                4287.39A    35.075    0.1434      hyperfine structure.............................
Ca B                3673.76A    33.741    0.0066      Fe 2                3175.38A    33.297    0.0024      inner shell.....................................
Ca B                3671.48A    33.697    0.0060      Fe 2                2599.40A    34.845    0.0844      Mg 3                246.489A    33.681    0.0058
Ca B                1.87510m    35.448    0.3382      Fe 2                2585.88A    34.531    0.0409      Mg 3                247.968A    33.679    0.0058
Ca B                1.28181m    35.136    0.1651      Fe 2                2382.04A    34.957    0.1094      molecules.......................................
Ca B                1.09381m    34.881    0.0917      Fe 2                2373.74A    34.456    0.0345      H-FB                      0     34.466    0.0353
Ca B                1.00494m    34.669    0.0563      Fe 2                2366.87A    33.923    0.0101      H-FF                      0     34.259    0.0219
Ca B                9545.97A    34.489    0.0372      Fe 2                2343.50A    34.048    0.0135      H-CT                6562.80A    34.448    0.0339
Ca B                9229.02A    34.333    0.0260      Fe 2                35.3391m    34.638    0.0524      H- H                      0     33.092    0.0015
Ca B                9014.91A    34.195    0.0189      Fe 2                6.71944m    33.969    0.0112      H2+                       0     34.067    0.0141
Ca B                8862.79A    34.072    0.0142      Fe 2                4.88781m    34.406    0.0307      HEH+                      0     33.217    0.0020
Ca B                8750.48A    33.962    0.0111      Fe 2                4.07521m    33.761    0.0070      bands...........................................
Ca B                8665.02A    33.864    0.0088      Fe 2                1.32055m    34.599    0.0479      Fe 2b               2500.00A    35.988    1.1748
Ca B                8598.40A    33.776    0.0072      Fe 2                1.24854m    34.317    0.0250      Fe 2b               5000.00A    36.453    3.4261
Ca B                8545.39A    33.697    0.0060      Fe 2                7637.52A    34.813    0.0785      Fe 2b               7000.00A    36.231    2.0529
Ca B                8502.49A    33.624    0.0051      Fe 2                4889.62A    34.519    0.0398      Fe 2b               10000.0A    36.838    8.3110
Ca B                8467.26A    33.558    0.0044      Fe 2                4716.37A    33.511    0.0039      Fe 2b               2355.00A    35.560    0.4384
Ca B                8437.96A    33.496    0.0038      Fe 2                4687.56A    33.693    0.0060      Fe 2b               2430.00A    35.937    1.0426
Ca B                8413.32A    33.439    0.0033      Fe 2                4492.64A    33.618    0.0050      Fe 2b               2445.00A    35.937    1.0426
Ca B                8392.40A    33.385    0.0029      Fe 2                4457.95A    34.304    0.0243      Fe 2b               2495.00A    34.161    0.0175
Ca B                8374.48A    33.333    0.0026      Fe 2                4432.45A    33.568    0.0045      Fe 2b               2610.00A    35.686    0.5860
Ca B                8359.01A    33.284    0.0023      Fe 2                4359.33A    34.944    0.1061      Fe 2b               2695.00A    33.918    0.0100
Ca B                8345.56A    33.236    0.0021      Fe 2                2625.67A    35.056    0.1373      Fe 2b               2758.00A    34.960    0.1100
Ca B                8333.79A    33.191    0.0019      Fe 2                2611.87A    34.654    0.0544      Fe 2b               2780.00A    35.001    0.1210
Ca B                4.05115m    34.817    0.0792      Fe 2                2598.37A    34.439    0.0331      Fe 2b               2935.00A    33.996    0.0120
Ca B                2.62515m    34.578    0.0457      Fe 2                2395.63A    34.545    0.0423      Fe 2b               2960.00A    33.970    0.0113
Ca B                2.16553m    34.368    0.0281      Fe 2                2388.63A    34.277    0.0228      Fe 2b               3180.00A    34.089    0.0148
Ca B                1.94456m    34.186    0.0185      Fe 2                2383.06A    33.868    0.0089      Fe 2b               3250.00A    34.585    0.0464
Ca B                1.81741m    34.028    0.0129      Fe 2                2364.83A    34.068    0.0141      Fe 2b               3590.00A    34.670    0.0564
Ca B                1.73621m    33.887    0.0093      Fe 2                2332.80A    33.874    0.0090      Fe 2b               3910.00A    33.689    0.0059
Ca B                1.68065m    33.761    0.0070      Fe 2                51.2868m    33.949    0.0107      Fe 2b               4255.00A    35.869    0.8917
Ca B                1.64072m    33.648    0.0054      Fe 2                5.67236m    33.594    0.0047      Fe 2b               4558.00A    35.163    0.1758
Ca B                1.61093m    33.545    0.0042      Fe 2                4.60641m    33.961    0.0110      Fe 2b               4600.00A    35.231    0.2053
Ca B                1.58805m    33.452    0.0034      Fe 2                4.08085m    33.229    0.0020      Fe 2b               4743.00A    34.757    0.0689
Ca B                1.57007m    33.368    0.0028      Fe 2                1.37181m    34.356    0.0274      Fe 2b               4855.00A    35.215    0.1978
Ca B                1.55565m    33.290    0.0024      Fe 2                1.29427m    34.531    0.0410      Fe 2b               4920.00A    35.749    0.6775
Ca B                1.54389m    33.219    0.0020      Fe 2                7806.23A    33.041    0.0013      Fe 2b               4975.00A    35.289    0.2345
Ca B                1.53418m    33.153    0.0017      Fe 2                7686.93A    34.777    0.0722      Fe 2b               4971.00A    35.221    0.2006
Ca B                1.52605m    33.092    0.0015      Fe 2                7552.40A    32.949    0.0011      Fe 2b               5070.00A    35.243    0.2110
Ca B                1.51919m    33.034    0.0013      Fe 2                4750.57A    33.063    0.0014      Fe 2b               5143.00A    35.695    0.5979
Ca B                1.51332m    32.980    0.0012      Fe 2                4728.07A    34.235    0.0207      Fe 2b               5270.00A    36.060    1.3862
Ca B                1.50828m    32.928    0.0010      Fe 2                4514.90A    33.679    0.0058      Fe 2b               5318.00A    35.815    0.7876
Ca B                7.45782m    34.315    0.0249      Fe 2                4488.75A    34.017    0.0126      Fe 2b               5540.00A    35.241    0.2100
Ca B                4.65251m    34.125    0.0161      Fe 2                4470.30A    33.116    0.0016      Fe 2b               5865.00A    34.625    0.0509
Ca B                3.73954m    33.947    0.0107      Fe 2                4413.78A    34.793    0.0749      Fe 2b               6265.00A    34.279    0.0229
Ca B                3.29609m    33.789    0.0074      Fe 2                2631.32A    34.720    0.0634      Fe 2b               6565.00A    34.769    0.0710
Ca B                3.03837m    33.647    0.0054      Fe 2                2617.62A    34.473    0.0358      Fe 2b               6910.00A    34.597    0.0477
Ca B                2.87221m    33.520    0.0040      Fe 2                2607.09A    34.396    0.0300      Fe 2b               7445.00A    36.199    1.9097
Ca B                2.75752m    33.404    0.0031      Fe 2                2404.89A    34.321    0.0253      Fe 2b               8625.00A    36.113    1.5634
Ca B                2.67440m    33.299    0.0024      Fe 2                2399.24A    34.172    0.0179      Fe 2b               1.03250m    35.189    0.1864
Ca B                2.61194m    33.202    0.0019      Fe 2                2395.42A    33.816    0.0079      Fe 2b               1.88900m    36.137    1.6527
Ca B                2.56363m    33.113    0.0016      Fe 2                2380.76A    34.206    0.0194      Fe 2b               2.20000m    34.827    0.0811
Ca B                2.52540m    33.032    0.0013      Fe 2                2348.30A    33.908    0.0098      miscellaneous...................................
Ca B                2.49458m    32.957    0.0011      Fe 2                2327.40A    33.647    0.0053      C 1R                1656.00A    33.349    0.0027
Ca B                12.3685m    33.893    0.0094      Fe 2                5.06097m    33.303    0.0024      C 2R                1335.00A    34.518    0.0398
Ca B                7.50045m    33.739    0.0066      Fe 2                4.43363m    33.399    0.0030      O 2H                3727.00A    33.505    0.0039
Ca B                5.90660m    33.586    0.0047      Fe 2                1.32777m    34.348    0.0269      O 2H                7325.00A    33.807    0.0077
Ca B                5.12726m    33.446    0.0034      Fe 2                1.27877m    34.385    0.0293      Blnd                1650.00A    35.449    0.3394
Ca B                4.67124m    33.318    0.0025      Fe 2                1.25214m    33.352    0.0027      Blnd                1304.00A    33.656    0.0055
Ca B                4.37526m    33.201    0.0019      Fe 2                7803.89A    33.080    0.0015      Blnd                1039.00A    33.062    0.0014
Ca B                4.16966m    33.094    0.0015      Fe 2                7665.28A    34.479    0.0363      Blnd                2798.00A    36.582    4.6105
Ca B                4.01977m    32.995    0.0012      Fe 2                5006.63A    33.368    0.0028      Blnd                6720.00A    35.794    0.7507
Ca B                19.0567m    33.528    0.0041      Fe 2                4772.06A    32.919    0.0010      Blnd                4074.00A    36.003    1.2149
Ca B                11.3056m    33.401    0.0030      Fe 2                4639.67A    33.828    0.0081      Blnd                1.03300m    35.894    0.9457
Ca B                8.75768m    33.267    0.0022      Fe 2                4528.39A    33.489    0.0037      Blnd                1256.00A    33.298    0.0024
Ca B                7.50606m    33.142    0.0017      Fe 2                4509.61A    33.443    0.0033      Blnd                1720.00A    33.102    0.0015
Ca B                6.77015m    33.025    0.0013      Fe 2                4452.10A    34.600    0.0481      Blnd                3722.00A    33.790    0.0074
Ca B                27.7958m    33.207    0.0019      Fe 2                2631.05A    34.495    0.0377      Blnd                5892.00A    33.269    0.0022
Ca B                16.2047m    33.100    0.0015      Fe 2                2620.41A    33.771    0.0071      Blnd                2665.00A    35.157    0.1732
Ca B                12.3838m    32.982    0.0012      Fe 2                2613.82A    34.193    0.0188      Blnd                1860.00A    33.301    0.0024
Ca B                38.8593m    32.919    0.0010      Fe 2                2410.52A    34.184    0.0184      Blnd                2335.00A    35.380    0.2893
H  1                2430.61A    36.014    1.2457      Fe 2                2406.66A    33.989    0.0118      Blnd                1888.00A    34.108    0.0155
H  1                1215.67A    37.485   36.8645      Fe 2                2404.43A    33.718    0.0063      Blnd                3350.00A    32.996    0.0012
H  1                1025.72A    33.856    0.0087      Fe 2                2359.11A    33.870    0.0089      Blnd                5525.00A    33.271    0.0023
H  1                972.537A    33.752    0.0068      Fe 2                2338.01A    33.706    0.0061      Blnd                8579.00A    35.532    0.4103
H  1                949.743A    33.693    0.0060      Fe 2                1.29777m    34.055    0.0137      Blnd                7306.00A    36.399    3.0206
H  1                937.803A    33.657    0.0055      Fe 2                1.27034m    34.190    0.0187      Blnd                3933.00A    35.585    0.4637
H  1                930.748A    33.627    0.0051      Fe 2                7874.24A    33.726    0.0064      Blnd                1657.00A    33.345    0.0027
H  1                926.226A    33.601    0.0048      Fe 2                7733.14A    33.831    0.0082      Blnd                9850.00A    35.057    0.1375
H  1                923.150A    33.576    0.0045      Fe 2                4798.28A    33.369    0.0028      Blnd                2326.00A    35.818    0.7940
H  1                920.963A    33.550    0.0043      Fe 2                4664.45A    33.314    0.0025      Blnd                1335.00A    34.237    0.0208
H  1                919.351A    33.461    0.0035      Fe 2                4474.90A    34.288    0.0234      Blnd                1909.00A    34.858    0.0870
H  1                918.129A    33.444    0.0034      Fe 2                2628.29A    34.387    0.0294      Blnd                3467.00A    34.085    0.0147
H  1                917.181A    33.428    0.0032      Fe 2                2621.67A    34.048    0.0135      Blnd                5199.00A    34.544    0.0422
H  1                916.429A    33.413    0.0031      Fe 2                2413.31A    33.954    0.0108      Blnd                1.04030m    34.840    0.0835
H  1                915.824A    33.400    0.0030      Fe 2                2411.07A    33.868    0.0089      Blnd                1085.00A    33.520    0.0040
H  1                915.329A    33.389    0.0030      Fe 2                2344.28A    33.683    0.0058      Blnd                2141.00A    34.586    0.0465
H  1                914.919A    33.379    0.0029      Fe 2                17.9311m    35.443    0.3348      Blnd                6300.00A    36.087    1.4747
H  1                914.576A    33.371    0.0028      Fe 2                1.64355m    36.273    2.2648      Blnd                2471.00A    35.561    0.4394
H  1                914.286A    33.365    0.0028      Fe 2                1.53348m    35.900    0.9587      Blnd                7323.00A    35.393    0.2984
H  1                914.039A    33.362    0.0028      Fe 2                8616.95A    35.403    0.3049      Blnd                7332.00A    35.309    0.2457
H  1                913.826A    33.363    0.0028      Fe 2                7155.17A    35.873    0.9012      Blnd                833.000A    33.575    0.0045
H  1                6562.80A    36.366    2.8005      Fe 2                6896.17A    34.340    0.0264      Blnd                3727.00A    35.740    0.6638
H  1                4861.32A    35.918    1.0000      Fe 2                5413.37A    33.882    0.0092      Blnd                7325.00A    35.654    0.5441
H  1                4340.46A    35.592    0.4716      Fe 2                5280.27A    33.552    0.0043      Blnd                5007.00A    35.106    0.1539

                                                    Emergent line intensities
general properties..............................      He 1                4.03663m    33.110    0.0016      Fe 2                5835.45A    33.053    0.0014
continua........................................      He 1                2.61850m    32.979    0.0012      Fe 2                5060.09A    32.996    0.0012
FIR                 83.0000m    36.283    2.4099      He 1                4.04791m    33.466    0.0037      Fe 2                3.39194m    32.956    0.0011
TIR                 1800.00m    33.870    0.0093      He 1                2.62337m    33.170    0.0019      Fe 2                1.11648m    33.174    0.0019
NIRa                2.85000m    37.372   29.5946      He 1                4.04793m    32.985    0.0012      Fe 2                1.07965m    33.139    0.0017
NIRb                3.00000m    36.984   12.1186      extra Lyman.....................................      Fe 2                1.14469m    33.010    0.0013
MIRa                15.0000m    36.492    3.8959      database lines..................................      Fe 2                1.71482m    33.644    0.0055
MIRb                22.5000m    36.706    6.3822      Al 3                1854.72A    33.078    0.0015      Fe 2                9949.21A    33.294    0.0025
NMIR                21.7500m    37.372   29.5946      Ar 2                6.98337m    34.981    0.1201      Fe 2                8574.86A    33.046    0.0014
TFIR                611.250m    34.866    0.0923      Ar 3                3109.18A    33.402    0.0032      Fe 2                1.47063m    32.971    0.0012
TALL                10000.0A    37.993  123.5401      Ar 3                5191.82A    33.075    0.0015      Fe 2                1.01273m    33.180    0.0019
F12                 12.0000m    35.963    1.1544      Ar 3                7135.79A    35.282    0.2405      Fe 2                1.80228m    33.300    0.0025
F25                 25.0000m    36.132    1.7006      Ar 3                7751.11A    34.659    0.0572      Fe 2                1.00387m    33.144    0.0018
F60                 60.0000m    36.219    2.0787      Ar 3                8.98898m    35.153    0.1788      Fe 2                1.05719m    32.954    0.0011
F100                100.000m    35.205    0.2016      Ar 3                21.8253m    33.708    0.0064      Fe 2                5169.03A    33.409    0.0032
MIPS                24.0000m    35.886    0.9649      C  1                8727.13A    34.261    0.0229      Fe 2                5018.44A    33.047    0.0014
MIPS                70.0000m    35.647    0.5573      C  1                9824.13A    34.447    0.0352      Fe 3                22.9190m    34.451    0.0354
MIPS                160.000m    34.385    0.0305      C  1                9850.26A    34.923    0.1051      Fe 3                4881.00A    34.761    0.0725
IRAC                3.60000m    35.124    0.1671      C  2                1036.34A    33.037    0.0014      Fe 3                4658.05A    34.955    0.1132
IRAC                4.50000m    35.382    0.3027      C  2                1037.02A    33.082    0.0015      Fe 3                4607.03A    33.859    0.0091
IRAC                5.80000m    35.356    0.2851      C  2                1334.53A    33.544    0.0044      Fe 3                4008.35A    33.884    0.0096
IRAC                8.00000m    35.693    0.6197      C  2                1335.66A    33.493    0.0039      Fe 3                3322.54A    33.472    0.0037
SPR1                250.000m    33.862    0.0091      C  2                1335.71A    33.935    0.0108      Fe 3                3239.74A    33.894    0.0098
SPR2                350.000m    33.598    0.0050      C  2                2323.50A    34.452    0.0356      Fe 3                2438.29A    33.695    0.0062
SPR3                500.000m    33.488    0.0039      C  2                2324.69A    34.668    0.0585      Fe 3                33.0270m    33.904    0.0101
PAC1                70.0000m    35.694    0.6212      C  2                2325.40A    35.483    0.3816      Fe 3                5270.40A    34.796    0.0785
PAC2                100.000m    35.193    0.1957      C  2                2326.93A    35.235    0.2155      Fe 3                4987.21A    34.021    0.0132
PAC3                160.000m    34.621    0.0524      C  2                2328.12A    34.722    0.0661      Fe 3                4754.69A    34.230    0.0213
PAH                 3.30000m    34.348    0.0280      C  2                157.636m    33.170    0.0019      Fe 3                4701.54A    34.571    0.0468
PAHC                3.23000m    34.045    0.0139      C  3                1908.73A    34.636    0.0543      Fe 3                4667.01A    33.732    0.0068
PAHC                3.37000m    33.909    0.0102      C  3                1906.68A    34.359    0.0287      Fe 3                4079.70A    33.326    0.0027
PAH                 6.20000m    34.467    0.0368      C  3                977.020A    33.267    0.0023      Fe 3                4046.42A    33.208    0.0020
PAHC                5.65000m    34.551    0.0447      Ca 1                4226.73A    33.592    0.0049      Fe 3                3371.41A    33.338    0.0027
PAH                 7.90000m    34.766    0.0733      Co 2                9335.96A    32.963    0.0012      Fe 3                3301.56A    32.919    0.0010
PAHC                6.90000m    35.431    0.3391      Co 2                10.5199m    33.535    0.0043      Fe 3                3286.19A    33.379    0.0030
PAH                 11.3000m    34.027    0.0134      Co 2                14.7345m    33.249    0.0022      Fe 3                2464.51A    33.553    0.0045
PAHC                10.9000m    34.280    0.0240      Co 2                1.01879m    33.942    0.0110      Fe 3                51.6655m    33.074    0.0015
PAH                 11.8000m    34.149    0.0177      Co 2                1.12804m    32.972    0.0012      Fe 3                5011.26A    34.332    0.0270
PAHC                12.6500m    35.762    0.7268      Co 2                1.54700m    33.699    0.0063      Fe 3                4769.43A    34.104    0.0160
PAH                 13.3000m    34.214    0.0206      Co 2                1.02452m    33.108    0.0016      Fe 3                4733.91A    34.273    0.0235
PAHC                14.1000m    34.415    0.0327      Co 2                9342.40A    33.209    0.0020      Fe 3                3406.18A    32.975    0.0012
Bcon                3640.00A    37.746   70.0071      Cr 2                8000.08A    34.326    0.0266      Fe 3                3334.90A    33.541    0.0044
Pcon                5000.00A    37.350   28.1451      Cr 2                8125.30A    34.255    0.0226      Fe 3                3319.22A    33.212    0.0020
O3bn                5007.00A    35.679    0.6003      Cr 2                8229.67A    34.156    0.0180      Fe 3                2483.05A    33.383    0.0030
ROSA                12.3980A    35.028    0.1340      Cr 2                8308.49A    33.971    0.0117      Fe 3                5411.98A    33.740    0.0069
RRC.............................................      Cr 2                8357.64A    33.675    0.0059      Fe 3                4930.54A    33.851    0.0089
grains..........................................      Fe 2                25.9813m    35.121    0.1660      Fe 3                4777.68A    33.953    0.0113
H-like iso-sequence.............................      Fe 2                5.33871m    35.107    0.1608      Fe 3                3356.57A    33.461    0.0036
H  1                1215.67A    37.424   33.3339      Fe 2                4.11387m    34.068    0.0147      Fe 3                3355.48A    33.306    0.0025
H  1                1025.72A    33.782    0.0076      Fe 2                1.25668m    35.089    0.1541      Fe 3                2495.04A    33.146    0.0018
H  1                972.537A    33.673    0.0059      Fe 2                1.19129m    33.055    0.0014      Fe 3                5084.77A    33.557    0.0045
H  1                949.743A    33.613    0.0052      Fe 2                4632.28A    34.370    0.0294      Fe 3                3366.21A    33.244    0.0022
H  1                937.803A    33.576    0.0047      Fe 2                4604.48A    32.972    0.0012      Fe 3                2.21782m    33.766    0.0073
H  1                930.748A    33.546    0.0044      Fe 2                4416.27A    34.469    0.0370      Fe 3                9701.27A    33.553    0.0045
H  1                926.226A    33.519    0.0042      Fe 2                4382.74A    33.583    0.0048      Fe 3                2.34788m    33.587    0.0049
H  1                923.150A    33.495    0.0039      Fe 2                4287.39A    35.055    0.1427      Fe 3                9942.18A    33.360    0.0029
H  1                920.963A    33.468    0.0037      Fe 2                3175.38A    33.272    0.0024      Fe 3                9444.21A    32.919    0.0010
H  1                919.351A    33.378    0.0030      Fe 2                2599.40A    34.811    0.0813      Fe 3                2.24204m    33.212    0.0020
H  1                918.129A    33.361    0.0029      Fe 2                2585.88A    34.496    0.0394      Fe 3                2.14511m    33.264    0.0023
H  1                917.181A    33.345    0.0028      Fe 2                2382.04A    34.917    0.1036      Fe 3                3.22847m    33.242    0.0022
H  1                916.429A    33.331    0.0027      Fe 2                2373.74A    34.414    0.0326      Fe 3                2.87385m    33.476    0.0038
H  1                915.824A    33.318    0.0026      Fe 2                2366.87A    33.880    0.0095      Fe 3                1.06081m    32.967    0.0012
H  1                915.329A    33.306    0.0025      Fe 2                2343.50A    34.007    0.0128      Fe 3                2.90407m    33.092    0.0016
H  1                914.919A    33.296    0.0025      Fe 2                35.3391m    34.637    0.0545      K  3                4.61683m    33.582    0.0048
H  1                914.576A    33.287    0.0024      Fe 2                6.71944m    33.968    0.0117      Mg 1                2025.82A    33.052    0.0014
H  1                914.286A    33.281    0.0024      Fe 2                4.88781m    34.405    0.0319      Mg 1                2852.13A    34.783    0.0762
H  1                914.039A    33.277    0.0024      Fe 2                4.07521m    33.760    0.0072      Mg 1                4562.60A    34.801    0.0794
H  1                913.826A    33.279    0.0024      Fe 2                1.32055m    34.593    0.0492      Mg 1                4571.10A    34.556    0.0452
H  1                6562.80A    36.353    2.8282      Fe 2                1.24854m    34.310    0.0257      Mg 1                4575.29A    33.209    0.0020
H  1                4861.32A    35.901    1.0000      Fe 2                7637.52A    34.802    0.0796      Mg 1                5172.68A    33.315    0.0026
H  1                4340.46A    35.573    0.4696      Fe 2                4889.62A    34.501    0.0398      Mg 1                5183.60A    33.492    0.0039
H  1                4101.73A    35.315    0.2592      Fe 2                4716.37A    33.493    0.0039      Mg 1                8806.76A    32.987    0.0012
H  1                3970.07A    35.104    0.1595      Fe 2                4687.56A    33.675    0.0059      Mn 2                2576.10A    34.212    0.0204
H  1                3889.05A    34.925    0.1057      Fe 2                4492.64A    33.599    0.0050      Mn 2                2593.72A    34.122    0.0166
H  1                3835.38A    34.771    0.0741      Fe 2                4457.95A    34.285    0.0242      Mn 2                2605.68A    33.983    0.0121
H  1                3797.90A    34.635    0.0543      Fe 2                4432.45A    33.549    0.0044      N  1                1199.55A    33.227    0.0021
H  1                3770.63A    34.635    0.0541      Fe 2                4359.33A    34.925    0.1056      N  1                1200.22A    33.198    0.0020
H  1                3750.15A    34.530    0.0425      Fe 2                2625.67A    35.023    0.1324      N  1                1200.71A    33.059    0.0014
H  1                3734.37A    34.434    0.0341      Fe 2                2611.87A    34.621    0.0525      N  1                3466.50A    33.979    0.0120
H  1                3721.94A    34.345    0.0278      Fe 2                2598.37A    34.406    0.0320      N  1                3466.54A    33.300    0.0025
H  1                3711.97A    34.262    0.0230      Fe 2                2395.63A    34.506    0.0403      N  1                5197.90A    34.326    0.0266
H  1                3703.85A    34.186    0.0193      Fe 2                2388.63A    34.238    0.0217      N  1                5200.26A    34.095    0.0156
H  1                3697.15A    34.115    0.0164      Fe 2                2383.06A    33.829    0.0085      N  1                1.03977m    34.489    0.0387
H  1                3691.55A    34.049    0.0141      Fe 2                2364.83A    34.027    0.0134      N  1                1.03982m    33.961    0.0115
H  1                3686.83A    33.989    0.0122      Fe 2                2332.80A    33.832    0.0085      N  1                1.04072m    34.141    0.0174
H  1                3682.81A    33.935    0.0108      Fe 2                51.2868m    33.948    0.0111      N  1                1.04076m    34.148    0.0177
H  1                3679.35A    33.888    0.0097      Fe 2                5.67236m    33.593    0.0049      Na 1                5889.95A    32.953    0.0011
H  1                1.87510m    35.406    0.3200      Fe 2                4.60641m    33.960    0.0115      Na 1                5895.92A    32.950    0.0011
H  1                1.28181m    35.110    0.1619      Fe 2                4.08085m    33.227    0.0021      Ne 2                12.8101m    35.735    0.6816
H  1                1.09381m    34.859    0.0908      Fe 2                1.37181m    34.350    0.0281      Ne 3                15.5509m    35.677    0.5970
H  1                1.00494m    34.650    0.0561      Fe 2                1.29427m    34.525    0.0421      Ne 3                3868.76A    35.447    0.3515
H  1                9545.97A    34.471    0.0372      Fe 2                7806.23A    33.029    0.0013      Ne 3                36.0036m    34.468    0.0369
H  1                9229.02A    34.315    0.0260      Fe 2                7686.93A    34.766    0.0732      Ne 3                3967.47A    34.930    0.1068
H  1                9014.91A    34.178    0.0189      Fe 2                7552.40A    32.938    0.0011      O  1                1302.17A    33.108    0.0016
H  1                8862.79A    34.131    0.0170      Fe 2                4750.57A    33.045    0.0014      O  1                1304.86A    33.173    0.0019
H  1                8750.48A    34.027    0.0134      Fe 2                4728.07A    34.217    0.0207      O  1                1306.03A    33.086    0.0015
H  1                8665.02A    33.931    0.0107      Fe 2                4514.90A    33.660    0.0057      O  1                2972.29A    33.300    0.0025
H  1                8598.40A    33.842    0.0087      Fe 2                4488.75A    33.998    0.0125      O  1                5577.34A    34.260    0.0229
H  1                8545.39A    33.760    0.0072      Fe 2                4470.30A    33.097    0.0016      O  1                6300.30A    35.953    1.1268
H  1                8502.49A    33.684    0.0061      Fe 2                4413.78A    34.774    0.0746      O  1                6363.78A    35.457    0.3601
H  1                8467.26A    33.613    0.0051      Fe 2                2631.32A    34.688    0.0613      O  1                63.1679m    34.972    0.1178
H  1                8437.96A    33.547    0.0044      Fe 2                2617.62A    34.440    0.0346      O  1                145.495m    33.484    0.0038
H  1                8413.32A    33.487    0.0039      Fe 2                2607.09A    34.364    0.0290      O  2                2470.22A    34.846    0.0881
H  1                8392.40A    33.433    0.0034      Fe 2                2404.89A    34.283    0.0241      O  2                2470.34A    35.428    0.3365
H  1                8374.48A    33.386    0.0031      Fe 2                2399.24A    34.133    0.0171      O  2                7318.92A    34.784    0.0763
H  1                4.05115m    34.759    0.0722      Fe 2                2395.42A    33.778    0.0075      O  2                7319.99A    35.255    0.2259
H  1                2.62515m    34.540    0.0435      Fe 2                2380.76A    34.167    0.0185      O  2                7329.67A    35.006    0.1274
H  1                2.16553m    34.337    0.0273      Fe 2                2348.30A    33.867    0.0092      O  2                7330.73A    34.986    0.1216
H  1                1.94456m    34.160    0.0181      Fe 2                2327.40A    33.605    0.0051      O  2                3728.81A    35.166    0.1840
H  1                1.81741m    34.003    0.0127      Fe 2                5.06097m    33.302    0.0025      O  2                3726.03A    35.576    0.4731
H  1                1.73621m    33.864    0.0092      Fe 2                4.43363m    33.398    0.0031      O  3                51.8004m    32.951    0.0011
H  1                1.68065m    33.767    0.0073      Fe 2                1.32777m    34.342    0.0276      O  3                4958.91A    34.499    0.0396
H  1                1.64072m    33.663    0.0058      Fe 2                1.27877m    34.379    0.0300      O  3                5006.84A    34.960    0.1145
H  1                1.61093m    33.567    0.0046      Fe 2                1.25214m    33.345    0.0028      P  2                32.8620m    32.916    0.0010
H  1                1.58805m    33.479    0.0038      Fe 2                7803.89A    33.069    0.0015      P  2                1.14682m    34.353    0.0283
H  1                1.57007m    33.397    0.0031      Fe 2                7665.28A    34.467    0.0368      P  2                1.18828m    34.776    0.0750
H  1                1.55565m    33.321    0.0026      Fe 2                5006.63A    33.351    0.0028      P  2                7875.99A    33.641    0.0055
H  1                1.54389m    33.250    0.0022      Fe 2                4772.06A    32.901    0.0010      S  1                25.2421m    33.441    0.0035
H  1                1.53418m    33.185    0.0019      Fe 2                4639.67A    33.810    0.0081      S  2                6730.82A    35.618    0.5207
H  1                1.52605m    33.124    0.0017      Fe 2                4528.39A    33.470    0.0037      S  2                6716.44A    35.277    0.2377
H  1                1.51919m    33.070    0.0015      Fe 2                4509.61A    33.424    0.0033      S  2                4076.35A    35.366    0.2918
H  1                1.51332m    33.024    0.0013      Fe 2                4452.10A    34.581    0.0479      S  2                4068.60A    35.862    0.9146
H  1                7.45782m    34.241    0.0219      Fe 2                2631.05A    34.463    0.0365      S  2                1.03364m    35.240    0.2183
H  1                4.65251m    34.074    0.0149      Fe 2                2620.41A    33.741    0.0069      S  2                1.02867m    35.248    0.2224
H  1                3.73954m    33.905    0.0101      Fe 2                2613.82A    34.161    0.0182      S  2                1.03705m    34.918    0.1040
H  1                3.29609m    33.752    0.0071      Fe 2                2410.52A    34.146    0.0176      S  2                1.03205m    35.382    0.3027
H  1                3.03837m    33.614    0.0052      Fe 2                2406.66A    33.951    0.0112      S  3                33.4704m    33.538    0.0043
H  1                2.87221m    33.480    0.0038      Fe 2                2404.43A    33.680    0.0060      S  3                18.7078m    34.492    0.0390
H  1                2.75752m    33.377    0.0030      Fe 2                2359.11A    33.829    0.0085      S  3                9068.62A    35.269    0.2333
H  1                2.67440m    33.282    0.0024      Fe 2                2338.01A    33.665    0.0058      S  3                9530.62A    35.669    0.5867
H  1                2.61194m    33.194    0.0020      Fe 2                1.29777m    34.048    0.0140      S  3                3721.63A    33.763    0.0073
H  1                2.56363m    33.113    0.0016      Fe 2                1.27034m    34.183    0.0191      S  3                6312.06A    34.044    0.0139
H  1                2.52540m    33.037    0.0014      Fe 2                7874.24A    33.715    0.0065      S  3                1728.94A    32.933    0.0011
H  1                2.49458m    32.966    0.0012      Fe 2                7733.14A    33.820    0.0083      Si 2                34.8046m    34.966    0.1161
H  1                12.3685m    33.805    0.0080      Fe 2                4798.28A    33.351    0.0028      Si 2                2334.41A    34.207    0.0202
H  1                7.50045m    33.674    0.0059      Fe 2                4664.45A    33.296    0.0025      Si 2                2328.52A    33.698    0.0063
H  1                5.90660m    33.532    0.0043      Fe 2                4474.90A    34.269    0.0233      Si 2                1808.01A    34.392    0.0310
H  1                5.12726m    33.398    0.0031      Fe 2                2628.29A    34.355    0.0284      Si 2                1526.71A    33.524    0.0042
H  1                4.67124m    33.243    0.0022      Fe 2                2621.67A    34.016    0.0130      Si 2                1260.42A    32.981    0.0012
H  1                4.37526m    33.141    0.0017      Fe 2                2413.31A    33.916    0.0103      Si 2                1190.42A    32.928    0.0011
H  1                4.16966m    33.047    0.0014      Fe 2                2411.07A    33.830    0.0085      Si 2                2350.17A    34.332    0.0270
H  1                4.01977m    32.959    0.0011      Fe 2                2344.28A    33.642    0.0055      Si 2                2344.20A    34.847    0.0883
H  1                19.0567m    33.430    0.0034      Fe 2                17.9311m    35.442    0.3475      Si 2                2334.60A    35.030    0.1347
H  1                11.3056m    33.323    0.0026      Fe 2                1.64355m    36.269    2.3315      Si 2                1817.45A    34.115    0.0164
H  1                8.75768m    33.200    0.0020      Fe 2                1.53348m    35.895    0.9859      Si 2                1816.93A    34.750    0.0706
H  1                7.50606m    33.039    0.0014      Fe 2                8616.95A    35.393    0.3102      Si 2                1533.43A    33.558    0.0045
H  1                6.77015m    32.939    0.0011      Fe 2                7155.17A    35.861    0.9122      Si 2                1309.28A    32.936    0.0011
H  1                27.7958m    33.100    0.0016      Fe 2                6896.17A    34.327    0.0267      Si 2                1265.00A    32.962    0.0012
H  1                16.2047m    33.012    0.0013      Fe 2                5413.37A    33.866    0.0092      Si 2                1264.74A    33.276    0.0024
He 2                1640.41A    35.411    0.3233      Fe 2                5280.27A    33.536    0.0043      Si 2                1194.50A    33.041    0.0014
He 2                1215.13A    34.911    0.1023      Fe 2                5273.36A    34.988    0.1222      Si 3                1892.03A    33.969    0.0117
He 2                1084.94A    34.565    0.0461      Fe 2                5158.79A    35.547    0.4424      Si 3                1882.71A    33.393    0.0031
He 2                1025.27A    34.300    0.0251      Fe 2                5111.64A    34.757    0.0717      Al 2                2669.15A    35.059    0.1438
He 2                992.358A    34.090    0.0155      Fe 2                5072.41A    34.952    0.1124      Al 2                2660.35A    34.298    0.0250
He 2                972.106A    33.915    0.0103      Fe 2                5039.10A    33.903    0.0101      Al 2                1670.79A    34.146    0.0176
He 2                958.693A    33.765    0.0073      Fe 2                4814.54A    34.728    0.0671      Ca 2                7323.89A    35.986    1.2163
He 2                949.323A    33.633    0.0054      Fe 2                4774.73A    34.372    0.0296      Ca 2                7291.47A    36.167    1.8428
He 2                942.507A    33.774    0.0075      Fe 2                4745.49A    33.378    0.0030      Ca 2                3968.47A    35.190    0.1947
He 2                937.389A    33.681    0.0060      Fe 2                4243.97A    35.117    0.1645      Ca 2                8662.14A    34.984    0.1210
He 2                933.444A    33.595    0.0049      Fe 2                4177.20A    34.245    0.0221      Ca 2                3933.66A    35.322    0.2635
He 2                930.337A    33.517    0.0041      Fe 2                4146.65A    33.011    0.0013      Ca 2                8498.02A    34.385    0.0305
He 2                927.846A    33.444    0.0035      Fe 2                4114.48A    33.497    0.0039      Ca 2                8542.09A    35.325    0.2657
He 2                925.816A    33.377    0.0030      Fe 2                3929.35A    33.342    0.0028      Ca 2                3736.90A    32.958    0.0011
He 2                924.142A    33.314    0.0026      Fe 2                3387.09A    33.663    0.0058      Cl 2                14.3639m    33.928    0.0106
He 2                922.743A    33.257    0.0023      Fe 2                3376.20A    34.303    0.0252      Cl 2                8578.70A    34.586    0.0484
He 2                921.562A    33.204    0.0020      Fe 2                2732.45A    33.505    0.0040      Cl 2                9123.60A    34.002    0.0126
He 2                920.556A    33.157    0.0018      Fe 2                2493.30A    33.934    0.0108      Cl 3                5537.87A    33.152    0.0018
He 2                919.693A    33.118    0.0016      Fe 2                2484.20A    33.455    0.0036      Mg 2                2802.71A    36.079    1.5070
He 2                4685.68A    34.556    0.0451      Fe 2                2360.00A    33.210    0.0020      Mg 2                2795.53A    36.373    2.9655
He 2                3203.08A    34.221    0.0209      Fe 2                2348.12A    33.406    0.0032      Mg 2                2936.52A    32.946    0.0011
He 2                2733.28A    33.952    0.0113      Fe 2                24.5126m    34.920    0.1044      Mg 2                2798.00A    33.141    0.0017
He 2                2511.19A    33.733    0.0068      Fe 2                1.80940m    35.669    0.5855      N  2                6548.05A    35.743    0.6943
He 2                2385.39A    33.548    0.0044      Fe 2                1.67688m    35.470    0.3707      N  2                6583.45A    36.212    2.0470
He 2                2306.18A    33.389    0.0031      Fe 2                1.59948m    35.657    0.5700      N  2                3062.83A    33.482    0.0038
He 2                2252.67A    33.250    0.0022      Fe 2                9051.95A    35.552    0.4474      N  2                5754.59A    34.773    0.0744
He 2                2214.65A    33.298    0.0025      Fe 2                8891.93A    35.168    0.1850      N  2                2139.01A    34.003    0.0127
He 2                2186.59A    33.205    0.0020      Fe 2                7452.56A    35.370    0.2942      N  2                2142.77A    34.394    0.0311
He 2                2165.23A    33.120    0.0017      Fe 2                7172.00A    35.372    0.2958      N  2                916.701A    32.945    0.0011
He 2                2148.58A    33.041    0.0014      Fe 2                6275.53A    33.614    0.0052      Na 3                7.31570m    34.032    0.0135
He 2                2135.34A    32.969    0.0012      Fe 2                5527.36A    35.100    0.1582      Ni 2                1.19102m    33.163    0.0018
He 2                2124.61A    32.902    0.0010      Fe 2                5440.48A    33.243    0.0022      Ni 2                6.63416m    35.036    0.1366
He 2                1.01235m    33.954    0.0113      Fe 2                5433.15A    34.475    0.0375      Ni 2                1.07151m    34.300    0.0251
He 2                6560.01A    33.708    0.0064      Fe 2                5261.63A    35.284    0.2414      Ni 2                10.6793m    34.669    0.0586
He 2                5411.45A    33.489    0.0039      Fe 2                5220.08A    33.949    0.0112      Ni 2                1.16130m    33.604    0.0050
He 2                4859.26A    33.302    0.0025      Fe 2                5184.80A    34.439    0.0345      Ni 2                12.7253m    34.073    0.0149
He 2                4541.54A    33.141    0.0017      Fe 2                5158.01A    34.463    0.0365      Ni 2                1.09177m    33.183    0.0019
He 2                4338.62A    33.000    0.0013      Fe 2                4947.39A    34.784    0.0765      Ni 2                18.2355m    33.223    0.0021
He 2                4199.78A    32.952    0.0011      Fe 2                4905.35A    34.517    0.0413      Ni 2                7377.83A    35.457    0.3595
He 2                1.86365m    33.460    0.0036      Fe 2                4874.50A    34.533    0.0428      Ni 2                8300.99A    34.162    0.0182
He 2                1.16262m    33.276    0.0024      Fe 2                4852.74A    33.474    0.0037      Ni 2                1.93877m    34.757    0.0717
He 2                9344.80A    33.096    0.0016      Fe 2                4346.86A    34.490    0.0388      Ni 2                2.36883m    33.471    0.0037
He 2                8236.67A    32.935    0.0011      Fe 2                4276.84A    34.784    0.0764      Ni 2                2.91064m    33.803    0.0080
He 2                3.09080m    33.036    0.0014      Fe 2                4244.82A    34.313    0.0258      Ni 2                6666.80A    34.297    0.0249
He-like iso-sequence............................      Fe 2                4231.56A    33.178    0.0019      Ni 2                7411.61A    34.517    0.0413
He 1                1.08291m    34.671    0.0589      Fe 2                4211.11A    33.563    0.0046      Ni 2                2.30794m    33.346    0.0028
He 1                1.08302m    35.392    0.3096      Fe 2                3455.11A    33.716    0.0065      Ni 2                6.91767m    33.049    0.0014
He 1                1.08303m    35.770    0.7403      Fe 2                3452.31A    33.869    0.0093      Ni 2                4326.24A    34.128    0.0168
Blnd                1.08302m    35.946    1.1088      Fe 2                3440.99A    33.824    0.0084      Ni 2                4628.05A    33.707    0.0064
He 1                3888.64A    35.116    0.1640      Fe 2                2391.48A    33.006    0.0013      Ni 2                7255.82A    33.780    0.0076
He 1                3187.74A    34.689    0.0614      Fe 2                2362.02A    33.119    0.0017      Ni 2                1.04597m    33.300    0.0025
He 1                2945.10A    34.365    0.0291      Fe 2                35.7675m    34.133    0.0171      Ni 2                1.23230m    33.274    0.0024
He 1                2829.08A    34.104    0.0160      Fe 2                1.95361m    34.758    0.0719      Ni 2                4201.17A    33.848    0.0088
He 1                2760.44A    33.528    0.0042      Fe 2                1.80002m    35.455    0.3579      Ni 2                4485.21A    33.396    0.0031
He 1                2721.00A    33.383    0.0030      Fe 2                1.71113m    34.980    0.1198      Ni 2                7307.65A    33.508    0.0040
He 1                2694.61A    33.251    0.0022      Fe 2                1.66377m    35.367    0.2925      Ni 2                7612.72A    33.180    0.0019
He 1                2676.05A    33.132    0.0017      Fe 2                9399.04A    35.130    0.1694      Ni 2                7054.20A    32.930    0.0011
He 1                2662.47A    33.016    0.0013      Fe 2                9226.63A    35.225    0.2109      Ni 2                4033.04A    33.577    0.0047
He 1                2652.24A    32.915    0.0010      Fe 2                9033.49A    34.801    0.0793      Ni 2                4294.09A    33.457    0.0036
He 1                2.05813m    34.440    0.0346      Fe 2                7388.17A    35.252    0.2245      Ni 2                6813.57A    33.442    0.0035
He 1                5015.68A    34.477    0.0377      Fe 2                6440.41A    34.500    0.0397      Ni 2                3993.06A    33.979    0.0120
He 1                3964.73A    34.075    0.0149      Fe 2                6229.28A    33.344    0.0028      Ni 2                4248.80A    33.504    0.0040
He 1                3613.64A    33.768    0.0074      Fe 2                5654.87A    34.140    0.0173      Ni 2                6365.10A    33.512    0.0041
He 1                3447.59A    33.513    0.0041      Fe 2                5556.31A    33.806    0.0080      Ni 2                8703.87A    33.060    0.0014
He 1                3355.42A    33.054    0.0014      Fe 2                5412.67A    34.619    0.0522      Ni 2                3438.88A    33.678    0.0060
He 1                3297.33A    32.903    0.0010      Fe 2                5333.66A    34.938    0.1088      Ni 2                3626.89A    33.371    0.0030
He 1                7065.71A    33.758    0.0072      Fe 2                5296.84A    34.040    0.0138      Ni 2                3378.15A    33.097    0.0016
He 1                7065.21A    34.235    0.0216      Fe 2                5268.89A    34.293    0.0247      Ni 2                3559.41A    33.118    0.0016
He 1                7065.18A    34.457    0.0360      Fe 2                5107.96A    33.950    0.0112      level 1 lines...................................
Blnd                7065.25A    34.712    0.0647      Fe 2                5049.30A    34.611    0.0513      recombination...................................
He 1                5875.98A    34.197    0.0198      Fe 2                5005.52A    34.641    0.0550      level2 lines....................................
He 1                5875.64A    34.675    0.0594      Fe 2                4973.40A    34.432    0.0339      C  1                943.939A    32.959    0.0011
He 1                5875.61A    34.896    0.0990      Fe 2                4950.76A    34.388    0.0307      N  1                942.258A    32.943    0.0011
Blnd                5875.66A    35.152    0.1781      Fe 2                4352.79A    34.469    0.0369      O  1                976.791A    32.985    0.0012
He 1                4713.16A    33.319    0.0026      Fe 2                4319.62A    34.544    0.0439      O  1                969.049A    32.948    0.0011
He 1                4713.14A    33.541    0.0044      Fe 2                4305.90A    34.206    0.0202      O  1                946.387A    32.925    0.0011
Blnd                4713.17A    33.797    0.0079      Fe 2                4084.33A    33.338    0.0027      O  1                934.501A    32.902    0.0010
He 1                4471.69A    33.749    0.0070      Fe 2                4033.98A    32.933    0.0011      Si 2                1179.59A    33.123    0.0017
He 1                4471.49A    34.226    0.0211      Fe 2                3504.51A    33.413    0.0033      Ti 2                3364.74A    34.576    0.0473
He 1                4471.47A    34.448    0.0352      Fe 2                3504.02A    33.563    0.0046      Ti 2                3237.15A    34.327    0.0267
Blnd                4471.50A    34.703    0.0634      Fe 2                3501.63A    33.834    0.0086      Cr 2                2059.78A    33.822    0.0083
He 1                4120.81A    33.081    0.0015      Fe 2                3489.99A    32.996    0.0012      Ni 2                1751.83A    32.957    0.0011
Blnd                4120.84A    33.336    0.0027      Fe 2                2.06648m    33.365    0.0029      Ni 2                1744.24A    33.132    0.0017
He 1                4026.36A    33.425    0.0033      Fe 2                1.89541m    34.719    0.0658      hyperfine structure.............................
He 1                4026.20A    33.902    0.0100      Fe 2                1.79711m    35.327    0.2664      inner shell.....................................
He 1                4026.19A    34.124    0.0167      Fe 2                1.74494m    35.045    0.1393      molecules.......................................
Blnd                4026.21A    34.379    0.0301      Fe 2                9652.70A    34.281    0.0240      bands...........................................
Blnd                3867.49A    32.953    0.0011      Fe 2                9470.94A    34.835    0.0859      Fe 2b               2500.00A    35.957    1.1364
He 1                3819.76A    33.163    0.0018      Fe 2                9267.56A    35.104    0.1597      Fe 2b               5000.00A    36.436    3.4286
He 1                3819.61A    33.640    0.0055      Fe 2                6558.51A    34.286    0.0243      Fe 2b               7000.00A    36.218    2.0766
He 1                3819.60A    33.862    0.0091      Fe 2                5745.71A    33.770    0.0074      Fe 2b               10000.0A    36.830    8.4815
Blnd                3819.62A    34.117    0.0164      Fe 2                5495.84A    34.343    0.0276      Fe 2b               2355.00A    35.524    0.4193
He 1                3704.90A    33.224    0.0021      Fe 2                5376.47A    34.929    0.1068      Fe 2b               2430.00A    35.903    1.0043
He 1                3704.76A    33.701    0.0063      Fe 2                5347.66A    33.788    0.0077      Fe 2b               2445.00A    35.903    1.0055
He 1                3704.75A    33.923    0.0105      Fe 2                5181.96A    34.104    0.0160      Fe 2b               2495.00A    34.129    0.0169
Blnd                3704.77A    34.178    0.0189      Fe 2                5076.57A    34.037    0.0137      Fe 2b               2610.00A    35.657    0.5698
He 1                3634.21A    33.061    0.0014      Fe 2                5043.53A    34.225    0.0211      Fe 2b               2695.00A    33.889    0.0097
He 1                3634.08A    33.538    0.0043      Fe 2                5020.24A    34.411    0.0324      Fe 2b               2758.00A    34.932    0.1075
He 1                3634.07A    33.760    0.0072      Fe 2                4372.43A    34.269    0.0234      Fe 2b               2780.00A    34.974    0.1182
Blnd                3634.09A    34.016    0.0130      Fe 2                4358.37A    34.523    0.0419      Fe 2b               2935.00A    33.970    0.0117
He 1                3587.29A    32.919    0.0010      Fe 2                4080.00A    33.550    0.0045      Fe 2b               2960.00A    33.943    0.0110
He 1                3587.16A    33.396    0.0031      Fe 2                3539.19A    33.709    0.0064      Fe 2b               3180.00A    34.064    0.0146
He 1                3587.15A    33.618    0.0052      Fe 2                3538.69A    33.422    0.0033      Fe 2b               3250.00A    34.561    0.0457
Blnd                3587.17A    33.873    0.0094      Fe 2                3536.25A    33.131    0.0017      Fe 2b               3590.00A    34.647    0.0557
He 1                3554.34A    33.269    0.0023      Fe 2                22.8961m    33.125    0.0017      Fe 2b               3910.00A    33.668    0.0058
He 1                3554.33A    33.491    0.0039      Fe 2                7764.71A    33.125    0.0017      Fe 2b               4255.00A    35.849    0.8870
Blnd                3554.35A    33.746    0.0070      Fe 2                6809.24A    32.943    0.0011      Fe 2b               4558.00A    35.145    0.1753
He 1                3530.43A    33.153    0.0018      Fe 2                5163.96A    34.154    0.0179      Fe 2b               4600.00A    35.212    0.2048
He 1                3530.43A    33.375    0.0030      Fe 2                4157.92A    33.270    0.0023      Fe 2b               4743.00A    34.739    0.0688
Blnd                3530.44A    33.630    0.0054      Fe 2                3277.35A    33.419    0.0033      Fe 2b               4855.00A    35.197    0.1977
He 1                3512.47A    33.048    0.0014      Fe 2                2926.59A    33.705    0.0064      Fe 2b               4920.00A    35.732    0.6776
He 1                3512.46A    33.270    0.0023      Fe 2                2755.74A    34.464    0.0366      Fe 2b               4975.00A    35.272    0.2347
Blnd                3512.48A    33.525    0.0042      Fe 2                2739.55A    34.351    0.0282      Fe 2b               4971.00A    35.204    0.2007
He 1                3498.61A    32.951    0.0011      Fe 2                2716.70A    33.889    0.0097      Fe 2b               5070.00A    35.226    0.2112
He 1                3498.60A    33.173    0.0019      Fe 2                1.00287m    34.130    0.0169      Fe 2b               5143.00A    35.678    0.5989
Blnd                3498.62A    33.428    0.0034      Fe 2                5746.98A    33.942    0.0110      Fe 2b               5270.00A    36.044    1.3899
He 1                3487.69A    33.083    0.0015      Fe 2                5283.12A    33.546    0.0044      Fe 2b               5318.00A    35.799    0.7899
Blnd                3487.70A    33.339    0.0027      Fe 2                5199.18A    33.573    0.0047      Fe 2b               5540.00A    35.225    0.2109
He 1                3478.93A    33.000    0.0013      Fe 2                2953.77A    33.339    0.0027      Fe 2b               5865.00A    34.610    0.0512
Blnd                3478.95A    33.255    0.0023      Fe 2                2772.73A    34.331    0.0269      Fe 2b               6265.00A    34.265    0.0231
He 1                3471.80A    32.922    0.0011      Fe 2                2749.32A    33.940    0.0109      Fe 2b               6565.00A    34.756    0.0717
Blnd                3471.81A    33.178    0.0019      Fe 2                9795.19A    33.347    0.0028      Fe 2b               6910.00A    34.584    0.0482
Blnd                3465.92A    33.105    0.0016      Fe 2                5477.25A    33.493    0.0039      Fe 2b               7445.00A    36.188    1.9351
Blnd                3461.00A    33.038    0.0014      Fe 2                5278.38A    33.375    0.0030      Fe 2b               8625.00A    36.102    1.5901
Blnd                3456.85A    32.975    0.0012      Fe 2                2970.52A    32.947    0.0011      Fe 2b               1.03250m    35.181    0.1904
Blnd                3453.31A    32.917    0.0010      Fe 2                5901.28A    32.992    0.0012      Fe 2b               1.88900m    36.133    1.7047
Blnd                3441.57A    32.910    0.0010      Fe 2                5527.62A    32.936    0.0011      Fe 2b               2.20000m    34.824    0.0838
He 1                3439.99A    32.999    0.0013      Fe 2                2.04602m    34.190    0.0195      miscellaneous...................................
He 1                3439.98A    33.221    0.0021      Fe 2                1.41956m    33.737    0.0068      C 1R                1656.00A    33.311    0.0026
Blnd                3440.00A    33.476    0.0038      Fe 2                1.09108m    33.011    0.0013      C 2R                1335.00A    34.470    0.0370
He 1                7281.35A    33.972    0.0118      Fe 2                8119.18A    32.920    0.0010      Blnd                1650.00A    35.411    0.3237
He 1                6678.15A    34.575    0.0472      Fe 2                5588.16A    32.984    0.0012      Blnd                1304.00A    33.601    0.0050
He 1                5047.74A    33.325    0.0027      Fe 2                5580.82A    33.394    0.0031      Blnd                1039.00A    32.979    0.0012
He 1                4921.93A    34.130    0.0169      Fe 2                5551.32A    33.518    0.0041      Blnd                2798.00A    36.552    4.4725
He 1                4437.55A    32.920    0.0010      Fe 2                3196.07A    33.002    0.0013      Blnd                6720.00A    35.781    0.7584
He 1                4387.93A    33.805    0.0080      Fe 2                2.13278m    33.935    0.0108      Blnd                4074.00A    35.983    1.2064
He 1                4143.76A    33.544    0.0044      Fe 2                1.46079m    33.190    0.0019      Blnd                1.03300m    35.886    0.9658
He 1                4009.05A    33.543    0.0044      Fe 2                1.30943m    33.356    0.0029      Blnd                1256.00A    33.242    0.0022
He 1                3926.41A    33.378    0.0030      Fe 2                5650.95A    33.006    0.0013      Blnd                1720.00A    33.065    0.0015
He 1                3871.69A    33.234    0.0022      Fe 2                5649.67A    33.038    0.0014      Blnd                3722.00A    33.769    0.0074
He 1                3833.48A    33.106    0.0016      Fe 2                5613.27A    33.302    0.0025      Blnd                5892.00A    33.252    0.0022
He 1                3805.69A    32.990    0.0012      Fe 2                2.24366m    33.597    0.0050      Blnd                2665.00A    35.128    0.1687
He 1                4.29471m    33.340    0.0027      Fe 2                2.00672m    34.246    0.0221      Blnd                1860.00A    33.263    0.0023
He 1                1.25275m    33.299    0.0025      Fe 2                1.35041m    32.945    0.0011      Blnd                2335.00A    35.343    0.2764
He 1                9463.58A    33.171    0.0019      Fe 2                5718.22A    33.126    0.0017      Blnd                1888.00A    34.071    0.0148
He 1                8361.73A    32.972    0.0012      Fe 2                2.22379m    34.641    0.0549      Blnd                3350.00A    32.972    0.0012
He 1                2.11202m    32.995    0.0012      Fe 2                2.01513m    34.526    0.0422      Blnd                5525.00A    33.256    0.0023
He 1                1.70025m    33.567    0.0046      Fe 2                9682.08A    34.247    0.0222      Blnd                8579.00A    35.521    0.4172
He 1                1.19691m    33.396    0.0031      Fe 2                9513.85A    33.764    0.0073      Blnd                7306.00A    36.387    3.0590
He 1                1.03113m    33.190    0.0019      Fe 2                8715.81A    33.712    0.0065      Blnd                3933.00A    35.562    0.4582
He 1                9515.00A    33.304    0.0025      Fe 2                6873.84A    33.932    0.0107      Blnd                1657.00A    33.306    0.0025
He 1                9062.34A    33.157    0.0018      Fe 2                6700.65A    33.076    0.0015      Blnd                9850.00A    35.048    0.1403
He 1                8776.09A    33.024    0.0013      Fe 2                6261.12A    33.004    0.0013      Blnd                2326.00A    35.780    0.7573
He 1                8582.19A    32.904    0.0010      Fe 2                6188.55A    33.960    0.0115      Blnd                1335.00A    34.182    0.0191
He 1                1.95431m    33.067    0.0015      Fe 2                5870.02A    33.223    0.0021      Blnd                1909.00A    34.820    0.0830
He 1                1.86854m    34.189    0.0194      Fe 2                5673.20A    33.003    0.0013      Blnd                3467.00A    34.061    0.0145
He 1                1.27849m    33.852    0.0089      Fe 2                4898.61A    33.340    0.0027      Blnd                5199.00A    34.527    0.0423
He 1                1.09130m    33.577    0.0047      Fe 2                2.25348m    34.009    0.0128      Blnd                1.04030m    34.832    0.0853
He 1                1.00275m    33.375    0.0030      Fe 2                1.02005m    33.033    0.0014      Blnd                1085.00A    33.450    0.0035
He 1                9526.01A    33.204    0.0020      Fe 2                1.00139m    33.913    0.0103      Blnd                2141.00A    34.542    0.0438
He 1                9210.23A    33.055    0.0014      Fe 2                9133.66A    32.964    0.0012      Blnd                6300.00A    36.073    1.4870
He 1                8996.90A    32.924    0.0011      Fe 2                8885.67A    33.480    0.0038      Blnd                2471.00A    35.529    0.4246
He 1                1.86972m    33.702    0.0063      Fe 2                7131.14A    32.958    0.0011      Blnd                7323.00A    35.381    0.3022
He 1                1.27905m    33.369    0.0029      Fe 2                6944.91A    33.504    0.0040      Blnd                7332.00A    35.297    0.2490
He 1                1.09171m    33.098    0.0016      Fe 2                6473.88A    33.741    0.0069      Blnd                3727.00A    35.719    0.6571
He 1                1.90894m    33.109    0.0016      Fe 2                6396.33A    32.911    0.0010      Blnd                7325.00A    35.642    0.5512
He 1                1.29684m    32.920    0.0010      Fe 2                6044.10A    33.084    0.0015      Blnd                5007.00A    35.089    0.1541



 
 Cooling:  H  1c                     0  :0.090 Fe 2c                     0  :0.314 S  2c                     0  :0.055 Ca 2c                     0  :0.077 Mg 2c                     0  :0.095 N  2c                     0  :0.056  
 Heating:  BFH1                      0  :0.776 BFHe                      0  :0.199  

 These are some of the most important databases used by Cloudy:
 Many recombination coefficients were taken from http://amdpp.phys.strath.ac.uk/tamoc/RR/ and http://amdpp.phys.strath.ac.uk/tamoc/DR/
      and are based on the following papers:
        Badnell N. R., et al., A&A 406, 1151 (2003) [http://adsabs.harvard.edu/abs/2003A%26A...406.1151B]
        Badnell N. R., ApJS 167, 334 (2006) [http://adsabs.harvard.edu/abs/2006ApJS..167..334B]
 Much of the molecular emission data is from LAMDA as accessed on June 30, 2015. This database is described in:
        Schoeier F.L., et al., A&A 432, 369 (2005) [http://adsabs.harvard.edu/abs/2005A%26A...432..369S]
      This database is in part based on the work of the following groups:
        JPL: Pickett H. M. et al., JQSRT, 60, 883 (1998). [http://adsabs.harvard.edu/abs/1998JQSRT..60..883P]
        CDMS: Mueller H. S. et al., A&A 370, L49 (2001). [http://adsabs.harvard.edu/abs/2001A%26A...370L..49M]
              Mueller H. S. et al., J. Mol. Struct. 742, 215 (2005). [http://adsabs.harvard.edu/abs/2005JMoSt.742..215M]
 Some of the ionic emission data is from a reprocessed version of 10.1 of CHIANTI. CHIANTI is a collaborative project involving the NRL (USA), the
      Universities of Florence (Italy) and Cambridge (UK), and George Mason University (USA). These papers describe Chianti:
        Dere K. P., et al., A&AS, 125, 149 (1997) [http://adsabs.harvard.edu/abs/1997A%26AS..125..149D]
        Dere, K. P., et al., APJ, 268, 52 (2023) [https://ui.adsabs.harvard.edu/abs/2023ApJS..268...52D]
      This paper describes the reprocessed version of Chianti used:
        Gunasekera, C. M., et al., Astronomy, 1, 255. (2022) [https://ui.adsabs.harvard.edu/abs/2022Astro...1..255G]
 Much of the H_2 data is from this web site: http://molat.obspm.fr/index.php?page=pages/Molecules/H2/H2can94.php. These data are
      described in:
        Abgrall H. et al., Can. J. Phys., 72, 856 (1994) [http://adsabs.harvard.edu/abs/1994CaJPh..72..856A]
        Wrathmall S. A. & Flower D. R., J. Phys. B, 40, 3221 (2007) [http://adsabs.harvard.edu/abs/2007JPhB...40.3221W]
 The Case A and Case B recombination predictions for one-electron systems are from
	Storey, P.J. & Hummer, D.G., 1995, MNRAS 272, 41 http://adsabs.harvard.edu/abs/1995MNRAS.272...41S
 The He I recombination predictions are from
	Porter, R. L.; Ferland, G. J.; Storey, P. J.; Detisch, M. J., 2012, MNRAS, 425, 28p http://adsabs.harvard.edu/abs/2012MNRAS.425L..28P
		http://adsabs.harvard.edu/abs/2013MNRAS.433L..89P

 If you find some process or data set to be particularly critical to a result, please follow the trail of references back to the
 original source and cite that.  This will support and encourage atomic, molecular, and chemical physicists to continue their
 valuable work.

 IONIZE PARMET:  U(1-) -4.3012  U(4-): -5.5344  U(sp): -4.30  Q(ion):   45.532  L(ion) 35.659    Q(low): 50.213    L(low) 37.991
 ENERGY BUDGET:  Heat:  37.627  Coolg:  37.626  Error:  0.0%  Rec Lin:  36.899  F-F  H  0.000    P(rad/tot)max     6.69E-04    R(F Con):1.737e+05

     Col(Heff):      3.009E+19  snd travl time  3.84E+08 sec  Te-low: 3.97E+03  Te-hi: 9.52E+03  G0TH85: 4.65E+02  G0DB96:7.60E+02
  Emiss Measure    n(e)n(p) dl       4.885E+23  n(e)n(He+)dl         6.211E+22  En(e)n(He++) dl         2.232E+21  ne nC+:1.70E+20
 He/Ha:1.34E-01  =   1.34*true  Lthin:7.77E+01  itr/zn: 7.08  H2 itr/zn:  0.00  File Opacity: F  MassTot 8.42e+32  (gm)
   Temps(21 cm)   T(21cm/Ly a)  5.04E+03        T(<nH/Tkin>)  6.35E+03          T(<nH/Tspin>)    5.46E+03          TB21cm:6.35E-01
                   N(H0/Tspin)  3.80E+15        N(OH/Tkin)    1.41E+06          B(21cm)          0.00E+00
   <a>:4.03E-06  erdeFe0.0E+00  Tcompt7.42E+07  Tthr3.40E+08  <Tden>: 7.28E+03  <dens>:2.37E-19  <MolWgt>1.05E+00
     Mean Jeans  l(cm)9.73E+18  M(sun)5.75E+04  smallest:     len(cm):7.19E+18  M(sun):2.32E+04  a_ox tran:  0.00
 Rion:1.000E+18  Dist:0.00E+00  Diam:0.000E+00
 Hatom level 70  HatomType: add  HInducImp  F  He tot level: 63  He2 level:   70  ExecTime    58.3
 ConvrgError(%)  <eden>  0.063  MaxEden  0.624  <H-C>   0.10  Max(H-C)    0.31  <Press>   0.000  MaxPrs er  0.000
  Continuity(%)  chng Te   1.3  elec den   5.8  n(H2)    0.0  n(CO)        0.0

                                                        Averaged Quantities
             Te      Te(Ne)   Te(NeNp)  Te(NeHe+)Te(NeHe2+) Te(NeO+)  Te(NeO2+)  Te(H2)     N(H)     Ne(O2+)   Ne(Np)
 Radius:  7.28e+03  8.68e+03  9.03e+03  8.92e+03  8.97e+03  9.04e+03  9.10e+03  4.54e+03  1.00e+05  8.85e+04  6.52e+04
 
 Peimbert T(OIIIr)9.30E+03 T(Bac)8.87E+03 T(Hth)8.89E+03 t2(Hstrc) 1.43e-03 T(O3-BAC)9.02E+03 t2(O3-BC) 8.73e-03 t2(O3str) 2.04e-04
 Be careful: grains exist.  This spectrum was not corrected for reddening before analysis.

 Average Grain Properties (over radius):
        gra-ism01  * gra-ism02  * gra-ism03  * gra-ism04  * gra-ism05  * gra-ism06  * gra-ism07  * gra-ism08  * gra-ism09  * gra-ism10   
    nd:      0            1            2            3            4            5            6            7            8            9   
 <Tgr>: 8.856e+01    8.410e+01    8.112e+01    7.927e+01    7.635e+01    7.221e+01    6.739e+01    6.260e+01    5.777e+01    5.300e+01
 <Vel>: 1.671e+02    2.682e+02    4.576e+02    7.731e+02    1.004e+03    1.120e+03    1.185e+03    1.245e+03    1.260e+03    1.213e+03
 <Pot>:-1.250e+00   -1.234e+00   -1.194e+00   -1.143e+00   -1.140e+00   -1.161e+00   -1.187e+00   -1.210e+00   -1.224e+00   -1.231e+00
 <D/G>: 8.340e-05    1.014e-04    1.233e-04    1.500e-04    1.824e-04    2.218e-04    2.697e-04    3.280e-04    3.988e-04    4.850e-04

        sil-ism01  * sil-ism02  * sil-ism03  * sil-ism04  * sil-ism05  * sil-ism06  * sil-ism07  * sil-ism08  * sil-ism09    sil-ism10   
    nd:     10           11           12           13           14           15           16           17           18           19   
 <Tgr>: 7.990e+01    7.673e+01    7.443e+01    7.211e+01    6.849e+01    6.434e+01    6.018e+01    5.629e+01    5.283e+01    4.977e+01
 <Vel>: 1.773e+02    2.805e+02    4.642e+02    7.151e+02    8.278e+02    8.360e+02    8.403e+02    8.713e+02    9.149e+02    9.547e+02
 <Pot>:-1.209e+00   -1.182e+00   -1.133e+00   -1.094e+00   -1.103e+00   -1.129e+00   -1.157e+00   -1.178e+00   -1.190e+00   -1.196e+00
 <D/G>: 1.409e-04    1.714e-04    2.084e-04    2.534e-04    3.081e-04    3.747e-04    4.557e-04    5.541e-04    6.738e-04    8.194e-04
 Dust to gas ratio (by mass): 6.304e-03, A(V)/N(H)(pnt):5.396e-22, (ext):4.022e-22, R:3.429e+00 AV(ext):1.137e-02 (pnt):1.525e-02

 Contin Optical Depths: COMP: 5.87e-06    H-: 4.37e-05 R(1300): 1.39e-04  H2+: 6.13e-07  Bra:3.68E-04
                          Pa: 1.72e-03    Ba: 8.73e-03      Hb: 1.19e-02   La: 3.78e-01     1r:1.314E+02  1.8:3.71E+01 4.:7.282E+00

 Old, new H  1 continuum optical depths:
     1 1.31e+02     2 9.47e-03     3 3.90e-03     4 3.90e-03     5 3.90e-03     6 1.85e-03     7 1.85e-03     8 1.85e-03
     9 1.85e-03    10 9.04e-04    11 9.04e-04    12 9.04e-04    13 9.04e-04    14 9.04e-04    15 4.84e-04    16 4.84e-04
    17 4.84e-04    18 4.84e-04    19 4.84e-04    20 4.84e-04    21 2.92e-04    22 2.92e-04    23 2.92e-04    24 2.92e-04
    25 2.92e-04    26 2.92e-04    27 2.92e-04    28 2.02e-04    29 2.02e-04    30 2.02e-04    31 2.02e-04    32 2.02e-04
    33 2.02e-04    34 2.02e-04    35 2.02e-04    36 1.86e-04    37 1.86e-04    38 1.86e-04    39 1.86e-04    40 1.86e-04
    41 1.86e-04    42 1.86e-04    43 1.86e-04    44 1.86e-04    45 7.66e-04    46 7.66e-04    47 7.66e-04    48 7.66e-04
    49 7.66e-04    50 7.66e-04    51 7.66e-04    52 7.66e-04    53 7.66e-04    54 7.66e-04
     1 1.31e+02     2 9.50e-03     3 3.91e-03     4 3.91e-03     5 3.91e-03     6 1.85e-03     7 1.85e-03     8 1.85e-03
     9 1.85e-03    10 9.07e-04    11 9.07e-04    12 9.07e-04    13 9.07e-04    14 9.07e-04    15 4.85e-04    16 4.85e-04
    17 4.85e-04    18 4.85e-04    19 4.85e-04    20 4.85e-04    21 2.93e-04    22 2.93e-04    23 2.93e-04    24 2.93e-04
    25 2.93e-04    26 2.93e-04    27 2.93e-04    28 2.02e-04    29 2.02e-04    30 2.02e-04    31 2.02e-04    32 2.02e-04
    33 2.02e-04    34 2.02e-04    35 2.02e-04    36 1.86e-04    37 1.86e-04    38 1.86e-04    39 1.86e-04    40 1.86e-04
    41 1.86e-04    42 1.86e-04    43 1.86e-04    44 1.86e-04    45 7.68e-04    46 7.68e-04    47 7.68e-04    48 7.68e-04
    49 7.68e-04    50 7.68e-04    51 7.68e-04    52 7.68e-04    53 7.68e-04    54 7.68e-04

 Old, new H  1 mean line optical depths:
  2- 1 2.68e+06  3- 2 4.39e-04  4- 3 2.94e-09  5- 4 1.12e-09  6- 5-4.89e-10  7- 6-1.42e-09  8- 7-5.66e-12
  9- 8 5.34e-09 10- 9 1.58e-08 11-10 2.70e-07 12-11-1.04e-07 13-12-1.64e-07 14-13-2.55e-07 15-14-3.90e-07 16-15-5.98e-07
 17-16-9.28e-07 18-17-1.48e-06 19-18-2.48e-06 20-19-4.39e-06 21-20-8.49e-06 22-21-1.90e-05 23-22-5.53e-05 24-23-2.66e-04
 25-24-3.68e-03
  2- 1 2.71e+06  3- 2 4.29e-04  4- 3 2.94e-09  5- 4 1.11e-09  6- 5-5.37e-10  7- 6-1.54e-09  8- 7-2.16e-10
  9- 8 5.01e-09 10- 9 1.53e-08 11-10 2.71e-07 12-11-1.08e-07 13-12-1.71e-07 14-13-2.66e-07 15-14-4.08e-07 16-15-6.27e-07
 17-16-9.74e-07 18-17-1.55e-06 19-18-2.59e-06 20-19-4.56e-06 21-20-8.77e-06 22-21-1.95e-05 23-22-5.65e-05 24-23-2.70e-04
 25-24-3.70e-03

 Old, new He 2 continuum optical depths:
     1 7.26e+00     2 1.30e+02     3 2.07e-02     4 2.07e-02     5 2.07e-02     6 9.47e-03     7 9.47e-03     8 9.47e-03
     9 9.47e-03    10 5.98e-03    11 5.98e-03    12 5.98e-03    13 5.98e-03    14 5.98e-03    15 3.90e-03    16 3.90e-03
    17 3.90e-03    18 3.90e-03    19 3.90e-03    20 3.90e-03    21 2.65e-03    22 2.65e-03    23 2.65e-03    24 2.65e-03
    25 2.65e-03    26 2.65e-03    27 2.65e-03    28 1.85e-03    29 1.85e-03    30 1.85e-03    31 1.85e-03    32 1.85e-03
    33 1.85e-03    34 1.85e-03    35 1.85e-03    36 1.28e-03    37 1.28e-03    38 1.28e-03    39 1.28e-03    40 1.28e-03
    41 1.28e-03    42 1.28e-03    43 1.28e-03    44 1.28e-03    45 9.04e-04    46 9.04e-04    47 9.04e-04    48 9.04e-04
    49 9.04e-04    50 9.04e-04    51 9.04e-04    52 9.04e-04    53 9.04e-04    54 9.04e-04
     1 7.28e+00     2 1.31e+02     3 2.08e-02     4 2.08e-02     5 2.08e-02     6 9.50e-03     7 9.50e-03     8 9.50e-03
     9 9.50e-03    10 5.99e-03    11 5.99e-03    12 5.99e-03    13 5.99e-03    14 5.99e-03    15 3.91e-03    16 3.91e-03
    17 3.91e-03    18 3.91e-03    19 3.91e-03    20 3.91e-03    21 2.66e-03    22 2.66e-03    23 2.66e-03    24 2.66e-03
    25 2.66e-03    26 2.66e-03    27 2.66e-03    28 1.85e-03    29 1.85e-03    30 1.85e-03    31 1.85e-03    32 1.85e-03
    33 1.85e-03    34 1.85e-03    35 1.85e-03    36 1.29e-03    37 1.29e-03    38 1.29e-03    39 1.29e-03    40 1.29e-03
    41 1.29e-03    42 1.29e-03    43 1.29e-03    44 1.29e-03    45 9.07e-04    46 9.07e-04    47 9.07e-04    48 9.07e-04
    49 9.07e-04    50 9.07e-04    51 9.07e-04    52 9.07e-04    53 9.07e-04    54 9.07e-04

 Old, new He 2 mean line optical depths:
  2- 1 7.14e+04  3- 2 6.17e-07  4- 3 1.31e-12  5- 4-2.53e-12  6- 5-3.04e-12  7- 6-1.32e-11  8- 7-1.42e-11
  9- 8-6.88e-12 10- 9 1.02e-11 11-10 6.76e-10 12-11-3.16e-10 13-12-5.02e-10 14-13-7.88e-10 15-14-1.20e-09 16-15-1.80e-09
 17-16-2.71e-09 18-17-4.11e-09 19-18-6.29e-09 20-19-1.04e-08 21-20-1.80e-08 22-21-3.43e-08 23-22-7.70e-08 24-23-2.36e-07
 25-24-8.39e-06
  2- 1 7.14e+04  3- 2 6.22e-07  4- 3 1.32e-12  5- 4-2.54e-12  6- 5-3.21e-12  7- 6-1.36e-11  8- 7-1.49e-11
  9- 8-7.89e-12 10- 9 8.80e-12 11-10 6.78e-10 12-11-3.28e-10 13-12-5.23e-10 14-13-8.24e-10 15-14-1.26e-09 16-15-1.90e-09
 17-16-2.86e-09 18-17-4.34e-09 19-18-6.63e-09 20-19-1.09e-08 21-20-1.88e-08 22-21-3.58e-08 23-22-7.99e-08 24-23-2.44e-07
 25-24-8.53e-06

 Old He Is optical depths:    1 3.70e+01    2 1.35e-02    3 1.09e-02    4 1.00e-02    5 1.00e-02
 New He Is optical depths:    1 3.71e+01    2 1.35e-02    3 1.09e-02    4 1.00e-02    5 1.00e-02
          Old He Is Lines:  584 1.30e+05 3889 9.28e-01 5016 9.04e-05 5876 7.76e-08
          New He Is Lines:  584 1.31e+05 3889 9.31e-01 5016 9.17e-05 5876 8.43e-08

==== H      compounds ====           Log10 column densities [cm^-2]
   H2        : 12.600   H2*       : 12.101   H2+       : 10.942   H3+       :  5.442
==== He     compounds ====
   HeH+      : 11.466
==== Li     compounds ====
   LiH       :  2.077   LiH+      :  1.613
==== C      compounds ====
   CH        :  7.800   CH+       :  7.708   CH2       :  1.907   CH2+      :  1.548   CH3       : -4.097   CH3+      : -4.935
   CH4       :-10.008   CH4+      :-11.972   CH5+      :-17.885   C2        :  2.103   C2+       :  3.250   C2H       : -3.557
   C2H+      : -2.550   C2H2      :-10.765   C2H2+     : -8.037   C2H3+     :-14.061   C3        :-12.298   C3+       : -7.462
   C3H       :-16.049   C3H+      :-13.158
==== N      compounds ====
   NH        :  8.863   NH+       :  8.132   NH2       :  1.877   NH2+      :  1.596   NH3       : -4.016   NH3+      : -5.155
   NH4+      :-14.212   CN        :  5.930   CN+       :  4.562   HCN       :  0.337   HCN+      : -0.635   HNC       : -2.224
   HCNH+     : -7.009   HC3N      :-22.136   N2        :  5.507   N2+       :  4.480   N2H+      : -7.530
==== O      compounds ====
   OH        :  9.819   OH+       :  9.128   OHgrn     : -4.384   H2O       :  3.557   H2O+      :  2.771   H2Ogrn    : -6.823
   H3O+      : -3.740   CO        :  8.140   CO+       :  5.994   COgrn     : -6.335   HCO+      :  0.501   H2CO      : -7.434
   NO        :  5.744   NO+       :  4.434   HNO       : -0.731   HNO+      : -2.223   OCN       : -3.473   OCN+      : -3.249
   N2O       : -4.718   O2        :  5.622   O2+       :  5.718   NO2       : -4.928   NO2+      : -5.175
==== F      compounds ====
   HF        :  6.475   HF+       :  4.100   H2F+      : -2.467   CF+       :  3.903
==== Ne     compounds ====
   NeH+      :  6.787
==== Si     compounds ====
   SiH       :  0.156   SiH2      :-35.930   SiH2+     : -0.958   SiC       :-35.930   SiC+      :  6.880   SiCH2+    :-35.930
   SiC2      :-35.930   SiC2+     :-14.803   SiN       : -3.667   SiN+      :  4.118   SiNC      :-35.930   SiNC+     : -7.876
   SiO       :  2.398   SiO+      :  4.951   SiOH+     : -1.563
==== P      compounds ====
   PH        : -3.625   PH+       : -4.120   PH2       :-19.012   PH2+      : -4.074   PH3       :-18.512   PH3+      :-19.593
   CP        : -3.476   CP+       : -4.946   HCP       :-35.930   HCP+      :-12.036   PN        : -2.129   PN+       : -4.552
   PO        :  0.347   PO+       :  2.267
==== S      compounds ====
   HS        :  5.688   HS+       :  5.962   CS        :  0.307   CS+       :  2.142   HCS+      : -3.399   NS        :  1.975
   NS+       :  3.639   SO        :  2.864   SO+       :  4.650   OCS       : -7.369   OCS+      : -8.867   SO2       :-35.930
   SiS       : -2.063   SiS+      : -4.630   HSiS      :-35.930   HSiS+     : -8.231   S2        : -5.291   S2+       : -6.684
==== Cl     compounds ====
   HCl       :  2.430   HCl+      :  5.521   H2Cl+     : -0.614   CCl       :-23.074   CCl+      : -2.058   H2CCl+    :-24.965
   ClO       :-26.912   ClO+      :-30.643
==== Ar     compounds ====
   ArH+      :  7.894


               1      2      3      4      5      6      7      8      9     10     11     12     13     14     15     16     17

 Hydrogen   19.318 18.875 12.720 (H2)                Log10 Column density (cm^-2)
 Helium     18.190 18.093 16.599
 Lithium     8.682 10.757  5.780-30.000
 Beryllium   8.090  8.758  7.678  2.823-30.000
 Boron       8.132 10.229  8.549  7.215-30.000-30.000
 Carbon     14.410 15.789 14.709 10.972-30.000-30.000-30.000
 Nitrogen   15.198 14.915 12.810  9.538-30.000-30.000-30.000-30.000
 Oxygen     16.021 15.520 13.548 10.096-30.000-30.000-30.000-30.000-30.000
 Fluorine   11.286 11.685 11.248  6.911-30.000-30.000-30.000-30.000-30.000-30.000
 Neon       14.672 15.180 14.926 10.748-30.000-30.000-30.000-30.000-30.000-30.000-30.000
 Sodium     11.728 13.601 13.302  9.214-30.000-30.000-30.000-30.000-30.000-30.000-30.000-30.000
 Magnesium  13.340 14.851 14.396  9.611-30.000-30.000-30.000-30.000-30.000-30.000-30.000-30.000-30.000
 Aluminium  10.602 13.897 12.469 12.179-30.000-30.000-30.000-30.000-30.000-30.000-30.000-30.000-30.000-30.000
 Silicon    12.243 14.986 13.021 10.277-30.000-30.000-30.000-30.000-30.000-30.000-30.000-30.000-30.000-30.000-30.000
 Phosphorus  9.671 12.946 11.317  8.871-30.000-30.000-30.000-30.000-30.000-30.000-30.000-30.000-30.000-30.000-30.000-30.000
 Sulphur    13.023 14.676 13.546 10.070-30.000-30.000-30.000-30.000-30.000-30.000-30.000-30.000-30.000-30.000-30.000-30.000-30.000
 Chlorine    9.987 12.701 11.569  8.146-30.000-30.000-30.000-30.000-30.000-30.000-30.000-30.000-30.000-30.000-30.000-30.000-30.000
-30.000
 Argon      13.462 13.291 13.351  9.500-30.000-30.000-30.000-30.000-30.000-30.000-30.000-30.000-30.000-30.000-30.000-30.000-30.000
-30.000-30.000
 Potassium  10.054 12.519 11.621  7.687-30.000-30.000-30.000-30.000-30.000-30.000-30.000-30.000-30.000-30.000-30.000-30.000-30.000
-30.000-30.000-30.000
 Calcium    11.560 13.603 13.385 10.594  6.100-30.000-30.000-30.000-30.000-30.000-30.000-30.000-30.000-30.000-30.000-30.000-30.000
-30.000-30.000-30.000-30.000
 Scandium    8.041 10.401 10.153  9.362  5.949-30.000-30.000-30.000-30.000-30.000-30.000-30.000-30.000-30.000-30.000-30.000-30.000
-30.000-30.000-30.000-30.000-30.000
 Titanium    8.587 12.395 11.680  9.719  8.675-30.000-30.000-30.000-30.000-30.000-30.000-30.000-30.000-30.000-30.000-30.000-30.000
-30.000-30.000-30.000-30.000-30.000-30.000
 Vanadium    9.756 11.310 10.860  8.102  7.307-30.000-30.000-30.000-30.000-30.000-30.000-30.000-30.000-30.000-30.000-30.000-30.000
-30.000-30.000-30.000-30.000-30.000-30.000-30.000
 Chromium   10.575 13.067 12.180  9.327  7.908-30.000-30.000-30.000-30.000-30.000-30.000-30.000-30.000-30.000-30.000-30.000-30.000
-30.000-30.000-30.000-30.000-30.000-30.000-30.000-30.000
 Manganese   9.128 12.868 11.880  8.973  7.735-30.000-30.000-30.000-30.000-30.000-30.000-30.000-30.000-30.000-30.000-30.000-30.000
-30.000-30.000-30.000-30.000-30.000-30.000-30.000-30.000-30.000
 Iron       10.940 14.879 13.601 11.426  8.485-30.000-30.000-30.000-30.000-30.000-30.000-30.000-30.000-30.000-30.000-30.000-30.000
-30.000-30.000-30.000-30.000-30.000-30.000-30.000-30.000-30.000-30.000
 Cobalt     11.134 12.343 10.049  7.918  6.018-30.000-30.000-30.000-30.000-30.000-30.000-30.000-30.000-30.000-30.000-30.000-30.000
-30.000-30.000-30.000-30.000-30.000-30.000-30.000-30.000-30.000-30.000-30.000
 Nickel     10.184 13.700 11.343  8.673  6.069-30.000-30.000-30.000-30.000-30.000-30.000-30.000-30.000-30.000-30.000-30.000-30.000
-30.000-30.000-30.000-30.000-30.000-30.000-30.000-30.000-30.000-30.000-30.000-30.000
 Copper     10.136 11.557 10.924  8.031  4.548-30.000-30.000-30.000-30.000-30.000-30.000-30.000-30.000-30.000-30.000-30.000-30.000
-30.000-30.000-30.000-30.000-30.000-30.000-30.000-30.000-30.000-30.000-30.000-30.000-30.000
 Zinc       10.293 11.664 11.736 10.989  9.353  4.538-30.000-30.000-30.000-30.000-30.000-30.000-30.000-30.000-30.000-30.000-30.000
-30.000-30.000-30.000-30.000-30.000-30.000-30.000-30.000-30.000-30.000-30.000-30.000-30.000-30.000
 Exc state                  He[2] 12.910                 C+[2] 15.611                  C[1] 13.430                  C[2] 13.907
                             C[3] 14.127                  O[1] 15.833                  O[2] 15.427                  O[3] 15.007
                           Si+[1] 14.560                C+2[2]  9.965                C+2[3]  6.508                C+2[4] 10.532


 Hydrogen   -0.134 -0.577 -6.431 (H2)                 Log10 Mean Ionisation (over radius)
 Helium     -0.262 -0.358 -1.852
 Lithium    -2.079 -0.004 -4.981
 Beryllium  -0.781 -0.113 -1.193 -6.048
 Boron      -2.110 -0.013 -1.693 -3.026
 Carbon     -1.431 -0.051 -1.131 -4.869
 Nitrogen   -0.184 -0.466 -2.571 -5.843
 Oxygen     -0.120 -0.622 -2.593 -6.045
 Fluorine   -0.645 -0.247 -0.684 -5.021
 Neon       -0.780 -0.271 -0.526 -4.704
 Sodium     -2.054 -0.181 -0.479 -4.568
 Magnesium  -1.652 -0.140 -0.596 -5.381
 Aluminium  -3.319 -0.024 -1.452 -1.743
 Silicon    -2.749 -0.005 -1.970 -4.715
 Phosphorus -3.285 -0.010 -1.639 -4.085
 Sulphur    -1.693 -0.040 -1.170 -4.647
 Chlorine   -2.745 -0.032 -1.163 -4.586
 Argon      -0.389 -0.560 -0.500 -4.351
 Potassium  -2.517 -0.053 -0.951 -4.884
 Calcium    -2.251 -0.208 -0.426 -3.217 -7.711
 Scandium   -2.581 -0.220 -0.468 -1.259 -4.672
 Titanium   -3.886 -0.077 -0.793 -2.753 -3.797
 Vanadium   -1.695 -0.141 -0.591 -3.350 -4.144
 Chromium   -2.546 -0.054 -0.941 -3.795 -5.214
 Manganese  -3.782 -0.043 -1.030 -3.937 -5.176
 Iron       -3.962 -0.023 -1.300 -3.476 -6.417
 Cobalt     -1.237 -0.028 -2.323 -4.453 -6.354
 Nickel     -3.517 -0.002 -2.358 -5.028 -7.632
 Copper     -1.525 -0.104 -0.737 -3.630 -7.113
 Zinc       -1.758 -0.387 -0.315 -1.062 -2.698 -7.513

               1      2      3      4      5      6      7      8      9     10     11     12     13     14     15     16     17

 Hydrogen   -0.350 -0.257 -7.405 (H2)         Log10 Mean Ionisation (over radius*electron density)
 Helium     -0.566 -0.153 -1.597
 Lithium    -2.101 -0.003 -4.628
 Beryllium  -0.530 -0.240 -0.885 -6.257
 Boron      -1.853 -0.032 -1.272 -2.596
 Carbon     -1.283 -0.106 -0.786 -4.420
 Nitrogen   -0.487 -0.176 -2.121 -5.371
 Oxygen     -0.317 -0.292 -2.141 -5.571
 Fluorine   -1.150 -0.230 -0.468 -4.598
 Neon       -1.288 -0.281 -0.371 -4.296
 Sodium     -2.664 -0.227 -0.393 -4.194
 Magnesium  -1.604 -0.197 -0.469 -5.001
 Aluminium  -3.325 -0.023 -1.393 -1.973
 Silicon    -2.568 -0.014 -1.545 -4.278
 Phosphorus -3.385 -0.021 -1.328 -3.652
 Sulphur    -1.533 -0.082 -0.847 -4.193
 Chlorine   -2.851 -0.062 -0.879 -4.139
 Argon      -0.914 -0.562 -0.219 -3.914
 Potassium  -3.174 -0.089 -0.733 -4.450
 Calcium    -2.304 -0.198 -0.445 -2.819 -7.229
 Scandium   -2.763 -0.390 -0.343 -0.864 -4.233
 Titanium   -4.106 -0.163 -0.513 -2.302 -3.687
 Vanadium   -2.038 -0.282 -0.331 -2.899 -3.743
 Chromium   -2.463 -0.150 -0.539 -3.334 -4.791
 Manganese  -4.004 -0.118 -0.624 -3.475 -4.751
 Iron       -4.073 -0.062 -0.882 -3.010 -5.945
 Cobalt     -1.296 -0.029 -1.877 -3.993 -5.886
 Nickel     -3.646 -0.005 -1.913 -4.564 -7.150
 Copper     -1.567 -0.259 -0.375 -3.173 -6.636
 Zinc       -1.811 -0.614 -0.246 -0.772 -2.347 -7.036

               1      2      3      4      5      6      7      8      9     10     11     12     13     14     15     16     17

 Hydrogen    3.830  3.942  3.657 (H2)                  Log10 Mean Temperature (over radius)
 Helium      3.807  3.920  3.932
 Lithium     3.869  3.862  3.937
 Beryllium   3.935  3.838  3.934  3.819
 Boron       3.928  3.859  3.957  3.958
 Carbon      3.913  3.852  3.947  3.959
 Nitrogen    3.815  3.940  3.959  3.959
 Oxygen      3.833  3.943  3.959  3.959
 Fluorine    3.768  3.872  3.924  3.956
 Neon        3.763  3.862  3.909  3.953
 Sodium      3.745  3.850  3.889  3.944
 Magnesium   3.883  3.849  3.897  3.945
 Aluminium   3.863  3.863  3.866  3.810
 Silicon     3.904  3.861  3.957  3.952
 Phosphorus  3.837  3.860  3.936  3.958
 Sulphur     3.914  3.855  3.937  3.959
 Chlorine    3.840  3.857  3.930  3.958
 Argon       3.780  3.876  3.940  3.958
 Potassium   3.735  3.855  3.915  3.957
 Calcium     3.871  3.871  3.847  3.949  3.959
 Scandium    3.851  3.837  3.889  3.951  3.957
 Titanium    3.817  3.848  3.930  3.958  3.883
 Vanadium    3.817  3.838  3.927  3.959  3.950
 Chromium    3.899  3.848  3.956  3.959  3.951
 Manganese   3.816  3.851  3.955  3.959  3.951
 Iron        3.837  3.857  3.956  3.959  3.960
 Cobalt      3.866  3.861  3.958  3.957  3.959
 Nickel      3.831  3.862  3.958  3.958  3.959
 Copper      3.880  3.839  3.946  3.959  3.959
 Zinc        3.869  3.817  3.883  3.933  3.945  3.959

               1      2      3      4      5      6      7      8      9     10     11     12     13     14     15     16     17

 Hydrogen    3.916  3.956  3.702 (H2)          Log10 Mean Temperature (over radius*electron density)
 Helium      3.905  3.950  3.953
 Lithium     3.935  3.938  3.956
 Beryllium   3.953  3.927  3.955  3.919
 Boron       3.954  3.937  3.959  3.959
 Carbon      3.947  3.934  3.957  3.959
 Nitrogen    3.903  3.954  3.959  3.959
 Oxygen      3.919  3.956  3.959  3.959
 Fluorine    3.869  3.939  3.951  3.959
 Neon        3.870  3.937  3.947  3.958
 Sodium      3.845  3.935  3.944  3.957
 Magnesium   3.941  3.934  3.946  3.957
 Aluminium   3.938  3.938  3.943  3.917
 Silicon     3.950  3.938  3.959  3.959
 Phosphorus  3.931  3.938  3.955  3.959
 Sulphur     3.948  3.935  3.956  3.959
 Chlorine    3.929  3.936  3.954  3.959
 Argon       3.857  3.937  3.954  3.959
 Potassium   3.833  3.935  3.951  3.959
 Calcium     3.931  3.939  3.938  3.958  3.959
 Scandium    3.916  3.922  3.947  3.958  3.959
 Titanium    3.918  3.931  3.954  3.959  3.946
 Vanadium    3.893  3.926  3.953  3.959  3.958
 Chromium    3.943  3.930  3.958  3.959  3.958
 Manganese   3.918  3.932  3.958  3.959  3.958
 Iron        3.930  3.935  3.959  3.959  3.960
 Cobalt      3.931  3.938  3.959  3.959  3.959
 Nickel      3.928  3.938  3.959  3.959  3.959
 Copper      3.932  3.924  3.957  3.959  3.959
 Zinc        3.932  3.916  3.943  3.955  3.957  3.959

               1      2      3      4      5      6      7      8      9     10     11     12     13     14     15     16     17


---------------Convergence statistics---------------
       4.7 mean iterations/state convergence
      2.77 mean cx acceleration loops/iteration
      1.23 mean iso convergence loops/ion solve
      1.01 mean steps/chemistry solve
         1 mean step length searches/chemistry step
----------------------------------------------------

 Cloudy ends: 119 zones, 2 iterations. (single thread) ExecTime(s) 58.32
 [Stop in cdMain at maincl.cpp:590, Cloudy exited OK]
